time,temp,voltage,current,power
1777636898.0300164,0,0,0,0
1777636900.2209606,0,0,0,0
1777636900.7843418,33.8,3.4,0.0,0.0
1777636901.3450022,33.8,3.4,0.0,0.0
1777636901.9966748,33.8,3.4,0.0,0.0
1777636902.8686845,33.3,3.4,0.0,0.0
1777636903.7202604,33.3,3.4,0.0,0.0
1777636904.568181,33.3,3.4,0.0,0.0
1777636905.4378526,33.3,3.4,0.0,0.0
1777636906.2892063,33.3,3.4,0.0,0.0
1777636907.134728,33.3,3.4,0.0,0.0
1777636908.0085201,33.3,3.4,0.0,0.0
1777636908.8558912,33.3,3.4,0.0,0.0
1777636909.7041745,33.3,3.4,0.0,0.0
1777636910.5791984,33.3,3.4,0.0,0.0
1777636911.427631,33.3,3.4,0.0,0.0
1777636912.2755392,33.3,3.4,0.0,0.0
1777636913.1459947,33.3,3.4,0.0,0.0
1777636913.993486,33.3,3.4,0.0,0.0
1777636914.8444486,33.3,3.4,0.0,0.0
1777636915.7174706,33.3,3.4,0.0,0.0
1777636916.5654707,33.3,3.4,0.0,0.0
1777636917.4108603,33.3,3.4,0.0,0.0
1777636918.284551,33.3,3.4,0.0,0.0
1777636919.1315296,33.3,3.4,0.0,0.0
1777636919.9796672,33.3,3.4,0.0,0.0
1777636920.8535907,33.3,3.4,0.0,0.0
1777636921.7035825,33.3,3.4,0.0,0.0
1777636922.548702,33.3,3.4,0.0,0.0
1777636923.4250169,33.3,3.4,0.0,0.0
1777636924.269614,33.3,3.4,0.0,0.0
1777636925.1180186,33.3,3.4,0.0,0.0
1777636925.9904017,33.3,3.4,0.0,0.0
1777636926.840256,33.3,3.4,0.14,1.02
1777636927.6872222,33.3,3.4,0.26,1.02
1777636928.5612996,33.5,3.4,0.34,1.02
1777636929.4083538,33.5,3.4,0.41,1.02
1777636930.2574058,33.5,3.4,0.47,1.02
1777636931.130725,33.7,3.4,0.51,1.02
1777636931.9777532,33.7,3.4,0.55,1.02
1777636932.8268068,33.7,3.4,0.59,1.02
1777636933.6996193,33.8,3.4,0.62,1.02
1777636934.5468562,33.8,3.4,0.64,1.02
1777636935.395651,33.8,3.4,0.66,1.02
1777636936.2685337,33.8,3.4,0.68,1.02
1777636937.1165848,33.8,3.4,0.69,1.02
1777636937.9639964,33.8,3.4,0.7,1.02
1777636938.8364885,33.8,3.4,0.7,1.03
1777636939.6859932,33.8,3.4,0.7,1.1
1777636940.5340123,33.8,3.4,0.7,1.16
1777636941.4740765,0.0,3.4,0.68,1.22
1777636942.3264756,0.0,3.4,0.65,1.27
1777636943.1746209,0.0,3.4,0.61,1.31
1777636944.0438643,33.8,3.4,0.59,1.35
1777636944.8920903,33.8,3.4,0.57,1.37
1777636945.7401333,33.8,3.4,0.55,1.4
1777636946.6143334,33.8,3.4,0.54,1.42
1777636947.4613395,33.8,3.4,0.53,1.44
1777636948.3093522,33.8,3.4,0.52,1.46
1777636949.183519,33.8,3.4,0.52,1.47
1777636950.0314949,33.8,3.4,0.51,1.49
1777636950.8809083,33.8,3.4,0.51,1.5
1777636951.752366,33.8,3.4,0.51,1.51
1777636952.5994697,33.8,3.4,0.51,1.52
1777636953.4474998,33.8,3.4,0.5,1.53
1777636954.3202531,33.8,3.4,0.5,1.54
1777636955.1693094,33.8,3.4,0.5,1.55
1777636956.0169804,33.8,3.4,0.5,1.55
1777636956.8903162,33.8,3.4,0.5,1.56
1777636957.738043,33.8,3.4,0.5,1.57
1777636958.585738,33.8,3.4,0.5,1.58
1777636959.4586425,33.8,3.4,0.5,1.58
1777636960.308161,33.8,3.4,0.5,1.59
1777636961.1567457,33.8,3.4,0.5,1.59
1777636962.02882,33.8,3.4,0.5,1.6
1777636962.8763971,33.8,3.4,0.5,1.6
1777636963.7242217,33.8,3.4,0.49,1.61
1777636964.5986567,33.8,3.4,0.49,1.61
1777636965.4452233,33.8,3.4,0.49,1.61
1777636966.2947922,33.8,3.4,0.49,1.62
1777636967.166055,33.8,3.4,0.49,1.62
1777636968.015845,33.8,3.4,0.48,1.62
1777636968.8627682,33.8,3.4,0.39,1.6
1777636969.7364185,33.8,3.4,0.31,1.58
1777636970.584502,33.8,3.4,0.25,1.54
1777636971.4316301,33.8,3.4,0.2,1.5
1777636972.304287,33.8,3.4,0.16,1.45
1777636973.1540601,33.8,3.4,0.13,1.4
1777636974.000479,33.8,3.4,0.1,1.35
1777636974.872706,33.8,3.4,0.08,0.0
1777636975.7209609,33.8,3.4,0.07,0.0
1777636976.5696528,33.8,3.4,0.05,0.0
1777636977.445135,33.8,3.4,0.04,0.0
1777636978.2940812,33.8,3.4,0.03,0.0
1777636979.1391292,33.8,3.4,0.03,0.0
1777636980.011062,33.8,3.4,0.02,0.0
1777636980.8591354,33.8,3.4,0.02,0.0
1777636981.7091706,33.8,3.4,0.01,0.0
1777636982.580232,33.8,3.4,0.01,0.0
1777636983.429819,33.8,3.4,0.01,0.0
1777636984.280303,33.8,3.4,0.01,0.0
1777636985.1533604,33.8,3.4,0.01,0.0
1777636985.9994543,33.8,3.4,0.0,0.0
1777636986.8469694,33.8,3.4,0.0,0.0
1777636987.7193336,33.8,3.4,0.0,0.0
1777636988.5704947,33.8,3.4,0.0,0.0
1777636989.416274,33.8,3.4,0.0,0.0
1777636990.2873704,33.8,3.4,0.0,0.0
1777636991.1370008,33.8,3.4,0.0,0.0
1777636991.9850318,33.8,3.4,0.0,0.0
1777636992.8605666,33.8,3.4,0.0,0.0
1777636993.705309,33.8,3.4,0.0,0.0
1777636994.5536172,33.8,3.4,0.0,0.0
1777636995.429622,33.8,3.4,0.0,0.0
1777636996.2743118,33.8,3.4,0.0,0.0
1777636997.1225564,33.8,3.4,0.0,0.0
1777636997.9953032,33.8,3.4,0.0,0.0
1777636998.8446808,33.8,3.4,0.0,0.0
1777636999.6916165,33.8,3.4,0.0,0.0
1777637000.567933,33.8,3.4,0.0,0.0
1777637001.4158068,33.8,3.4,0.0,0.0
1777637002.2639925,33.8,3.4,0.0,0.0
1777637003.1334727,33.8,3.4,0.0,0.0
1777637003.9816184,33.8,3.4,0.0,0.0
1777637004.8296733,33.8,3.4,0.0,0.0
1777637005.702896,33.8,3.4,0.0,0.0
1777637006.5508087,33.8,3.4,0.0,0.0
1777637007.3999157,33.8,3.4,0.0,0.0
1777637008.2719047,33.8,3.4,0.0,0.0
1777637417.8742723,0,0,0,0
1777637419.4904807,0,0,0,0
1777637420.1433866,33.8,3.4,0.0,0.0
1777637420.991114,33.8,3.4,0.0,0.0
1777637421.8400476,33.8,3.4,0.0,0.0
1777637422.7108731,33.3,3.4,0.0,0.0
1777637423.5635393,33.3,3.4,0.0,0.0
1777637424.4072077,33.3,3.4,0.0,0.0
1777637425.2814314,33.3,3.4,0.0,0.0
1777637426.1297233,33.3,3.4,0.0,0.0
1777637426.976944,33.3,3.4,0.0,0.0
1777637427.8505404,33.3,3.4,0.0,0.0
1777637428.6987221,33.3,3.4,0.0,0.0
1777637429.5459282,33.3,3.4,0.0,0.0
1777637430.420251,33.3,3.4,0.0,0.0
1777637431.2674265,33.3,3.4,0.0,0.0
1777637432.118386,33.3,3.4,0.0,0.0
1777637432.991324,33.3,3.4,0.0,0.0
1777637433.836221,33.3,3.4,0.0,0.0
1777637434.6842852,33.3,3.4,0.0,0.0
1777637435.5574143,33.3,3.4,0.0,0.0
1777637436.4051006,33.3,3.4,0.0,0.0
1777637437.2564666,33.3,3.4,0.0,0.0
1777637438.1264136,33.3,3.4,0.0,0.0
1777637438.974085,33.3,3.4,0.0,0.0
1777637439.8227463,33.3,3.4,0.0,0.0
1777637440.6960385,33.3,3.4,0.0,0.0
1777637441.5435991,33.3,3.4,0.0,0.0
1777637442.3945785,33.3,3.4,0.0,0.0
1777637443.2647388,33.3,3.4,0.0,0.0
1777637444.1135862,33.3,3.4,0.0,0.0
1777637444.9640033,33.3,3.4,0.0,0.0
1777637445.833606,33.3,3.4,0.0,0.0
1777637446.6819232,33.3,3.4,0.0,0.0
1777637447.5295937,33.3,3.4,0.0,0.0
1777637448.4058814,33.3,3.4,0.0,0.0
1777637449.25082,33.3,3.4,0.0,0.0
1777637450.098568,33.3,3.4,0.0,0.0
1777637450.9751065,33.3,3.4,0.0,0.0
1777637451.8197942,33.3,3.4,0.0,0.0
1777637452.6709633,33.3,3.4,0.0,0.0
1777637453.5439527,33.3,3.4,0.0,0.0
1777637454.3885968,33.3,3.4,0.0,0.0
1777637455.2369723,33.3,3.4,0.0,0.0
1777637456.1101196,33.3,3.4,0.0,0.0
1777637456.9622512,33.3,3.4,0.0,0.0
1777637457.806939,33.3,3.4,0.0,0.0
1777637458.6789417,33.3,3.4,0.0,0.0
1777637459.5276794,33.3,3.4,0.0,0.0
1777637460.3792956,33.3,3.4,0.0,0.0
1777637461.24783,33.3,3.4,0.0,0.0
1777637462.100023,33.3,3.4,0.0,0.0
1777637462.9459665,33.3,3.4,0.0,0.0
1777637463.8180332,33.3,3.4,0.0,0.0
1777637464.669316,33.3,3.4,0.0,0.0
1777637465.5176783,33.3,3.4,0.0,0.0
1777637466.3870442,33.3,3.4,0.0,0.0
1777637467.2382655,33.3,3.4,0.0,0.0
1777637468.0840409,33.3,3.4,0.0,0.0
1777637468.9571373,33.3,3.4,0.0,0.0
1777637469.8053095,33.3,3.4,0.0,0.0
1777637470.6523614,33.3,3.4,0.0,0.0
1777637471.5250866,33.3,3.4,0.14,1.02
1777637472.3733957,33.3,3.4,0.26,1.02
1777637473.222499,33.3,3.4,0.35,1.02
1777637474.0951414,33.3,3.4,0.43,1.02
1777637474.9429266,33.3,3.4,0.48,1.02
1777637475.7908075,33.3,3.4,0.52,1.02
1777637476.6637669,33.3,3.4,0.56,1.02
1777637477.5117784,33.3,3.4,0.6,1.02
1777637478.3596234,33.3,3.4,0.6,1.02
1777637479.2329016,33.4,3.4,0.58,1.02
1777637480.0826309,33.4,3.4,0.56,1.02
1777637480.930597,33.4,3.4,0.55,1.02
1777637481.8018136,33.4,3.4,0.53,1.02
1777637482.651682,33.4,3.4,0.51,1.02
1777637483.4979265,33.4,3.4,0.5,1.02
1777637484.3710093,33.6,3.4,0.49,1.02
1777637485.219458,33.6,3.4,0.48,1.02
1777637486.0672243,33.6,3.4,0.48,1.02
1777637486.9399137,33.6,3.4,0.47,1.04
1777637487.7884629,33.6,3.4,0.46,1.07
1777637488.6378958,33.6,3.4,0.47,1.09
1777637489.5110946,33.7,3.4,0.46,1.12
1777637490.359194,33.7,3.4,0.46,1.14
1777637491.2057922,33.7,3.4,0.46,1.16
1777637492.078241,33.8,3.4,0.45,1.18
1777637492.9264667,33.8,3.4,0.44,1.2
1777637493.7757335,33.8,3.4,0.45,1.21
1777637494.6473505,33.8,3.4,0.45,1.23
1777637495.495599,33.8,3.4,0.45,1.24
1777637496.3438642,33.8,3.4,0.45,1.26
1777637497.2180965,33.8,3.4,0.44,1.27
1777637498.0647907,33.8,3.4,0.42,1.28
1777637498.9127784,33.8,3.4,0.42,1.29
1777637499.785633,33.8,3.4,0.34,1.28
1777637500.6348467,33.8,3.4,0.38,1.28
1777637501.4835567,33.8,3.4,0.41,1.29
1777637502.3558393,33.8,3.4,0.44,1.3
1777637503.2037556,33.8,3.4,0.35,1.29
1777637504.051231,33.8,3.4,0.42,1.3
1777637504.924777,33.8,3.4,0.46,1.31
1777637505.772139,33.8,3.4,0.49,1.33
1777637506.6201308,33.8,3.4,0.52,1.35
1777637507.4938626,33.8,3.4,0.54,1.38
1777637508.3413513,33.8,3.4,0.56,1.4
1777637509.1892095,33.8,3.4,0.57,1.43
1777637510.062135,33.8,3.4,0.58,1.46
1777637510.910421,33.8,3.4,0.59,1.48
1777637511.758462,33.8,3.4,0.6,1.51
1777637512.6322591,33.8,3.4,0.6,1.54
1777637513.4796598,33.8,3.4,0.61,1.56
1777637514.3314183,33.8,3.4,0.61,1.59
1777637515.2004251,33.8,3.4,0.61,1.61
1777637516.050165,33.8,3.4,0.61,1.64
1777637516.8985248,33.8,3.4,0.61,1.66
1777637517.7693481,33.8,3.4,0.61,1.68
1777637518.6177537,33.8,3.4,0.61,1.7
1777637519.4672482,33.8,3.4,0.61,1.72
1777637520.3387642,33.8,3.4,0.61,1.74
1777637521.186838,33.8,3.4,0.61,1.76
1777637522.0361948,33.8,3.4,0.61,1.77
1777637522.907767,33.8,3.4,0.61,1.79
1777637523.756059,33.8,3.4,0.62,1.8
1777637524.604082,33.8,3.4,0.62,1.82
1777637525.4769344,33.8,3.4,0.62,1.83
1777637526.325134,33.8,3.4,0.62,1.85
1777637527.1731467,33.8,3.4,0.63,1.86
1777637528.0466204,33.8,3.4,0.63,1.87
1777637528.8942935,33.8,3.4,0.62,1.89
1777637529.743606,33.8,3.4,0.63,1.9
1777637530.616959,33.8,3.4,0.62,1.91
1777637531.4635565,33.8,3.4,0.62,1.92
1777637532.3125775,33.8,3.4,0.62,1.93
1777637533.1859188,33.8,3.4,0.62,1.94
1777637534.0338993,33.8,3.4,0.62,1.95
1777637534.8806396,33.8,3.4,0.62,1.96
1777637535.754219,33.8,3.4,0.62,1.96
1777637536.6019747,33.8,3.4,0.62,1.97
1777637537.4512339,33.8,3.4,0.62,1.98
1777637538.3243315,33.8,3.4,0.62,1.98
1777637539.1710536,33.8,3.4,0.62,1.99
1777637540.0188916,33.8,3.4,0.62,1.99
1777637540.891785,33.8,3.4,0.62,2.0
1777637541.7404265,33.8,3.4,0.62,2.0
1777637542.5892155,33.8,3.4,0.61,2.01
1777637543.4626846,33.8,3.4,0.61,2.01
1777637544.310266,33.8,3.4,0.61,2.01
1777637545.158056,33.8,3.4,0.61,2.02
1777637546.0310578,33.8,3.4,0.61,2.02
1777637546.8792503,33.8,3.4,0.61,2.02
1777637547.7265627,33.8,3.4,0.61,2.02
1777637548.5991998,33.8,3.4,0.6,2.02
1777637549.4474614,33.8,3.4,0.6,2.02
1777637550.2962542,33.8,3.4,0.6,2.03
1777637551.1691432,33.8,3.4,0.6,2.03
1777637552.0191748,33.8,3.4,0.6,2.03
1777637552.8653321,33.8,3.4,0.59,2.03
1777637553.7374244,33.8,3.4,0.59,2.03
1777637554.589587,33.8,3.4,0.59,2.03
1777637555.4342139,33.8,3.4,0.59,2.02
1777637556.307355,33.8,3.4,0.59,2.02
1777637557.1548815,33.8,3.4,0.59,2.02
1777637558.0028572,33.8,3.4,0.59,2.02
1777637558.8757243,33.8,3.4,0.59,2.02
1777637559.7255085,33.8,3.4,0.59,2.02
1777637560.5720215,33.8,3.4,0.59,2.02
1777637561.4449165,33.8,3.4,0.59,2.02
1777637562.2948854,33.8,3.4,0.58,2.02
1777637563.1431642,33.8,3.4,0.58,2.02
1777637564.0139954,33.8,3.4,0.58,2.01
1777637564.8633952,33.8,3.4,0.58,2.01
1777637565.7103179,33.8,3.4,0.58,2.01
1777637566.5832791,33.8,3.4,0.57,2.01
1777637567.432973,33.8,3.4,0.57,2.0
1777637568.2794209,33.8,3.4,0.57,2.0
1777637569.1522546,33.8,3.4,0.57,2.0
1777637570.001922,33.8,3.4,0.57,1.99
1777637570.8498592,33.8,3.4,0.57,1.99
1777637571.721242,33.8,3.4,0.57,1.99
1777637572.5696833,33.8,3.4,0.57,1.99
1777637573.4190528,33.8,3.4,0.57,1.98
1777637574.2906065,33.8,3.4,0.57,1.98
1777637575.1402607,33.8,3.4,0.57,1.98
1777637575.9867961,33.8,3.4,0.56,1.98
1777637576.859635,33.8,3.4,0.56,1.97
1777637577.7093203,33.8,3.4,0.56,1.97
1777637578.555957,33.8,3.4,0.56,1.97
1777637579.428851,33.8,3.4,0.56,1.96
1777637580.2782288,33.8,3.4,0.56,1.96
1777637581.12626,33.8,3.4,0.56,1.96
1777637581.9979844,33.8,3.4,0.56,1.95
1777637582.8460891,33.8,3.4,0.56,1.95
1777637583.6951532,33.8,3.4,0.56,1.95
1777637584.567935,33.8,3.4,0.56,1.94
1777637585.415206,33.8,3.4,0.56,1.94
1777637586.2633255,33.8,3.4,0.55,1.94
1777637587.1370444,33.8,3.4,0.55,1.94
1777637587.9845855,33.8,3.4,0.55,1.93
1777637588.832352,33.8,3.4,0.55,1.93
1777637589.706476,33.8,3.4,0.55,1.93
1777637590.5544538,33.8,3.4,0.55,1.92
1777637591.401521,33.8,3.4,0.54,1.92
1777637592.2745795,33.8,3.4,0.54,1.92
1777637593.1230574,33.8,3.4,0.54,1.91
1777637593.9716184,33.8,3.4,0.54,1.91
1777637594.8445525,33.8,3.4,0.54,1.91
1777637595.6921887,33.8,3.4,0.54,1.9
1777637596.5416582,33.8,3.4,0.54,1.9
1777637597.4135802,33.8,3.4,0.54,1.89
1777637598.261386,33.8,3.4,0.54,1.89
1777637599.1105947,33.8,3.4,0.53,1.89
1777637599.9822865,33.8,3.4,0.53,1.88
1777637600.8313055,33.8,3.4,0.53,1.88
1777637601.679887,33.8,3.4,0.53,1.88
1777637602.5517528,33.8,3.4,0.53,1.87
1777637603.4009192,33.8,3.4,0.53,1.87
1777637604.2488806,33.8,3.4,0.53,1.86
1777637605.1205828,33.8,3.4,0.53,1.86
1777637605.9697254,33.8,3.4,0.53,1.86
1777637606.8168201,33.8,3.4,0.53,1.85
1777637607.6892698,33.8,3.4,0.53,1.85
1777637608.5374734,33.8,3.4,0.53,1.85
1777637609.3855247,33.8,3.4,0.52,1.84
1777637610.258181,33.8,3.4,0.52,1.84
1777637611.106628,33.8,3.4,0.52,1.84
1777637611.9546578,33.8,3.4,0.52,1.84
1777637612.8286116,33.8,3.4,0.52,1.83
1777637613.6761315,33.8,3.4,0.52,1.83
1777637614.524819,33.8,3.4,0.52,1.82
1777637615.3977823,33.8,3.4,0.51,1.82
1777637616.2450364,33.8,3.4,0.51,1.82
1777637617.0929694,33.8,3.4,0.51,1.81
1777637617.9658823,33.8,3.4,0.51,1.81
1777637618.8148832,33.8,3.4,0.51,1.8
1777637619.663028,33.8,3.4,0.51,1.8
1777637620.535858,33.8,3.4,0.51,1.8
1777637621.3839917,33.8,3.4,0.51,1.79
1777637622.2312336,33.8,3.4,0.51,1.79
1777637623.1049907,33.8,3.4,0.51,1.79
1777637623.9523807,33.8,3.4,0.51,1.78
1777637624.8015442,33.8,3.4,0.51,1.78
1777637625.6744053,33.8,3.4,0.5,1.78
1777637626.5224655,33.8,3.4,0.5,1.77
1777637627.3695495,33.8,3.4,0.5,1.77
1777637628.243324,33.8,3.4,0.5,1.77
1777637629.0912807,33.8,3.4,0.5,1.76
1777637629.938658,33.8,3.4,0.5,1.76
1777637630.8122756,33.8,3.4,0.5,1.76
1777637631.659881,33.8,3.4,0.5,1.75
1777637632.5088105,33.8,3.4,0.49,1.75
1777637633.380941,33.8,3.4,0.49,1.74
1777637634.2288158,33.8,3.4,0.49,1.74
1777637635.0783508,33.8,3.4,0.49,1.74
1777637635.9496439,33.8,3.4,0.49,1.73
1777637636.797877,33.8,3.4,0.49,1.73
1777637637.6460135,33.8,3.4,0.49,1.73
1777637638.519708,33.8,3.4,0.49,1.72
1777637639.3670797,33.8,3.4,0.49,1.72
1777637640.2150173,33.8,3.4,0.48,1.71
1777637641.088593,33.8,3.4,0.48,1.71
1777637641.936279,33.8,3.4,0.48,1.71
1777637642.784149,33.8,3.4,0.48,1.7
1777637643.6607287,33.8,3.4,0.48,1.7
1777637644.5052896,33.8,3.4,0.48,1.7
1777637645.3546555,33.8,3.4,0.48,1.69
1777637646.2267113,33.8,3.4,0.48,1.69
1777637647.0748713,33.8,3.4,0.48,1.69
1777637647.9224505,33.8,3.4,0.48,1.68
1777637648.7965977,33.8,3.4,0.48,1.68
1777637649.6438973,33.8,3.4,0.47,1.68
1777637650.4933174,33.8,3.4,0.47,1.67
1777637651.3659282,33.8,3.4,0.47,1.67
1777637652.21324,33.8,3.4,0.47,1.67
1777637653.060915,33.8,3.4,0.47,1.66
1777637653.9351783,33.8,3.4,0.47,1.66
1777637654.782203,33.8,3.4,0.47,1.66
1777637655.6302335,33.8,3.4,0.47,1.65
1777637656.5038688,33.8,3.4,0.47,1.65
1777637657.3510952,33.8,3.4,0.47,1.65
1777637658.1992779,33.8,3.4,0.46,1.64
1777637659.0719557,33.8,3.4,0.45,1.64
1777637659.9202402,33.8,3.4,0.44,1.63
1777637660.7685888,33.8,3.4,0.43,1.62
1777637661.6410456,33.8,3.4,0.43,1.61
1777637662.4893303,33.8,3.4,0.44,1.61
1777637663.3383198,33.8,3.4,0.44,1.6
1777637664.2111156,33.8,3.4,0.43,1.59
1777637665.0584931,33.8,3.4,0.42,1.59
1777637665.907576,33.8,3.4,0.42,1.58
1777637666.7794037,33.8,3.4,0.42,1.57
1777637667.6276026,33.8,3.4,0.42,1.56
1777637668.4767416,33.8,3.4,0.41,1.55
1777637669.3497667,33.8,3.4,0.4,1.54
1777637670.197429,33.8,3.4,0.4,1.54
1777637671.045038,33.8,3.4,0.39,1.53
1777637671.918696,33.8,3.4,0.39,1.52
1777637672.766845,33.8,3.4,0.39,1.51
1777637673.6147404,33.8,3.4,0.38,1.49
1777637674.4867136,33.8,3.4,0.38,1.49
1777637675.335767,33.8,3.4,0.38,1.48
1777637676.1830256,33.8,3.4,0.38,1.47
1777637677.0569205,33.8,3.4,0.37,1.46
1777637677.9054701,33.8,3.4,0.37,1.45
1777637678.7527914,33.8,3.4,0.37,1.44
1777637679.6249647,33.8,3.4,0.37,1.43
1777637680.4731514,33.8,3.4,0.37,1.42
1777637681.3217235,33.8,3.4,0.37,1.41
1777637682.1940022,33.8,3.4,0.36,1.4
1777637683.0435257,33.8,3.4,0.36,1.39
1777637683.8915305,33.8,3.4,0.36,1.38
1777637684.7631578,33.8,3.4,0.36,1.38
1777637685.6115332,33.8,3.4,0.36,1.37
1777637686.4609346,33.8,3.4,0.36,1.36
1777637687.333951,33.8,3.4,0.36,1.35
1777637688.1807504,33.8,3.4,0.35,1.35
1777637689.0300438,33.8,3.4,0.35,1.34
1777637689.902853,33.8,3.4,0.35,1.33
1777637690.7500877,33.8,3.4,0.35,1.33
1777637691.5989363,33.8,3.4,0.35,1.32
1777637692.4708493,33.8,3.4,0.35,1.31
1777637693.3203979,33.8,3.4,0.35,1.31
1777637694.1679003,33.8,3.4,0.35,1.3
1777637695.041312,33.8,3.4,0.36,1.3
1777637695.8879797,33.8,3.4,0.36,1.3
1777637696.736043,33.8,3.4,0.36,1.29
1777637697.6104138,33.8,3.4,0.35,1.29
1777637698.458164,33.8,3.4,0.35,1.28
1777637699.305241,33.8,3.4,0.35,1.28
1777637700.1782415,33.8,3.4,0.35,1.27
1777637701.0265894,33.8,3.4,0.35,1.27
1777637701.874642,33.8,3.4,0.35,1.27
1777637702.7487807,33.8,3.4,0.35,1.26
1777637703.5961843,33.8,3.4,0.35,1.26
1777637704.4446366,33.8,3.4,0.35,1.25
1777637705.3173065,33.8,3.4,0.35,1.25
1777637706.1647112,33.8,3.4,0.34,1.24
1777637707.013716,33.8,3.4,0.34,1.24
1777637707.88545,33.8,3.4,0.35,1.24
1777637708.734137,33.8,3.4,0.34,1.23
1777637709.5817409,33.8,3.4,0.34,1.23
1777637710.4546227,33.8,3.4,0.34,1.23
1777637711.3031824,33.8,3.4,0.34,1.22
1777637712.151016,33.8,3.4,0.34,1.22
1777637713.024896,33.8,3.4,0.34,1.22
1777637713.873251,33.8,3.4,0.34,1.22
1777637714.7203665,33.8,3.4,0.34,1.21
1777637715.5940382,33.8,3.4,0.34,1.21
1777637716.441115,33.8,3.4,0.34,1.21
1777637717.2905338,33.8,3.4,0.34,1.21
1777637718.1620035,33.8,3.4,0.34,1.2
1777637719.0102754,33.8,3.4,0.34,1.2
1777637719.8580992,33.8,3.4,0.34,1.2
1777637720.7318254,33.8,3.4,0.34,1.2
1777637721.579421,33.8,3.4,0.34,1.2
1777637722.428601,33.8,3.4,0.34,1.19
1777637723.301077,33.8,3.4,0.34,1.19
1777637724.1484141,33.8,3.4,0.34,1.19
1777637724.9983199,33.8,3.4,0.34,1.19
1777637725.870759,33.8,3.4,0.34,1.19
1777637726.717709,33.8,3.4,0.34,1.19
1777637727.565699,33.8,3.4,0.34,1.18
1777637728.4384084,33.8,3.4,0.34,1.18
1777637729.2868342,33.8,3.4,0.34,1.18
1777637730.1358175,33.8,3.4,0.34,1.18
1777637731.0076952,33.8,3.4,0.34,1.18
1777637731.8572297,33.8,3.4,0.34,1.18
1777637732.7049053,33.8,3.4,0.34,1.18
1777637733.576889,33.8,3.4,0.34,1.18
1777637734.4250698,33.8,3.4,0.34,1.17
1777637735.2763603,33.8,3.4,0.34,1.17
1777637736.146105,33.8,3.4,0.34,1.17
1777637736.9951715,33.8,3.4,0.34,1.17
1777637737.843423,33.8,3.4,0.34,1.17
1777637738.716557,33.8,3.4,0.34,1.17
1777637739.5641506,33.8,3.4,0.35,1.17
1777637740.4113805,33.8,3.4,0.34,1.17
1777637741.2840762,33.8,3.4,0.35,1.17
1777637742.1332357,33.8,3.4,0.36,1.17
1777637742.9805112,33.8,3.4,0.36,1.18
1777637743.854695,33.8,3.4,0.37,1.18
1777637744.7015243,33.8,3.4,0.37,1.18
1777637745.5494916,33.8,3.4,0.37,1.19
1777637746.4227424,33.8,3.4,0.38,1.19
1777637747.2709768,33.8,3.4,0.38,1.2
1777637748.1197662,33.8,3.4,0.38,1.2
1777637748.9927993,33.8,3.4,0.38,1.21
1777637749.8405676,33.8,3.4,0.38,1.21
1777637750.6886685,33.8,3.4,0.38,1.21
1777637751.5614603,33.8,3.4,0.37,1.22
1777637752.4088988,33.8,3.4,0.36,1.22
1777637753.2574265,33.8,3.4,0.34,1.21
1777637754.1303287,33.8,3.4,0.27,1.2
1777637754.9787035,33.8,3.4,0.21,1.17
1777637755.82616,33.8,3.4,0.17,1.15
1777637756.6998851,33.8,3.4,0.16,1.12
1777637757.548964,33.8,3.4,0.16,1.09
1777637758.3953552,33.8,3.4,0.15,1.06
1777637759.2681718,33.8,3.4,0.15,1.03
1777637760.1178942,33.8,3.4,0.14,1.02
1777637760.9660294,33.8,3.4,0.14,1.02
1777637761.8372633,33.8,3.4,0.14,1.02
1777637762.6860201,33.8,3.4,0.13,1.02
1777637763.5348396,33.8,3.4,0.13,1.02
1777637764.406278,33.8,3.4,0.13,1.02
1777637765.254791,33.8,3.4,0.17,1.02
1777637766.1043515,33.8,3.4,0.2,1.02
1777637766.9754176,33.8,3.4,0.16,1.02
1777637767.8238227,33.8,3.4,0.13,1.02
1777637768.672856,33.8,3.4,0.1,1.02
1777637769.5443525,33.8,3.4,0.08,0.0
1777637770.3953035,33.8,3.4,0.07,0.0
1777637771.2402074,33.8,3.4,0.05,0.0
1777637772.1130748,33.8,3.4,0.04,0.0
1777637772.9652872,33.8,3.4,0.03,0.0
1777637773.8134613,33.8,3.4,0.03,0.0
1777637774.6860654,33.8,3.4,0.02,0.0
1777637775.534541,33.8,3.4,0.02,0.0
1777637776.3823283,33.8,3.4,0.01,0.0
1777637777.2515533,33.8,3.4,0.01,0.0
1777637778.1005502,33.8,3.4,0.01,0.0
1777637778.947638,33.8,3.4,0.01,0.0
1777637779.8203773,33.8,3.4,0.01,0.0
1777637780.6726432,33.8,3.4,0.0,0.0
1777637781.5165493,33.8,3.4,0.0,0.0
1777637782.3904586,33.8,3.4,0.08,0.0
1777637783.2386367,33.8,3.4,0.14,1.02
1777637784.0874226,33.8,3.4,0.11,1.02
1777637784.9605026,33.8,3.4,0.14,1.02
1777637785.8077977,33.8,3.4,0.11,1.02
1777637786.656365,33.8,3.4,0.09,0.0
1777637787.5278344,33.8,3.4,0.07,0.0
1777637788.380396,33.8,3.4,0.06,0.0
1777637789.2280328,33.8,3.4,0.05,0.0
1777637790.1009166,33.8,3.4,0.04,0.0
1777637790.9469464,33.8,3.4,0.03,0.0
1777637791.7940974,33.8,3.4,0.02,0.0
1777637792.6679873,33.8,3.4,0.02,0.0
1777637793.51809,33.8,3.4,0.02,0.0
1777637794.3657627,33.8,3.4,0.01,0.0
1777637795.2366853,33.8,3.4,0.01,0.0
1777637796.0837393,33.8,3.4,0.01,0.0
1777637796.9319732,33.8,3.4,0.01,0.0
1777637797.8081408,33.8,3.4,0.0,0.0
1777637798.6530933,33.8,3.4,0.0,0.0
1777637799.5008652,33.8,3.4,0.0,0.0
1777637800.374105,33.8,3.4,0.0,0.0
1777637801.223111,33.8,3.4,0.0,0.0
1777637802.0697546,33.8,3.4,0.0,0.0
1777637802.9431705,33.8,3.4,0.0,0.0
1777637803.791092,33.8,3.4,0.0,0.0
1777637804.6391134,33.8,3.4,0.0,0.0
1777637805.512342,33.8,3.4,0.0,0.0
1777637806.3634772,33.8,3.4,0.0,0.0
1777637807.2114038,33.8,3.4,0.0,0.0
1777637808.1537695,0.0,3.4,0.14,1.02
1777637809.000444,0.0,3.4,0.23,1.02
1777637809.8482854,0.0,3.4,0.3,1.02
1777637810.7882886,0.0,3.4,0.36,1.02
1777637811.6384087,0.0,3.4,0.4,1.02
1777637812.48653,0.0,3.4,0.43,1.02
1777637813.4274995,0.0,3.4,0.46,1.02
1777637814.2762377,0.0,3.4,0.48,1.02
1777637815.1241367,0.0,3.4,0.48,1.02
1777637816.0643065,0.0,3.4,0.49,1.02
1777637816.914916,0.0,3.4,0.51,1.02
1777637817.7615044,0.0,3.4,0.52,1.05
1777637820.215167,0.0,3.4,0.52,1.05
1777637822.3453126,0.0,3.4,0.52,1.05
1777637824.0815904,0.0,3.4,0.52,1.05
1777637824.611512,33.8,3.4,0.0,0.0
1777637825.4601512,33.8,3.4,0.0,0.0
1777637826.3079758,33.8,3.4,0.0,0.0
1777637827.1839173,33.8,3.4,0.0,0.0
1777637828.0286236,33.8,3.4,0.0,0.0
1777637828.8779702,33.8,3.4,0.0,0.0
1777637829.7529728,33.8,3.4,0.0,0.0
1777637830.6009982,33.8,3.4,0.0,0.0
1777637831.4459019,33.8,3.4,0.0,0.0
1777637832.3188353,33.8,3.4,0.0,0.0
1777637833.1668878,33.8,3.4,0.0,0.0
1777637834.015161,33.8,3.4,0.0,0.0
1777637834.8915076,33.8,3.4,0.0,0.0
1777637835.7371752,33.8,3.4,0.09,0.0
1777637836.5883877,33.8,3.4,0.08,0.0
1777637837.45701,33.8,3.4,0.06,0.0
1777637838.305992,33.8,3.4,0.05,0.0
1777637839.1552155,33.8,3.4,0.04,0.0
1777637840.026864,33.8,3.4,0.03,0.0
1777637840.8762293,33.8,3.4,0.02,0.0
1777637841.7241018,33.8,3.4,0.02,0.0
1777637842.5956433,33.8,3.4,0.02,0.0
1777637843.4473515,33.8,3.4,0.06,0.0
1777637844.2923856,33.8,3.4,0.16,1.02
1777637845.1661556,33.8,3.4,0.24,1.02
1777637846.0134737,33.8,3.4,0.3,1.02
1777637846.8612123,33.8,3.4,0.36,1.02
1777637847.7345166,33.8,3.4,0.4,1.02
1777637848.5826612,33.8,3.4,0.43,1.02
1777637849.4304976,33.8,3.4,0.46,1.02
1777637850.3035583,33.8,3.4,0.48,1.02
1777637851.1535487,33.8,3.4,0.5,1.02
1777637851.999642,33.8,3.4,0.51,1.02
1777637852.8725185,33.8,3.4,0.52,1.02
1777637853.7210355,33.8,3.4,0.53,1.02
1777637854.5706208,33.8,3.4,0.54,1.02
1777637855.441483,33.8,3.4,0.54,1.02
1777637856.2916012,33.8,3.4,0.55,1.02
1777637857.1397092,33.8,3.4,0.55,1.02
1777637858.0109046,33.8,3.4,0.55,1.02
1777637858.859262,33.8,3.4,0.56,1.02
1777637859.7077224,33.8,3.4,0.56,1.03
1777637860.5799859,33.8,3.4,0.51,1.07
1777637861.4293985,33.8,3.4,0.41,1.08
1777637862.2766292,33.8,3.4,0.33,1.08
1777637863.1491036,33.8,3.4,0.26,1.07
1777637863.998579,33.8,3.4,0.21,1.05
1777637864.8464565,33.8,3.4,0.17,1.03
1777637865.7879236,0.0,3.4,0.13,1.02
1777637866.637413,0.0,3.4,0.11,1.02
1777637867.4869502,0.0,3.4,0.09,0.0
1777637868.4251347,0.0,3.4,0.07,0.0
1777637869.2764406,0.0,3.4,0.09,0.0
1777637870.1242797,0.0,3.4,0.14,1.02
1777637871.066497,0.0,3.4,0.18,1.02
1777637871.9109755,0.0,3.4,0.2,1.02
1777637872.760081,0.0,3.4,0.24,1.02
1777637873.6317563,33.8,3.4,0.24,1.02
1777637874.4800873,33.8,3.4,0.27,1.02
1777637875.3289993,33.8,3.4,0.31,1.02
1777637876.2017932,33.8,3.4,0.33,1.02
1777637877.0490062,33.8,3.4,0.34,1.02
1777637877.896985,33.8,3.4,0.27,1.02
1777637878.7700593,33.8,3.4,0.22,1.02
1777637879.6185706,33.8,3.4,0.24,1.02
1777637880.4669218,33.8,3.4,0.28,1.02
1777637881.3402767,33.8,3.4,0.32,1.02
1777637882.1876125,33.8,3.4,0.26,1.02
1777637883.0359764,33.8,3.4,0.21,1.02
1777637883.978113,0.0,3.4,0.16,1.02
1777637884.8296885,0.0,3.4,0.13,1.02
1777637885.6752656,0.0,3.4,0.11,1.02
1777637886.618361,0.0,3.4,0.08,0.0
1777637887.4625342,0.0,3.4,0.07,0.0
1777637888.3134828,0.0,3.4,0.05,0.0
1777637889.2533796,0.0,3.4,0.04,0.0
1777637890.099598,0.0,3.4,0.03,0.0
1777637890.9507165,0.0,3.4,0.03,0.0
1777637891.820291,34.2,3.4,0.02,0.0
1777637892.6696758,34.2,3.4,0.02,0.0
1777637893.5207129,34.2,3.4,0.01,0.0
1777637894.3896744,34.2,3.4,0.01,0.0
1777637895.2386477,34.2,3.4,0.01,0.0
1777637896.0898755,34.2,3.4,0.01,0.0
1777637896.962955,34.2,3.4,0.01,0.0
1777637897.8109238,34.2,3.4,0.0,0.0
1777637898.6562903,34.2,3.4,0.0,0.0
1777637899.5966806,0.0,3.4,0.0,0.0
1777637900.447747,0.0,3.4,0.0,0.0
1777637901.2925167,0.0,3.4,0.0,0.0
1777637902.166922,34.2,3.4,0.0,0.0
1777637903.016976,34.2,3.4,0.0,0.0
1777637903.8619146,34.2,3.4,0.0,0.0
1777637904.7358232,34.2,3.4,0.0,0.0
1777637905.5829148,34.2,3.4,0.0,0.0
1777637906.4340775,34.2,3.4,0.0,0.0
1777637907.3050997,34.2,3.4,0.0,0.0
1777637908.155147,34.2,3.4,0.0,0.0
1777637909.0030932,34.2,3.4,0.0,0.0
1777637909.9409492,0.0,3.4,0.0,0.0
1777637910.788736,0.0,3.4,0.0,0.0
1777637911.637316,0.0,3.4,0.0,0.0
1777637912.5098176,34.2,3.4,0.0,0.0
1777637913.3611991,34.2,3.4,0.0,0.0
1777637914.2093277,34.2,3.4,0.02,0.0
1777637915.0788498,34.2,3.4,0.02,0.0
1777637915.930245,34.2,3.4,0.01,0.0
1777637916.7751102,34.2,3.4,0.01,0.0
1777637917.7170737,0.0,3.4,0.01,0.0
1777637918.5642729,0.0,3.4,0.01,0.0
1777637919.4157422,0.0,3.4,0.03,0.0
1777637920.3574157,0.0,3.4,0.02,0.0
1777637921.2035801,0.0,3.4,0.13,1.02
1777637922.0535839,0.0,3.4,0.22,1.02
1777637922.9240105,34.2,3.4,0.29,1.02
1777637923.7712307,34.2,3.4,0.34,1.02
1777637924.6196685,34.2,3.4,0.39,1.02
1777637925.4933205,34.2,3.4,0.42,1.02
1777637926.3402872,34.2,3.4,0.45,1.02
1777637927.1896734,34.2,3.4,0.47,1.02
1777637928.061734,34.2,3.4,0.4,1.02
1777637928.9109254,34.2,3.4,0.32,1.02
1777637929.7574294,34.2,3.4,0.26,1.02
1777637930.700054,0.0,3.4,0.21,1.02
1777637931.5508263,0.0,3.4,0.17,1.02
1777637932.3985076,0.0,3.4,0.13,1.02
1777637933.2685435,34.2,3.4,0.22,1.02
1777637934.117017,34.2,3.4,0.28,1.02
1777637934.9651387,34.2,3.4,0.34,1.02
1777637935.838729,34.2,3.4,0.38,1.02
1777637936.685704,34.2,3.4,0.42,1.02
1777637937.5343518,34.2,3.4,0.45,1.02
1777637938.4076347,34.2,3.4,0.47,1.03
1777637939.256142,34.2,3.4,0.49,1.06
1777637940.1036055,34.2,3.4,0.5,1.1
1777637940.9758525,34.1,3.4,0.51,1.13
1777637941.825582,34.1,3.4,0.52,1.16
1777637942.6723962,34.1,3.4,0.53,1.19
1777637943.5450082,33.8,3.4,0.54,1.22
1777637944.3946772,33.8,3.4,0.54,1.26
1777637945.2414732,33.8,3.4,0.55,1.29
1777637946.1140873,33.8,3.4,0.55,1.32
1777637946.962482,33.8,3.4,0.55,1.34
1777637947.8105109,33.8,3.4,0.55,1.37
1777637948.6841505,33.8,3.4,0.55,1.4
1777637949.5327427,33.8,3.4,0.55,1.42
1777637950.3807309,33.8,3.4,0.55,1.44
1777637951.2544544,33.8,3.4,0.56,1.47
1777637952.1020286,33.8,3.4,0.56,1.49
1777637952.9508202,33.8,3.4,0.56,1.51
1777637953.8216503,33.8,3.4,0.56,1.53
1777637954.670919,33.8,3.4,0.56,1.55
1777637955.5191205,33.8,3.4,0.56,1.56
1777637956.3912382,33.8,3.4,0.56,1.58
1777637957.2394147,33.8,3.4,0.56,1.6
1777637958.0872877,33.8,3.4,0.56,1.61
1777637958.9597652,33.8,3.4,0.56,1.63
1777637959.808382,33.8,3.4,0.56,1.64
1777637960.6565619,33.8,3.4,0.56,1.66
1777637961.530254,33.8,3.4,0.56,1.67
1777637962.377268,33.8,3.4,0.56,1.68
1777637963.226326,33.8,3.4,0.56,1.69
1777637964.099744,33.8,3.4,0.56,1.7
1777637964.9464636,33.8,3.4,0.56,1.71
1777637965.7948718,33.8,3.4,0.56,1.72
1777637966.668606,33.8,3.4,0.56,1.73
1777637967.5157084,33.8,3.4,0.56,1.74
1777637968.3643584,33.8,3.4,0.56,1.75
1777637969.2368374,33.8,3.4,0.56,1.76
1777637970.0847242,33.8,3.4,0.56,1.76
1777637970.9328127,33.8,3.4,0.56,1.77
1777637971.8059576,33.8,3.4,0.56,1.78
1777637972.6579716,33.8,3.4,0.56,1.79
1777637973.503203,33.8,3.4,0.56,1.79
1777637974.3753855,33.8,3.4,0.56,1.8
1777637975.223852,33.8,3.4,0.56,1.8
1777637976.0709107,33.8,3.4,0.56,1.81
1777637976.9443223,33.8,3.4,0.56,1.81
1777637977.7930083,33.8,3.4,0.56,1.82
1777637978.6411233,33.8,3.4,0.56,1.82
1777637979.513466,33.8,3.4,0.56,1.83
1777637980.3611352,33.8,3.4,0.56,1.83
1777637981.2111602,33.8,3.4,0.56,1.83
1777637982.082155,33.8,3.4,0.56,1.84
1777637982.9320629,33.8,3.4,0.56,1.84
1777637983.7785413,33.8,3.4,0.56,1.84
1777637984.6508875,33.8,3.4,0.56,1.85
1777637985.5011322,33.8,3.4,0.56,1.85
1777637986.3475742,33.8,3.4,0.56,1.85
1777637987.220874,33.8,3.4,0.56,1.86
1777637988.0694602,33.8,3.4,0.56,1.86
1777637988.9170837,33.8,3.4,0.56,1.86
1777637989.7896132,33.8,3.4,0.56,1.86
1777637990.638822,33.8,3.4,0.56,1.87
1777637991.4859242,33.8,3.4,0.56,1.87
1777637992.3603768,33.8,3.4,0.56,1.87
1777637993.2084136,33.8,3.4,0.56,1.87
1777637994.0547721,33.8,3.4,0.56,1.87
1777637994.9293427,33.8,3.4,0.56,1.88
1777637995.7774632,33.8,3.4,0.56,1.88
1777637996.6255796,33.8,3.4,0.56,1.88
1777637997.4968472,33.8,3.4,0.56,1.88
1777637998.3461661,33.8,3.4,0.56,1.88
1777637999.1942277,33.8,3.4,0.56,1.89
1777638000.0671158,33.8,3.4,0.56,1.89
1777638000.9143872,33.8,3.4,0.56,1.89
1777638001.7634664,33.8,3.4,0.56,1.89
1777638002.6349883,33.8,3.4,0.57,1.89
1777638003.4839077,33.8,3.4,0.57,1.89
1777638004.3313904,33.8,3.4,0.56,1.89
1777638005.2054465,33.8,3.4,0.56,1.9
1777638006.05279,33.8,3.4,0.56,1.9
1777638006.9010303,33.8,3.4,0.56,1.9
1777638007.774706,33.8,3.4,0.56,1.9
1777638008.6219165,33.8,3.4,0.56,1.9
1777638009.470818,33.8,3.4,0.56,1.9
1777638010.3425477,33.8,3.4,0.56,1.9
1777638011.1908107,33.8,3.4,0.56,1.9
1777638012.0388565,33.8,3.4,0.56,1.9
1777638012.911991,33.8,3.4,0.56,1.9
1777638013.7603438,33.8,3.4,0.56,1.9
1777638014.6081467,33.8,3.4,0.56,1.9
1777638015.4820845,33.8,3.4,0.56,1.9
1777638016.329164,33.8,3.4,0.56,1.9
1777638017.1771169,33.8,3.4,0.56,1.9
1777638018.053174,33.8,3.4,0.56,1.9
1777638018.8990529,33.8,3.4,0.56,1.9
1777638019.7480943,33.8,3.4,0.56,1.9
1777638020.6190145,33.8,3.4,0.56,1.9
1777638021.467349,33.8,3.4,0.56,1.91
1777638022.3168182,33.8,3.4,0.56,1.91
1777638023.1886146,33.8,3.4,0.56,1.91
1777638024.0382636,33.8,3.4,0.56,1.91
1777638024.8856966,33.8,3.4,0.56,1.91
1777638025.7582896,33.8,3.4,0.56,1.91
1777638026.60555,33.8,3.4,0.56,1.91
1777638027.45569,33.8,3.4,0.56,1.91
1777638028.3282862,33.8,3.4,0.56,1.91
1777638029.1747212,33.8,3.4,0.56,1.91
1777638030.0229669,33.8,3.4,0.56,1.91
1777638030.964291,0.0,3.4,0.56,1.91
1777638031.8128986,0.0,3.4,0.55,1.91
1777638032.6609752,0.0,3.4,0.55,1.9
1777638033.6034722,0.0,3.4,0.55,1.9
1777638034.4525008,0.0,3.4,0.55,1.9
1777638036.1989183,0.0,3.4,0.55,1.9
1777638037.9088078,0.0,3.4,0.55,1.9
1777638039.6243556,0.0,3.4,0.55,1.9
1777638041.3394716,0.0,3.4,0.55,1.9
1777638043.0563812,0.0,3.4,0.55,1.9
1777638044.7874951,0.0,3.4,0.55,1.9
1777638046.4991884,0.0,3.4,0.55,1.9
1777638048.2218583,0.0,3.4,0.55,1.9
1777638049.9358969,0.0,3.4,0.55,1.9
1777638051.6564646,0.0,3.4,0.55,1.9
1777638053.371401,0.0,3.4,0.55,1.9
1777638055.08895,0.0,3.4,0.55,1.9
1777638056.8101187,0.0,3.4,0.55,1.9
1777638058.5267844,0.0,3.4,0.55,1.9
1777638060.2487748,0.0,3.4,0.55,1.9
1777638061.9621325,0.0,3.4,0.55,1.9
1777638063.6817815,0.0,3.4,0.55,1.9
1777638065.3978345,0.0,3.4,0.55,1.9
1777638067.1191566,0.0,3.4,0.55,1.9
1777638068.838986,0.0,3.4,0.55,1.9
1777638070.5623975,0.0,3.4,0.55,1.9
1777638072.2745624,0.0,3.4,0.55,1.9
1777638073.9949756,0.0,3.4,0.55,1.9
1777638075.7165394,0.0,3.4,0.55,1.9
1777638077.4327822,0.0,3.4,0.55,1.9
1777638079.15201,0.0,3.4,0.55,1.9
1777638080.8661766,0.0,3.4,0.55,1.9
1777638082.5837038,0.0,3.4,0.55,1.9
1777638084.2970736,0.0,3.4,0.55,1.9
1777638086.009413,0.0,3.4,0.55,1.9
1777638087.722097,0.0,3.4,0.55,1.9
1777638089.4415646,0.0,3.4,0.55,1.9
1777638091.1648245,0.0,3.4,0.55,1.9
1777638092.8787396,0.0,3.4,0.55,1.9
1777638094.6018033,0.0,3.4,0.55,1.9
1777638096.3208873,0.0,3.4,0.55,1.9
1777638098.0352578,0.0,3.4,0.55,1.9
1777638099.7598026,0.0,3.4,0.55,1.9
1777638101.4799044,0.0,3.4,0.55,1.9
1777638103.1989162,0.0,3.4,0.55,1.9
1777638104.9176068,0.0,3.4,0.55,1.9
1777638106.636847,0.0,3.4,0.55,1.9
1777638108.35919,0.0,3.4,0.55,1.9
1777638110.077751,0.0,3.4,0.55,1.9
1777638111.7954297,0.0,3.4,0.55,1.9
1777638113.5143366,0.0,3.4,0.55,1.9
1777638115.2322178,0.0,3.4,0.55,1.9
1777638116.9571538,0.0,3.4,0.55,1.9
1777638118.67626,0.0,3.4,0.55,1.9
1777638120.3893723,0.0,3.4,0.55,1.9
1777638122.114032,0.0,3.4,0.55,1.9
1777638123.8365562,0.0,3.4,0.55,1.9
1777638125.555223,0.0,3.4,0.55,1.9
1777638127.2701204,0.0,3.4,0.55,1.9
1777638128.9883769,0.0,3.4,0.55,1.9
1777638130.7044904,0.0,3.4,0.55,1.9
1777638132.4163358,0.0,3.4,0.55,1.9
1777638134.1344762,0.0,3.4,0.55,1.9
1777638135.8532696,0.0,3.4,0.55,1.9
1777638137.572382,0.0,3.4,0.55,1.9
1777638139.284409,0.0,3.4,0.55,1.9
1777638141.0068297,0.0,3.4,0.55,1.9
1777638142.7366772,0.0,3.4,0.55,1.9
1777638144.4490938,0.0,3.4,0.55,1.9
1777638146.1707642,0.0,3.4,0.55,1.9
1777638147.889127,0.0,3.4,0.55,1.9
1777638149.6105797,0.0,3.4,0.55,1.9
1777638151.3259196,0.0,3.4,0.55,1.9
1777638153.0646203,0.0,3.4,0.55,1.9
1777638154.7842336,0.0,3.4,0.55,1.9
1777638156.5013633,0.0,3.4,0.55,1.9
1777638158.220163,0.0,3.4,0.55,1.9
1777638159.9383004,0.0,3.4,0.55,1.9
1777638161.6560414,0.0,3.4,0.55,1.9
1777638163.3721879,0.0,3.4,0.55,1.9
1777638165.0931454,0.0,3.4,0.55,1.9
1777638166.8123171,0.0,3.4,0.55,1.9
1777638168.5364892,0.0,3.4,0.55,1.9
1777638170.2525463,0.0,3.4,0.55,1.9
1777638171.967706,0.0,3.4,0.55,1.9
1777638173.685399,0.0,3.4,0.55,1.9
1777638175.3992374,0.0,3.4,0.55,1.9
1777638177.120484,0.0,3.4,0.55,1.9
1777638178.8381429,0.0,3.4,0.55,1.9
1777638180.5571814,0.0,3.4,0.55,1.9
1777638182.2765908,0.0,3.4,0.55,1.9
1777638183.9927766,0.0,3.4,0.55,1.9
1777638185.7123573,0.0,3.4,0.55,1.9
1777638187.428986,0.0,3.4,0.55,1.9
1777638189.1557367,0.0,3.4,0.55,1.9
1777638190.924455,0.0,3.4,0.55,1.9
1777638192.6382263,0.0,3.4,0.55,1.9
1777638194.3991704,0.0,3.4,0.55,1.9
1777638196.1201134,0.0,3.4,0.55,1.9
1777638197.8402958,0.0,3.4,0.55,1.9
1777638199.5612466,0.0,3.4,0.55,1.9
1777638201.275844,0.0,3.4,0.55,1.9
1777638202.9937763,0.0,3.4,0.55,1.9
1777638204.7143073,0.0,3.4,0.55,1.9
1777638206.4310002,0.0,3.4,0.55,1.9
1777638208.153946,0.0,3.4,0.55,1.9
1777638209.87564,0.0,3.4,0.55,1.9
1777638211.5939982,0.0,3.4,0.55,1.9
1777638213.3111405,0.0,3.4,0.55,1.9
1777638215.0352118,0.0,3.4,0.55,1.9
1777638216.7526667,0.0,3.4,0.55,1.9
1777638218.469336,0.0,3.4,0.55,1.9
1777638220.1863723,0.0,3.4,0.55,1.9
1777638221.90003,0.0,3.4,0.55,1.9
1777638223.61722,0.0,3.4,0.55,1.9
1777638225.3302739,0.0,3.4,0.55,1.9
1777638227.0512948,0.0,3.4,0.55,1.9
1777638228.776008,0.0,3.4,0.55,1.9
1777638230.4938643,0.0,3.4,0.55,1.9
1777638232.2122216,0.0,3.4,0.55,1.9
1777638233.9248238,0.0,3.4,0.55,1.9
1777638235.6473937,0.0,3.4,0.55,1.9
1777638237.3648467,0.0,3.4,0.55,1.9
1777638239.078898,0.0,3.4,0.55,1.9
1777638240.807423,0.0,3.4,0.55,1.9
1777638242.522579,0.0,3.4,0.55,1.9
1777638244.2410977,0.0,3.4,0.55,1.9
1777638245.9595888,0.0,3.4,0.55,1.9
1777638247.676304,0.0,3.4,0.55,1.9
1777638249.3937547,0.0,3.4,0.55,1.9
1777638251.1317887,0.0,3.4,0.55,1.9
1777638252.8862517,0.0,3.4,0.55,1.9
1777638254.6577914,0.0,3.4,0.55,1.9
1777638256.4222534,0.0,3.4,0.55,1.9
1777638291.435128,0.0,3.4,0.55,1.9
1777638293.2505653,0.0,3.4,0.55,1.9
1777638295.0387342,0.0,3.4,0.55,1.9
1777638296.8194723,0.0,3.4,0.55,1.9
1777638298.553549,0.0,3.4,0.55,1.9
1777638300.3117173,0.0,3.4,0.55,1.9
1777638302.0589051,0.0,3.4,0.55,1.9
1777638303.7863603,0.0,3.4,0.55,1.9
1777638305.5168104,0.0,3.4,0.55,1.9
1777638307.2812955,0.0,3.4,0.55,1.9
1777638309.0173683,0.0,3.4,0.55,1.9
1777638310.7512896,0.0,3.4,0.55,1.9
1777638312.4709275,0.0,3.4,0.55,1.9
1777638314.198763,0.0,3.4,0.55,1.9
1777638315.9176059,0.0,3.4,0.55,1.9
1777638317.6415458,0.0,3.4,0.55,1.9
1777638319.3671408,0.0,3.4,0.55,1.9
1777638321.096307,0.0,3.4,0.55,1.9
1777638322.8209143,0.0,3.4,0.55,1.9
1777638324.5429592,0.0,3.4,0.55,1.9
1777638326.2637603,0.0,3.4,0.55,1.9
1777638327.988323,0.0,3.4,0.55,1.9
1777638329.7108822,0.0,3.4,0.55,1.9
1777638331.4322157,0.0,3.4,0.55,1.9
1777638333.1535273,0.0,3.4,0.55,1.9
1777638334.8755968,0.0,3.4,0.55,1.9
1777638336.6045706,0.0,3.4,0.55,1.9
1777638338.3271883,0.0,3.4,0.55,1.9
1777638340.1000948,0.0,3.4,0.55,1.9
1777638341.8194513,0.0,3.4,0.55,1.9
1777651085.8216062,0,0,0,0
1777651088.0232878,0,0,0,0
1777651088.598914,33.8,3.4,0.0,0.0
1777651089.1890583,33.8,3.4,0.0,0.0
1777651089.7986042,33.8,3.4,0.0,0.0
1777651090.6706624,33.8,3.4,0.0,0.0
1777651091.5188599,33.8,3.4,0.0,0.0
1777651092.3669984,33.8,3.4,0.0,0.0
1777651093.2394593,33.8,3.4,0.0,0.0
1777651094.0894196,33.8,3.4,0.0,0.0
1777651094.936518,33.8,3.4,0.0,0.0
1777651095.811817,33.8,3.4,0.0,0.0
1777651096.6570797,33.8,3.4,0.0,0.0
1777651097.506305,33.8,3.4,0.0,0.0
1777651098.3769913,33.8,3.4,0.0,0.0
1777651099.226937,33.8,3.4,0.0,0.0
1777651100.0748954,33.8,3.4,0.0,0.0
1777651100.9477816,33.8,3.4,0.0,0.0
1777651101.7950892,33.8,3.4,0.0,0.0
1777651102.6430762,33.8,3.4,0.0,0.0
1777651103.5162053,33.8,3.4,0.0,0.0
1777651104.3671694,33.8,3.4,0.0,0.0
1777651105.212188,33.8,3.4,0.0,0.0
1777651106.0849192,33.8,3.4,0.0,0.0
1777651106.9329443,33.8,3.4,0.0,0.0
1777651107.784833,33.8,3.4,0.0,0.0
1777651108.6573162,33.8,3.4,0.0,0.0
1777651109.5023115,33.8,3.4,0.0,0.0
1777651110.3502965,33.8,3.4,0.0,0.0
1777651111.2237535,33.8,3.4,0.0,0.0
1777651112.0716374,33.8,3.4,0.0,0.0
1777651112.9196513,33.8,3.4,0.0,0.0
1777651113.7923083,33.8,3.4,0.0,0.0
1777651114.6434157,33.8,3.4,0.0,0.0
1777651115.4884715,33.8,3.4,0.0,0.0
1777651116.3611274,33.8,3.4,0.0,0.0
1777651117.2089865,33.8,3.4,0.0,0.0
1777651118.057134,33.8,3.4,0.0,0.0
1777651118.9334965,33.8,3.4,0.0,0.0
1777651119.7794647,33.8,3.4,0.0,0.0
1777651120.6261067,33.8,3.4,0.0,0.0
1777651121.4998446,33.8,3.4,0.0,0.0
1777651122.3474925,33.8,3.4,0.0,0.0
1777651123.1956303,33.8,3.4,0.0,0.0
1777651124.0686858,33.8,3.4,0.0,0.0
1777651124.9174552,33.8,3.4,0.0,0.0
1777651125.7688172,33.8,3.4,0.0,0.0
1777651126.6378076,33.8,3.4,0.0,0.0
1777651127.4897525,33.8,3.4,0.0,0.0
1777651128.33466,33.8,3.4,0.0,0.0
1777651129.206704,33.8,3.4,0.0,0.0
1777651130.058697,33.8,3.4,0.0,0.0
1777651130.9027326,33.8,3.4,0.0,0.0
1777651131.7756612,33.8,3.4,0.0,0.0
1777651132.6256547,33.8,3.4,0.0,0.0
1777651133.4738233,33.8,3.4,0.0,0.0
1777651134.3446877,33.8,3.4,0.0,0.0
1777651135.1935875,33.8,3.4,0.0,0.0
1777651136.0449762,33.8,3.4,0.0,0.0
1777651136.91452,33.8,3.4,0.0,0.0
1777651137.7635121,33.8,3.4,0.0,0.0
1777651138.6118982,33.8,3.4,0.0,0.0
1777651139.4828901,33.8,3.4,0.0,0.0
1777651140.3330235,33.8,3.4,0.0,0.0
1777651141.1810572,33.8,3.4,0.0,0.0
1777651142.0540578,33.8,3.4,0.0,0.0
1777651142.9019914,33.8,3.4,0.0,0.0
1777651143.7495153,33.8,3.4,0.0,0.0
1777651144.6227777,33.8,3.4,0.0,0.0
1777651145.4702373,33.8,3.4,0.0,0.0
1777651146.3181708,33.8,3.4,0.0,0.0
1777651147.1917279,33.8,3.4,0.0,0.0
1777651148.0389473,33.8,3.4,0.0,0.0
1777651148.887182,33.8,3.4,0.0,0.0
1777651149.7608469,33.8,3.4,0.0,0.0
1777651150.6083376,33.8,3.4,0.0,0.0
1777651151.4592311,33.8,3.4,0.0,0.0
1777651152.3294048,33.8,3.4,0.0,0.0
1777651153.18043,33.8,3.4,0.0,0.0
1777651154.0283875,33.8,3.4,0.0,0.0
1777651154.9017148,33.8,3.4,0.0,0.0
1777651155.7498665,33.8,3.4,0.0,0.0
1777651156.595465,33.8,3.4,0.0,0.0
1777651157.4670036,33.8,3.4,0.0,0.0
1777651158.315584,33.8,3.4,0.0,0.0
1777651159.1666658,33.8,3.4,0.0,0.0
1777651160.0366697,33.8,3.4,0.0,0.0
1777651160.884637,33.8,3.4,0.0,0.0
1777651161.7326062,33.8,3.4,0.0,0.0
1777651162.6054952,33.8,3.4,0.0,0.0
1777651163.456907,33.8,3.4,0.0,0.0
1777651164.3049781,33.8,3.4,0.0,0.0
1777651165.1745613,33.8,3.4,0.0,0.0
1777651166.0225582,33.8,3.4,0.0,0.0
1777651166.8747444,33.8,3.4,0.0,0.0
1777651167.7436745,33.8,3.4,0.0,0.0
1777651168.592441,33.8,3.4,0.0,0.0
1777651169.440652,33.8,3.4,0.0,0.0
1777651170.315866,33.8,3.4,0.0,0.0
1777651171.1649146,33.8,3.4,0.0,0.0
1777651172.0132668,33.8,3.4,0.0,0.0
1777651172.8849902,33.8,3.4,0.0,0.0
1777651173.731985,33.8,3.4,0.0,0.0
1777651174.5799096,33.8,3.4,0.0,0.0
1777651175.4517133,33.8,3.4,0.0,0.0
1777651176.3028672,33.8,3.4,0.0,0.0
1777651177.1493738,33.8,3.4,0.0,0.0
1777651178.020697,33.8,3.4,0.0,0.0
1777651178.870027,33.8,3.4,0.0,0.0
1777651179.716714,33.8,3.4,0.0,0.0
1777651180.5892932,33.8,3.4,0.0,0.0
1777651181.4381742,33.8,3.4,0.0,0.0
1777651182.285848,33.8,3.4,0.0,0.0
1777651183.1603584,33.8,3.4,0.0,0.0
1777651184.0070183,33.8,3.4,0.0,0.0
1777651184.855275,33.8,3.4,0.0,0.0
1777651185.7289205,33.8,3.4,0.0,0.0
1777651186.5762591,33.8,3.4,0.0,0.0
1777651187.4273617,33.8,3.4,0.0,0.0
1777651188.3003774,33.8,3.4,0.0,0.0
1777651189.1485405,33.8,3.4,0.0,0.0
1777651189.9965398,33.8,3.4,0.0,0.0
1777651190.8693323,33.8,3.4,0.0,0.0
1777651191.7176147,33.8,3.4,0.0,0.0
1777651192.5628047,33.8,3.4,0.0,0.0
1777651193.4361432,33.8,3.4,0.0,0.0
1777651194.283151,33.8,3.4,0.0,0.0
1777651195.1318574,33.8,3.4,0.0,0.0
1777651196.0044074,33.8,3.4,0.0,0.0
1777651196.8555849,33.8,3.4,0.0,0.0
1777651197.7037053,33.8,3.4,0.0,0.0
1777651198.5733194,33.8,3.4,0.0,0.0
1777651199.4215994,33.8,3.4,0.0,0.0
1777651200.2726614,33.8,3.4,0.0,0.0
1777651201.142736,33.8,3.4,0.0,0.0
1777651201.9907124,33.8,3.4,0.0,0.0
1777651202.8417585,33.8,3.4,0.0,0.0
1777651203.7150528,33.8,3.4,0.0,0.0
1777651204.5597074,33.8,3.4,0.0,0.0
1777651205.4107392,33.8,3.4,0.0,0.0
1777651206.2805288,33.8,3.4,0.0,0.0
1777651207.1328266,33.8,3.4,0.0,0.0
1777651207.9781141,33.8,3.4,0.0,0.0
1777651208.8529167,33.8,3.4,0.0,0.0
1777651209.6988957,33.8,3.4,0.0,0.0
1777651210.5499988,33.8,3.4,0.0,0.0
1777651211.4190085,33.8,3.4,0.0,0.0
1777651212.2689838,33.8,3.4,0.0,0.0
1777651213.1189666,33.8,3.4,0.0,0.0
1777651213.9879918,33.8,3.4,0.0,0.0
1777651214.8403072,33.8,3.4,0.0,0.0
1777651215.6859953,33.8,3.4,0.0,0.0
1777651216.5568988,33.8,3.4,0.0,0.0
1777651217.404983,33.8,3.4,0.0,0.0
1777651218.2572718,33.8,3.4,0.0,0.0
1777651219.126086,33.8,3.4,0.0,0.0
1777651219.976168,33.8,3.4,0.0,0.0
1777651220.8237994,33.8,3.4,0.0,0.0
1777651221.697206,33.8,3.4,0.0,0.0
1777651222.545333,33.8,3.4,0.0,0.0
1777651223.3927906,33.8,3.4,0.0,0.0
1777651224.2662838,33.8,3.4,0.0,0.0
1777651225.1130369,33.8,3.4,0.0,0.0
1777651225.9645548,33.8,3.4,0.0,0.0
1777651226.8350306,33.8,3.4,0.0,0.0
1777651227.6855752,33.8,3.4,0.0,0.0
1777651228.533452,33.8,3.4,0.0,0.0
1777651229.4064808,33.8,3.4,0.0,0.0
1777651230.2509925,33.8,3.4,0.0,0.0
1777651231.0992334,33.8,3.4,0.0,0.0
1777651231.975528,33.8,3.4,0.0,0.0
1777651232.8205478,33.8,3.4,0.0,0.0
1777651233.6691878,33.8,3.4,0.0,0.0
1777651234.5415235,33.8,3.4,0.0,0.0
1777651235.3926091,33.8,3.4,0.0,0.0
1777651236.2375233,33.8,3.4,0.0,0.0
1777651237.1107779,33.8,3.4,0.0,0.0
1777651237.9620633,33.8,3.4,0.0,0.0
1777651238.8097327,33.8,3.4,0.0,0.0
1777651239.6793354,33.8,3.4,0.0,0.0
1777651240.5307639,33.8,3.4,0.0,0.0
1777651241.378775,33.8,3.4,0.0,0.0
1777651242.2517755,33.8,3.4,0.0,0.0
1777651243.099826,33.8,3.4,0.0,0.0
1777651243.9448555,33.8,3.4,0.0,0.0
1777651244.8207524,33.8,3.4,0.0,0.0
1777651245.6659746,33.8,3.4,0.0,0.0
1777651246.5169175,33.8,3.4,0.0,0.0
1777651247.3898382,33.8,3.4,0.0,0.0
1777651248.234966,33.8,3.4,0.0,0.0
1777651249.0870302,33.8,3.4,0.0,0.0
1777651249.9589674,33.8,3.4,0.0,0.0
1777651250.8081393,33.8,3.4,0.0,0.0
1777651251.656048,33.8,3.4,0.0,0.0
1777651252.5260391,33.8,3.4,0.0,0.0
1777651253.3754003,33.8,3.4,0.0,0.0
1777651254.221121,33.8,3.4,0.0,0.0
1777651255.0938756,33.8,3.4,0.0,0.0
1777651255.943926,33.8,3.4,0.0,0.0
1777651256.792219,33.8,3.4,0.0,0.0
1777651257.663748,33.8,3.4,0.0,0.0
1777651258.5151393,33.8,3.4,0.0,0.0
1777651259.3610568,33.8,3.4,0.0,0.0
1777651260.2322443,33.8,3.4,0.0,0.0
1777651261.0817783,33.8,3.4,0.0,0.0
1777651261.9322457,33.8,3.4,0.0,0.0
1777651262.8021197,33.8,3.4,0.0,0.0
1777651263.6536477,33.8,3.4,0.0,0.0
1777651264.49832,33.8,3.4,0.0,0.0
1777651265.3745985,33.8,3.4,0.0,0.0
1777651266.2204213,33.8,3.4,0.0,0.0
1777651267.0703926,33.8,3.4,0.0,0.0
1777651267.9416041,33.8,3.4,0.0,0.0
1777651268.7886884,33.8,3.4,0.0,0.0
1777651269.6375043,33.8,3.4,0.0,0.0
1777651270.5127108,33.8,3.4,0.0,0.0
1777651271.35787,33.8,3.4,0.0,0.0
1777651272.2089424,33.8,3.4,0.0,0.0
1777651273.081711,33.8,3.4,0.0,0.0
1777651273.9295645,33.8,3.4,0.0,0.0
1777651274.774709,33.8,3.4,0.0,0.0
1777651275.6507144,33.8,3.4,0.0,0.0
1777651276.4957323,33.8,3.4,0.0,0.0
1777651277.347008,33.8,3.4,0.0,0.0
1777651278.219922,33.8,3.4,0.0,0.0
1777651279.0679076,33.8,3.4,0.0,0.0
1777651279.9158316,33.8,3.4,0.0,0.0
1777651280.788865,33.8,3.4,0.0,0.0
1777651281.6368508,33.8,3.4,0.0,0.0
1777651282.4818377,33.8,3.4,0.0,0.0
1777651283.3547454,33.8,3.4,0.0,0.0
1777651284.2026267,33.8,3.4,0.0,0.0
1777651285.050981,33.8,3.4,0.0,0.0
1777651285.9239762,33.8,3.4,0.0,0.0
1777651286.7719116,33.8,3.4,0.0,0.0
1777651287.6197863,33.8,3.4,0.0,0.0
1777651288.4930074,33.8,3.4,0.0,0.0
1777651289.3408716,33.8,3.4,0.0,0.0
1777651290.1898518,33.8,3.4,0.0,0.0
1777651291.062268,33.8,3.4,0.0,0.0
1777651291.9109669,33.8,3.4,0.0,0.0
1777651292.7591436,33.8,3.4,0.0,0.0
1777651293.630843,33.8,3.4,0.0,0.0
1777651294.4799166,33.8,3.4,0.0,0.0
1777651295.328163,33.8,3.4,0.0,0.0
1777651296.199921,33.8,3.4,0.0,0.0
1777651297.0501568,33.8,3.4,0.0,0.0
1777651297.898438,33.8,3.4,0.0,0.0
1777651298.7692552,33.8,3.4,0.0,0.0
1777651299.6186051,33.8,3.4,0.0,0.0
1777651300.4670124,33.8,3.4,0.0,0.0
1777651301.3382583,33.8,3.4,0.0,0.0
1777651302.1882699,33.8,3.4,0.0,0.0
1777651303.035924,33.8,3.4,0.0,0.0
1777651303.9112506,33.8,3.4,0.0,0.0
1777651304.7574332,33.8,3.4,0.0,0.0
1777651305.6054041,33.8,3.4,0.0,0.0
1777651306.4804657,33.8,3.4,0.0,0.0
1777651307.3287141,33.8,3.4,0.0,0.0
1777651308.1736727,33.8,3.4,0.0,0.0
1777651309.0456786,33.8,3.4,0.0,0.0
1777651309.8975084,33.8,3.4,0.0,0.0
1777651310.7426844,33.8,3.4,0.0,0.0
1777651311.6187315,33.8,3.4,0.0,0.0
1777651312.463449,33.8,3.4,0.0,0.0
1777651313.3116417,33.8,3.4,0.0,0.0
1777651314.1853,33.8,3.4,0.0,0.0
1777651315.0360565,33.8,3.4,0.0,0.0
1777651315.883826,33.8,3.4,0.0,0.0
1777651316.7542994,33.8,3.4,0.0,0.0
1777651317.601846,33.8,3.4,0.0,0.0
1777651318.4497273,33.8,3.4,0.0,0.0
1777651319.323387,33.8,3.4,0.0,0.0
1777651320.1707356,33.8,3.4,0.0,0.0
1777651321.0188262,33.8,3.4,0.0,0.0
1777651321.8920822,33.8,3.4,0.0,0.0
1777651322.7432663,33.8,3.4,0.0,0.0
1777651323.5889246,33.8,3.4,0.0,0.0
1777651324.460926,33.8,3.4,0.0,0.0
1777651325.308772,33.8,3.4,0.0,0.0
1777651326.1570022,33.8,3.4,0.0,0.0
1777651327.0295799,33.8,3.4,0.0,0.0
1777651327.8782272,33.8,3.4,0.0,0.0
1777651328.727095,33.8,3.4,0.0,0.0
1777651329.5990667,33.8,3.4,0.0,0.0
1777651330.447203,33.8,3.4,0.0,0.0
1777651331.295214,33.8,3.4,0.0,0.0
1777651332.168033,33.8,3.4,0.0,0.0
1777651333.01824,33.8,3.4,0.0,0.0
1777651333.868712,33.8,3.4,0.0,0.0
1777651334.7382796,33.8,3.4,0.0,0.0
1777651335.5893917,33.8,3.4,0.0,0.0
1777651336.4375405,33.8,3.4,0.0,0.0
1777651337.3062475,33.8,3.4,0.0,0.0
1777651338.1549718,33.8,3.4,0.0,0.0
1777651339.0065842,33.8,3.4,0.0,0.0
1777651339.8754816,33.8,3.4,0.0,0.0
1777651340.7277174,33.8,3.4,0.0,0.0
1777651341.575501,33.8,3.4,0.0,0.0
1777651342.4454854,33.8,3.4,0.0,0.0
1777651343.293243,33.8,3.4,0.0,0.0
1777651344.1425123,33.8,3.4,0.0,0.0
1777651345.0145564,33.8,3.4,0.0,0.0
1777651345.863511,33.8,3.4,0.0,0.0
1777651346.713719,33.8,3.4,0.0,0.0
1777651347.584125,33.8,3.4,0.0,0.0
1777651348.4346583,33.8,3.4,0.0,0.0
1777651349.2827144,33.8,3.4,0.0,0.0
1777651350.155676,33.8,3.4,0.0,0.0
1777651351.0037215,33.8,3.4,0.0,0.0
1777651351.84884,33.8,3.4,0.0,0.0
1777651352.7231202,33.8,3.4,0.0,0.0
1777651353.572854,33.8,3.4,0.0,0.0
1777651354.4209518,33.8,3.4,0.0,0.0
1777651355.293479,33.8,3.4,0.0,0.0
1777651356.1384947,33.8,3.4,0.0,0.0
1777651356.9866204,33.8,3.4,0.0,0.0
1777651357.860444,33.8,3.4,0.0,0.0
1777651358.7110631,33.8,3.4,0.0,0.0
1777651359.5566163,33.8,3.4,0.18,1.02
1777651360.429068,33.8,3.4,0.27,1.02
1777651361.2784827,33.8,3.4,0.33,1.02
1777651362.1257527,33.8,3.4,0.37,1.02
1777651362.9981785,33.8,3.4,0.4,1.02
1777651363.8465095,33.8,3.4,0.42,1.02
1777651364.6956034,33.8,3.4,0.44,1.02
1777651365.5687964,33.8,3.4,0.46,1.02
1777651366.4169095,33.8,3.4,0.47,1.02
1777651367.264932,33.8,3.4,0.49,1.02
1777651368.136463,33.8,3.4,0.49,1.02
1777651368.9847798,33.8,3.4,0.5,1.02
1777651369.8327928,33.8,3.4,0.5,1.02
1777651370.7067473,33.8,3.4,0.51,1.02
1777651371.5555456,33.8,3.4,0.52,1.02
1777651372.401927,33.8,3.4,0.52,1.02
1777651373.2761528,33.8,3.4,0.53,1.02
1777651374.1240258,33.8,3.4,0.53,1.02
1777651374.970875,33.8,3.4,0.53,1.02
1777651375.845463,33.8,3.4,0.53,1.03
1777651376.6921744,33.8,3.4,0.54,1.07
1777651377.5415838,33.8,3.4,0.54,1.11
1777651378.4145484,33.8,3.4,0.54,1.14
1777651379.262834,33.8,3.4,0.54,1.18
1777651380.1093113,33.8,3.4,0.54,1.21
1777651380.9821591,33.8,3.4,0.54,1.24
1777651381.830288,33.8,3.4,0.54,1.27
1777651382.6783333,33.8,3.4,0.54,1.3
1777651383.551153,33.8,3.4,0.55,1.33
1777651384.399594,33.8,3.4,0.55,1.35
1777651385.2490408,33.8,3.4,0.54,1.38
1777651386.1217377,33.8,3.4,0.54,1.4
1777651386.9685462,33.8,3.4,0.54,1.42
1777651387.816738,33.8,3.4,0.54,1.45
1777651388.6894298,33.8,3.4,0.54,1.47
1777651389.5375028,33.8,3.4,0.55,1.48
1777651390.386493,33.8,3.4,0.54,1.5
1777651391.2585442,33.8,3.4,0.54,1.52
1777651392.106751,33.8,3.4,0.54,1.54
1777651392.95504,33.8,3.4,0.55,1.55
1777651393.828932,33.8,3.4,0.55,1.57
1777651394.6760125,33.8,3.4,0.54,1.58
1777651395.526069,33.8,3.4,0.54,1.59
1777651396.397935,33.8,3.4,0.54,1.61
1777651397.245115,33.8,3.4,0.54,1.62
1777651398.094709,33.8,3.4,0.54,1.63
1777651398.967024,33.8,3.4,0.54,1.64
1777651399.8141978,33.8,3.4,0.54,1.65
1777651400.662627,33.8,3.4,0.54,1.66
1777651401.535602,33.8,3.4,0.54,1.67
1777651402.383226,33.8,3.4,0.54,1.68
1777651403.2314186,33.8,3.4,0.54,1.69
1777651404.105345,33.8,3.4,0.54,1.69
1777651404.9540858,33.8,3.4,0.54,1.7
1777651405.8005233,33.8,3.4,0.54,1.71
1777651406.6734712,33.8,3.4,0.54,1.72
1777651407.5228677,33.8,3.4,0.54,1.72
1777651408.371207,33.8,3.4,0.54,1.73
1777651409.2426143,33.8,3.4,0.54,1.73
1777651410.091126,33.8,3.4,0.54,1.74
1777651410.9406435,33.8,3.4,0.54,1.74
1777651411.8117082,33.8,3.4,0.54,1.75
1777651412.6602802,33.8,3.4,0.54,1.75
1777651413.5082822,33.8,3.4,0.54,1.76
1777651414.380896,33.8,3.4,0.54,1.76
1777651415.2301924,33.8,3.4,0.54,1.77
1777651416.0771945,33.8,3.4,0.54,1.77
1777651416.9511802,33.8,3.4,0.54,1.77
1777651417.7982728,33.8,3.4,0.54,1.78
1777651418.6479387,33.8,3.4,0.54,1.78
1777651419.5206423,33.8,3.4,0.54,1.78
1777651420.368234,33.8,3.4,0.54,1.78
1777651421.215612,33.8,3.4,0.54,1.79
1777651422.0882788,33.8,3.4,0.54,1.79
1777651422.9366822,33.8,3.4,0.54,1.79
1777651423.7845817,33.8,3.4,0.54,1.79
1777651424.6575737,33.8,3.4,0.54,1.79
1777651425.506502,33.8,3.4,0.54,1.79
1777651426.3553286,33.8,3.4,0.54,1.8
1777651427.2265263,33.8,3.4,0.54,1.8
1777651428.075724,33.8,3.4,0.53,1.8
1777651428.923629,33.8,3.4,0.54,1.8
1777651429.7969198,33.8,3.4,0.54,1.8
1777651430.643807,33.8,3.4,0.54,1.8
1777651431.4930315,33.8,3.4,0.54,1.8
1777651432.365845,33.8,3.4,0.54,1.8
1777651433.2130766,33.8,3.4,0.54,1.81
1777651434.061089,33.8,3.4,0.54,1.81
1777651434.934912,33.8,3.4,0.54,1.81
1777651435.78235,33.8,3.4,0.54,1.81
1777651436.6308753,33.8,3.4,0.54,1.81
1777651437.5031245,33.8,3.4,0.54,1.81
1777651438.3526225,33.8,3.4,0.54,1.81
1777651439.1992161,33.8,3.4,0.54,1.81
1777651440.0723157,33.8,3.4,0.54,1.82
1777651440.9207225,33.8,3.4,0.54,1.82
1777651441.7697444,33.8,3.4,0.54,1.82
1777651442.64119,33.8,3.4,0.53,1.82
1777651443.4901326,33.8,3.4,0.53,1.82
1777651444.338728,33.8,3.4,0.54,1.82
1777651445.2122164,33.8,3.4,0.53,1.82
1777651446.0601513,33.8,3.4,0.53,1.82
1777651446.9081297,33.8,3.4,0.53,1.82
1777651447.78115,33.8,3.4,0.53,1.82
1777651448.6294327,33.8,3.4,0.53,1.82
1777651449.4774082,33.8,3.4,0.53,1.81
1777651450.3489444,33.8,3.4,0.53,1.81
1777651451.1968946,33.8,3.4,0.53,1.81
1777651452.0451376,33.8,3.4,0.53,1.81
1777651452.9194546,33.8,3.4,0.53,1.81
1777651453.7673151,33.8,3.4,0.53,1.81
1777651454.6142132,33.8,3.4,0.53,1.81
1777651455.4878075,33.8,3.4,0.53,1.81
1777651456.3352823,33.8,3.4,0.53,1.81
1777651457.184465,33.8,3.4,0.53,1.81
1777651458.0575035,33.8,3.4,0.53,1.81
1777651458.9046018,33.8,3.4,0.53,1.81
1777651459.7523334,33.8,3.4,0.53,1.81
1777651460.6267045,33.8,3.4,0.53,1.81
1777651461.4737215,33.8,3.4,0.53,1.81
1777651462.3227417,33.8,3.4,0.53,1.81
1777651463.1943142,33.8,3.4,0.53,1.81
1777651464.0427551,33.8,3.4,0.53,1.81
1777651464.8905134,33.8,3.4,0.53,1.81
1777651465.7635212,33.8,3.4,0.53,1.81
1777651466.6120908,33.8,3.4,0.53,1.81
1777651467.4606867,33.8,3.4,0.53,1.81
1777651468.3337786,33.8,3.4,0.54,1.81
1777651469.1810439,33.8,3.4,0.43,1.79
1777651470.0295925,33.8,3.4,0.34,1.76
1777651470.9025528,33.8,3.4,0.28,1.72
1777651471.7505357,33.8,3.4,0.22,1.67
1777651472.5984395,33.8,3.4,0.18,1.62
1777651473.4719164,33.8,3.4,0.14,1.56
1777651474.3193443,33.8,3.4,0.11,1.5
1777651475.1699784,33.8,3.4,0.09,0.0
1777651476.0406904,33.8,3.4,0.07,0.0
1777651476.888255,33.8,3.4,0.06,0.0
1777651477.7372584,33.8,3.4,0.05,0.0
1777651478.6099715,33.8,3.4,0.04,0.0
1777651479.457057,33.8,3.4,0.03,0.0
1777651480.305292,33.8,3.4,0.02,0.0
1777651481.1784818,33.8,3.4,0.02,0.0
1777651482.0296607,33.8,3.4,0.02,0.0
1777651482.8744442,33.8,3.4,0.01,0.0
1777651483.747246,33.8,3.4,0.01,0.0
1777651484.5952594,33.8,3.4,0.01,0.0
1777651485.443526,33.8,3.4,0.01,0.0
1777651486.3194122,33.8,3.4,0.0,0.0
1777651487.1651707,33.8,3.4,0.0,0.0
1777651488.0154207,33.8,3.4,0.0,0.0
1777651488.8885105,33.8,3.4,0.0,0.0
1777651489.744127,33.8,3.4,0.0,0.0
1777651490.5847814,33.8,3.4,0.0,0.0
1777651491.4543724,33.8,3.4,0.0,0.0
1777651492.3021843,33.8,3.4,0.0,0.0
1777651493.1502287,33.8,3.4,0.0,0.0
1777651494.0234437,33.8,3.4,0.0,0.0
1777651494.8712718,33.8,3.4,0.0,0.0
1777651495.7196295,33.8,3.4,0.0,0.0
1777651496.5923843,33.8,3.4,0.0,0.0
1777651497.4448755,33.8,3.4,0.0,0.0
1777651498.2896457,33.8,3.4,0.0,0.0
1777651499.162634,33.8,3.4,0.0,0.0
1777651500.0137417,33.8,3.4,0.0,0.0
1777651500.8584747,33.8,3.4,0.0,0.0
1777651501.7337408,33.8,3.4,0.0,0.0
1777651502.5831387,33.8,3.4,0.0,0.0
1777651503.4307919,33.8,3.4,0.0,0.0
1777651504.303972,33.8,3.4,0.0,0.0
1777651505.149949,33.8,3.4,0.0,0.0
1777651506.0000625,33.8,3.4,0.0,0.0
1777651506.8714502,33.8,3.4,0.0,0.0
1777651507.7205465,33.8,3.4,0.0,0.0
1777651508.5660613,33.8,3.4,0.0,0.0
1777651509.4419444,33.8,3.4,0.0,0.0
1777651510.2902741,33.8,3.4,0.0,0.0
1777651511.1360927,33.8,3.4,0.0,0.0
1777651512.009055,33.8,3.4,0.0,0.0
1777651512.8571544,33.8,3.4,0.0,0.0
1777651513.705157,33.8,3.4,0.0,0.0
1777651514.5776987,33.8,3.4,0.0,0.0
1777651515.4258163,33.8,3.4,0.0,0.0
1777651516.2737682,33.8,3.4,0.0,0.0
1777651517.1470256,33.8,3.4,0.0,0.0
1777651517.9972754,33.8,3.4,0.0,0.0
1777651518.8421142,33.8,3.4,0.0,0.0
1777651519.7163181,33.8,3.4,0.0,0.0
1777651520.5632622,33.8,3.4,0.0,0.0
1777651521.4113483,33.8,3.4,0.0,0.0
1777651522.284294,33.8,3.4,0.0,0.0
1777651523.132189,33.8,3.4,0.0,0.0
1777651523.9807434,33.8,3.4,0.0,0.0
1777651524.8565989,33.8,3.4,0.0,0.0
1777651525.7027612,33.8,3.4,0.0,0.0
1777651526.5494885,33.8,3.4,0.0,0.0
1777651527.4224558,33.8,3.4,0.0,0.0
1777651528.2704434,33.8,3.4,0.0,0.0
1777651529.1196926,33.8,3.4,0.0,0.0
1777651529.9915092,33.8,3.4,0.0,0.0
1777651530.8424487,33.8,3.4,0.0,0.0
1777651531.6875236,33.8,3.4,0.0,0.0
1777651532.5604851,33.8,3.4,0.0,0.0
1777651533.4117813,33.8,3.4,0.0,0.0
1777651534.2575765,33.8,3.4,0.0,0.0
1777651535.1293683,33.8,3.4,0.0,0.0
1777651535.9809067,33.8,3.4,0.0,0.0
1777651536.8255374,33.8,3.4,0.0,0.0
1777651537.6992116,33.8,3.4,0.0,0.0
1777651538.5501916,33.8,3.4,0.0,0.0
1777651539.3987765,33.8,3.4,0.0,0.0
1777651540.2678027,33.8,3.4,0.0,0.0
1777651541.1158628,33.8,3.4,0.0,0.0
1777651541.963862,33.8,3.4,0.0,0.0
1777651542.8397307,33.8,3.4,0.0,0.0
1777651543.6857436,33.8,3.4,0.0,0.0
1777651544.533823,33.8,3.4,0.0,0.0
1777651545.4058769,33.8,3.4,0.0,0.0
1777651546.2582774,33.8,3.4,0.0,0.0
1777651547.103783,33.8,3.4,0.0,0.0
1777651547.9750192,33.8,3.4,0.0,0.0
1777651548.82483,33.8,3.4,0.0,0.0
1777651549.6730368,33.8,3.4,0.0,0.0
1777651550.5460398,33.8,3.4,0.0,0.0
1777651551.393877,33.8,3.4,0.0,0.0
1777651552.2415783,33.8,3.4,0.0,0.0
1777651553.1149356,33.8,3.4,0.0,0.0
1777651553.9628026,33.8,3.4,0.0,0.0
1777651554.8110907,33.8,3.4,0.0,0.0
1777651555.683837,33.8,3.4,0.0,0.0
1777651556.5312026,33.8,3.4,0.0,0.0
1777651557.3790832,33.8,3.4,0.0,0.0
1777651558.255471,33.8,3.4,0.0,0.0
1777651559.103349,33.8,3.4,0.0,0.0
1777651559.947836,33.8,3.4,0.0,0.0
1777651560.8245108,33.8,3.4,0.0,0.0
1777651561.6691735,33.8,3.4,0.0,0.0
1777651562.517383,33.8,3.4,0.0,0.0
1777651563.3911932,33.8,3.4,0.0,0.0
1777651564.2385395,33.8,3.4,0.0,0.0
1777651565.0894835,33.8,3.4,0.0,0.0
1777651565.9591825,33.8,3.4,0.0,0.0
1777651566.8073866,33.8,3.4,0.0,0.0
1777651567.6551905,33.8,3.4,0.0,0.0
1777651568.531701,33.8,3.4,0.0,0.0
1777651569.3765285,33.8,3.4,0.0,0.0
1777651570.2245505,33.8,3.4,0.0,0.0
1777651571.097463,33.8,3.4,0.0,0.0
1777651571.9486184,33.8,3.4,0.0,0.0
1777651572.7936816,33.8,3.4,0.0,0.0
1777651573.6666803,33.8,3.4,0.0,0.0
1777651574.517733,33.8,3.4,0.0,0.0
1777651575.3627014,33.8,3.4,0.0,0.0
1777651576.235564,33.8,3.4,0.0,0.0
1777651577.086865,33.8,3.4,0.0,0.0
1777651577.9348433,33.8,3.4,0.0,0.0
1777651578.8057787,33.8,3.4,0.0,0.0
1777651579.6528764,33.8,3.4,0.0,0.0
1777651580.5009227,33.8,3.4,0.0,0.0
1777651581.376956,33.8,3.4,0.0,0.0
1777651582.2259045,33.8,3.4,0.0,0.0
1777651583.0699735,33.8,3.4,0.0,0.0
1777651583.9425104,33.8,3.4,0.0,0.0
1777651584.79497,33.8,3.4,0.0,0.0
1777651585.6428888,33.8,3.4,0.0,0.0
1777651586.516176,33.8,3.4,0.0,0.0
1777651587.3620229,33.8,3.4,0.0,0.0
1777651588.2096965,33.8,3.4,0.0,0.0
1777651589.0821245,33.8,3.4,0.0,0.0
1777651589.9290738,33.8,3.4,0.0,0.0
1777651590.7770872,33.8,3.4,0.0,0.0
1777651591.6498728,33.8,3.4,0.0,0.0
1777651592.500022,33.8,3.4,0.0,0.0
1777651593.3482468,33.8,3.4,0.0,0.0
1777651594.2203763,33.8,3.4,0.0,0.0
1777651595.0679605,33.8,3.4,0.0,0.0
1777651595.9172237,33.8,3.4,0.0,0.0
1777651596.7924461,33.8,3.4,0.0,0.0
1777651597.637869,33.8,3.4,0.0,0.0
1777651598.4863217,33.8,3.4,0.0,0.0
1777651599.36169,33.8,3.4,0.0,0.0
1777651600.2063308,33.8,3.4,0.0,0.0
1777651601.0549812,33.8,3.4,0.0,0.0
1777651601.928721,33.8,3.4,0.0,0.0
1777651602.7755406,33.8,3.4,0.0,0.0
1777651603.6247325,33.8,3.4,0.0,0.0
1777651604.4966733,33.8,3.4,0.0,0.0
1777651605.3475757,33.8,3.4,0.0,0.0
1777651606.1924298,33.8,3.4,0.0,0.0
1777651607.0666368,33.8,3.4,0.0,0.0
1777651607.9135861,33.8,3.4,0.0,0.0
1777651608.76225,33.8,3.4,0.0,0.0
1777651609.634708,33.8,3.4,0.0,0.0
1777651610.4857554,33.8,3.4,0.0,0.0
1777651611.3310866,33.8,3.4,0.0,0.0
1777651612.203777,33.8,3.4,0.0,0.0
1777651613.0549,33.8,3.4,0.0,0.0
1777651613.8998096,33.8,3.4,0.0,0.0
1777651614.772544,33.8,3.4,0.0,0.0
1777651615.620797,33.8,3.4,0.0,0.0
1777651616.471871,33.8,3.4,0.0,0.0
1777651617.341969,33.8,3.4,0.0,0.0
1777651618.192843,33.8,3.4,0.0,0.0
1777651619.0408998,33.8,3.4,0.0,0.0
1777651619.9117842,33.8,3.4,0.0,0.0
1777651620.7590446,33.8,3.4,0.0,0.0
1777651621.6071005,33.8,3.4,0.0,0.0
1777651622.4830284,33.8,3.4,0.0,0.0
1777651623.3320217,33.8,3.4,0.0,0.0
1777651624.1800559,33.8,3.4,0.0,0.0
1777651625.0488055,33.8,3.4,0.0,0.0
1777651625.8976884,33.8,3.4,0.0,0.0
1777651626.7492104,33.8,3.4,0.0,0.0
1777651627.6190858,33.8,3.4,0.0,0.0
1777651628.4701061,33.8,3.4,0.0,0.0
1777651629.3161287,33.8,3.4,0.0,0.0
1777651630.1869879,33.8,3.4,0.0,0.0
1777651631.0393226,33.8,3.4,0.0,0.0
1777651631.8872936,33.8,3.4,0.0,0.0
1777651632.756043,33.8,3.4,0.0,0.0
1777651633.6083024,33.8,3.4,0.0,0.0
1777651634.4562619,33.8,3.4,0.0,0.0
1777651635.3293595,33.8,3.4,0.0,0.0
1777651636.1752355,33.8,3.4,0.0,0.0
1777651637.0231621,33.8,3.4,0.0,0.0
1777651637.898425,33.8,3.4,0.0,0.0
1777651638.743333,33.8,3.4,0.0,0.0
1777651639.5943477,33.8,3.4,0.0,0.0
1777651640.4674852,33.8,3.4,0.0,0.0
1777651641.3124285,33.8,3.4,0.0,0.0
1777651642.1605225,33.8,3.4,0.0,0.0
1777651643.0343401,33.8,3.4,0.0,0.0
1777651643.8813257,33.8,3.4,0.0,0.0
1777651644.729506,33.8,3.4,0.0,0.0
1777651645.6055737,33.8,3.4,0.0,0.0
1777651646.450759,33.8,3.4,0.0,0.0
1777651647.2985168,33.8,3.4,0.0,0.0
1777651648.1745415,33.8,3.4,0.0,0.0
1777651649.0194964,33.8,3.4,0.0,0.0
1777651649.8672101,33.8,3.4,0.0,0.0
1777651650.7437794,33.8,3.4,0.0,0.0
1777651651.5886922,33.8,3.4,0.0,0.0
1777651652.4366765,33.8,3.4,0.0,0.0
1777651653.3099236,33.8,3.4,0.0,0.0
1777651654.1579332,33.8,3.4,0.0,0.0
1777651655.0876403,33.8,3.4,0.0,0.0
1777651655.8788009,33.8,3.4,0.0,0.0
1777651656.7298157,33.8,3.4,0.0,0.0
1777651657.574861,33.8,3.4,0.0,0.0
1777651658.4512286,33.8,3.4,0.0,0.0
1777651659.2990751,33.8,3.4,0.0,0.0
1777651660.1470482,33.8,3.4,0.0,0.0
1777651661.0169544,33.8,3.4,0.0,0.0
1777651661.8646977,33.8,3.4,0.0,0.0
1777651662.712955,33.8,3.4,0.0,0.0
1777651663.5857952,33.8,3.4,0.0,0.0
1777651664.4380314,33.8,3.4,0.0,0.0
1777651665.2818394,33.8,3.4,0.0,0.0
1777651666.1583016,33.8,3.4,0.0,0.0
1777651667.0041034,33.8,3.4,0.0,0.0
1777651667.8523493,33.8,3.4,0.0,0.0
1777651668.724287,33.8,3.4,0.0,0.0
1777651669.5733302,33.8,3.4,0.0,0.0
1777651670.4243054,33.8,3.4,0.0,0.0
1777651671.2933383,33.8,3.4,0.0,0.0
1777651672.1422439,33.8,3.4,0.0,0.0
1777651672.993654,33.8,3.4,0.0,0.0
1777651673.866513,33.8,3.4,0.0,0.0
1777651674.7123694,33.8,3.4,0.0,0.0
1777651675.5713103,33.8,3.4,0.0,0.0
1777651676.4322581,33.8,3.4,0.0,0.0
1777651677.283713,33.8,3.4,0.0,0.0
1777651678.1315677,33.8,3.4,0.0,0.0
1777651679.000636,33.8,3.4,0.0,0.0
1777651679.8495789,33.8,3.4,0.0,0.0
1777651680.7008984,33.8,3.4,0.0,0.0
1777651681.5714478,33.8,3.4,0.0,0.0
1777651682.4195232,33.8,3.4,0.0,0.0
1777651683.2695353,33.8,3.4,0.0,0.0
1777651684.142494,33.8,3.4,0.0,0.0
1777651684.987749,33.8,3.4,0.0,0.0
1777651685.8376245,33.8,3.4,0.0,0.0
1777651686.709557,33.8,3.4,0.0,0.0
1777651687.556656,33.8,3.4,0.0,0.0
1777651688.40474,33.8,3.4,0.0,0.0
1777651689.278806,33.8,3.4,0.0,0.0
1777651690.1257029,33.8,3.4,0.0,0.0
1777651690.9767158,33.8,3.4,0.0,0.0
1777651691.8466067,33.8,3.4,0.0,0.0
1777651692.6950512,33.8,3.4,0.0,0.0
1777651693.5457735,33.8,3.4,0.0,0.0
1777651694.4188423,33.8,3.4,0.0,0.0
1777651695.2639208,33.8,3.4,0.0,0.0
1777651696.1148973,33.8,3.4,0.0,0.0
1777651696.984943,33.8,3.4,0.0,0.0
1777651697.8330166,33.8,3.4,0.0,0.0
1777651698.680823,33.8,3.4,0.0,0.0
1777651699.553924,33.8,3.4,0.0,0.0
1777651700.4019384,33.8,3.4,0.0,0.0
1777651701.2529697,33.8,3.4,0.0,0.0
1777651702.1230354,33.8,3.4,0.0,0.0
1777651702.9741492,33.8,3.4,0.0,0.0
1777651703.818989,33.8,3.4,0.0,0.0
1777651704.6952507,33.8,3.4,0.0,0.0
1777651705.5401056,33.8,3.4,0.0,0.0
1777651706.388931,33.8,3.4,0.0,0.0
1777651707.2611604,33.8,3.4,0.0,0.0
1777651708.1134222,33.8,3.4,0.0,0.0
1777651708.9582207,33.8,3.4,0.0,0.0
1777651709.8303607,33.8,3.4,0.0,0.0
1777651710.679429,33.8,3.4,0.0,0.0
1777651711.530432,33.8,3.4,0.0,0.0
1777651712.399125,33.8,3.4,0.0,0.0
1777651713.2492073,33.8,3.4,0.0,0.0
1777651714.0973537,33.8,3.4,0.0,0.0
1777651714.968384,33.8,3.4,0.0,0.0
1777651715.8206127,33.8,3.4,0.0,0.0
1777651716.6658258,33.8,3.4,0.0,0.0
1777651717.5373938,33.8,3.4,0.0,0.0
1777651718.3878424,33.8,3.4,0.0,0.0
1777651719.2344763,33.8,3.4,0.0,0.0
1777651720.1074753,33.8,3.4,0.0,0.0
1777651720.958725,33.8,3.4,0.0,0.0
1777651721.8071256,33.8,3.4,0.0,0.0
1777651722.6776996,33.8,3.4,0.0,0.0
1777651723.5247126,33.8,3.4,0.0,0.0
1777651724.3726044,33.8,3.4,0.0,0.0
1777651725.2454305,33.8,3.4,0.0,0.0
1777651726.0939476,33.8,3.4,0.0,0.0
1777651726.9415562,33.8,3.4,0.0,0.0
1777651727.8158028,33.8,3.4,0.0,0.0
1777651728.6627562,33.8,3.4,0.0,0.0
1777651729.5113132,33.8,3.4,0.0,0.0
1777651730.3849256,33.8,3.4,0.0,0.0
1777651731.2317908,33.8,3.4,0.0,0.0
1777651732.0799286,33.8,3.4,0.0,0.0
1777651732.9559832,33.8,3.4,0.0,0.0
1777651733.800721,33.8,3.4,0.0,0.0
1777651734.6488059,33.8,3.4,0.0,0.0
1777651735.522984,33.8,3.4,0.0,0.0
1777651736.373458,33.8,3.4,0.0,0.0
1777651737.2179127,33.8,3.4,0.0,0.0
1777651738.0919206,33.8,3.4,0.0,0.0
1777651738.9420848,33.8,3.4,0.0,0.0
1777651739.7872868,33.8,3.4,0.0,0.0
1777651740.6604006,33.8,3.4,0.0,0.0
1777651741.5082164,33.8,3.4,0.0,0.0
1777651742.3591897,33.8,3.4,0.0,0.0
1777651743.2292762,33.8,3.4,0.0,0.0
1777651744.076818,33.8,3.4,0.0,0.0
1777651744.9286458,33.8,3.4,0.0,0.0
1777651745.7981083,33.8,3.4,0.0,0.0
1777651746.646296,33.8,3.4,0.0,0.0
1777651747.498853,33.8,3.4,0.0,0.0
1777651748.367226,33.8,3.4,0.0,0.0
1777651749.2154799,33.8,3.4,0.0,0.0
1777651750.0674584,33.8,3.4,0.0,0.0
1777651750.9393854,33.8,3.4,0.0,0.0
1777651751.7854497,33.8,3.4,0.0,0.0
1777651752.6344173,33.8,3.4,0.0,0.0
1777651753.5061827,33.8,3.4,0.0,0.0
1777651754.355535,33.8,3.4,0.0,0.0
1777651755.2023118,33.8,3.4,0.0,0.0
1777651756.074616,33.8,3.4,0.0,0.0
1777651756.9268482,33.8,3.4,0.0,0.0
1777651757.7727435,33.8,3.4,0.0,0.0
1777651758.6485114,33.8,3.4,0.0,0.0
1777651759.4927154,33.8,3.4,0.0,0.0
1777651760.3415668,33.8,3.4,0.0,0.0
1777651761.216761,33.8,3.4,0.0,0.0
1777651762.0651264,33.8,3.4,0.0,0.0
1777651762.9101439,33.8,3.4,0.0,0.0
1777651763.784155,33.8,3.4,0.0,0.0
1777651764.6340792,33.8,3.4,0.0,0.0
1777651765.4787617,33.8,3.4,0.0,0.0
1777651766.3532422,33.8,3.4,0.0,0.0
1777651767.2029226,33.8,3.4,0.0,0.0
1777651768.04803,33.8,3.4,0.0,0.0
1777651768.9222684,33.8,3.4,0.0,0.0
1777651769.769009,33.8,3.4,0.0,0.0
1777651770.616891,33.8,3.4,0.0,0.0
1777651771.4909472,33.8,3.4,0.0,0.0
1777651772.341424,33.8,3.4,0.0,0.0
1777651773.1859112,33.8,3.4,0.0,0.0
1777651774.0622833,33.8,3.4,0.0,0.0
1777651774.9070182,33.8,3.4,0.0,0.0
1777651775.7548366,33.8,3.4,0.0,0.0
1777651776.6282039,33.8,3.4,0.0,0.0
1777651777.4791484,33.8,3.4,0.0,0.0
1777651778.323855,33.8,3.4,0.0,0.0
1777651779.2003405,33.8,3.4,0.0,0.0
1777651780.045181,33.8,3.4,0.0,0.0
1777651780.8932252,33.8,3.4,0.0,0.0
1777651781.7660701,33.8,3.4,0.0,0.0
1777651782.6142948,33.8,3.4,0.0,0.0
1777651783.4622107,33.8,3.4,0.0,0.0
1777651784.3383548,33.8,3.4,0.0,0.0
1777651785.183462,33.8,3.4,0.0,0.0
1777651786.0315037,33.8,3.4,0.0,0.0
1777651786.90439,33.8,3.4,0.0,0.0
1777651787.7526312,33.8,3.4,0.0,0.0
1777651788.6006312,33.8,3.4,0.0,0.0
1777651789.4738512,34.2,3.4,0.0,0.0
1777651790.3256428,34.2,3.4,0.0,0.0
1777651791.1706429,34.2,3.4,0.0,0.0
1777651792.042269,34.2,3.4,0.0,0.0
1777651792.8914132,34.2,3.4,0.0,0.0
1777651793.7394335,34.2,3.4,0.0,0.0
1777651794.6131253,34.7,3.4,0.0,0.0
1777651795.461603,34.7,3.4,0.0,0.0
1777651796.3086164,34.7,3.4,0.0,0.0
1777651797.1807325,34.2,3.4,0.0,0.0
1777651798.02997,34.2,3.4,0.0,0.0
1777651798.877827,34.2,3.4,0.0,0.0
1777651799.7508128,34.2,3.4,0.0,0.0
1777651800.6000614,34.2,3.4,0.0,0.0
1777651801.4477413,34.2,3.4,0.0,0.0
1777651802.3228881,34.2,3.4,0.0,0.0
1777651803.1689966,34.2,3.4,0.0,0.0
1777651804.0168545,34.2,3.4,0.0,0.0
1777651804.8895254,34.2,3.4,0.0,0.0
1777651805.739978,34.2,3.4,0.0,0.0
1777651806.5856547,34.2,3.4,0.0,0.0
1777651807.458335,34.2,3.4,0.0,0.0
1777651808.3060222,34.2,3.4,0.0,0.0
1777651809.153686,34.2,3.4,0.0,0.0
1777651810.0304172,34.2,3.4,0.0,0.0
1777651810.875092,34.2,3.4,0.0,0.0
1777651811.7231586,34.2,3.4,0.0,0.0
1777651812.5974422,34.2,3.4,0.0,0.0
1777651813.4472873,34.2,3.4,0.0,0.0
1777651814.2921524,34.2,3.4,0.0,0.0
1777651815.168206,34.2,3.4,0.0,0.0
1777651816.0138063,34.2,3.4,0.0,0.0
1777651816.862314,34.2,3.4,0.0,0.0
1777651817.7342741,34.2,3.4,0.0,0.0
1777651818.5858712,34.2,3.4,0.0,0.0
1777651819.4304879,34.2,3.4,0.0,0.0
1777651820.303093,34.2,3.4,0.0,0.0
1777651821.1525123,34.2,3.4,0.0,0.0
1777651821.9998217,34.2,3.4,0.0,0.0
1777651822.8724272,34.2,3.4,0.0,0.0
1777651823.7234855,34.2,3.4,0.0,0.0
1777651824.568491,34.2,3.4,0.0,0.0
1777651825.4450037,34.2,3.4,0.0,0.0
1777651826.2904694,34.2,3.4,0.0,0.0
1777651827.1376023,34.2,3.4,0.0,0.0
1777651828.010327,34.2,3.4,0.0,0.0
1777651828.858551,34.2,3.4,0.0,0.0
1777651829.7065413,34.2,3.4,0.0,0.0
1777651830.5792272,34.2,3.4,0.0,0.0
1777651831.4272888,34.2,3.4,0.0,0.0
1777651832.2797866,34.2,3.4,0.0,0.0
1777651833.1526387,34.2,3.4,0.0,0.0
1777651833.9974742,34.2,3.4,0.0,0.0
1777651834.845464,34.2,3.4,0.0,0.0
1777651835.7179787,34.2,3.4,0.0,0.0
1777651836.5673013,34.2,3.4,0.0,0.0
1777651837.4177678,34.2,3.4,0.0,0.0
1777651838.2907639,34.2,3.4,0.0,0.0
1777651839.1369278,34.2,3.4,0.0,0.0
1777651839.9835079,34.2,3.4,0.0,0.0
1777651840.8598394,34.2,3.4,0.0,0.0
1777651841.7058587,34.2,3.4,0.0,0.0
1777651842.5561519,34.2,3.4,0.0,0.0
1777651843.4262335,34.2,3.4,0.0,0.0
1777651844.274695,34.2,3.4,0.0,0.0
1777651845.1218355,34.2,3.4,0.0,0.0
1777651845.995084,34.2,3.4,0.0,0.0
1777651846.843629,34.2,3.4,0.0,0.0
1777651847.6940415,34.2,3.4,0.0,0.0
1777651848.5652502,34.2,3.4,0.0,0.0
1777651849.4122844,34.2,3.4,0.0,0.0
1777651850.2598145,34.2,3.4,0.0,0.0
1777651851.1333528,34.2,3.4,0.0,0.0
1777651851.9811926,34.2,3.4,0.0,0.0
1777651852.8290157,34.2,3.4,0.0,0.0
1777651853.7026916,34.2,3.4,0.0,0.0
1777651854.5503147,34.2,3.4,0.0,0.0
1777651855.401227,34.2,3.4,0.0,0.0
1777651856.2720294,34.2,3.4,0.0,0.0
1777651857.1199296,34.2,3.4,0.0,0.0
1777651857.970282,34.2,3.4,0.0,0.0
1777651858.8436499,34.2,3.4,0.0,0.0
1777651859.6884766,34.2,3.4,0.0,0.0
1777651860.53735,34.2,3.4,0.0,0.0
1777651861.4132738,34.2,3.4,0.0,0.0
1777651862.260475,34.2,3.4,0.0,0.0
1777651863.1054752,34.2,3.4,0.0,0.0
1777651863.9823217,34.2,3.4,0.0,0.0
1777651864.826502,34.2,3.4,0.0,0.0
1777651865.6776295,34.2,3.4,0.0,0.0
1777651866.5475802,34.2,3.4,0.0,0.0
1777651867.396709,34.2,3.4,0.0,0.0
1777651868.2467313,34.2,3.4,0.0,0.0
1777651869.116492,34.2,3.4,0.0,0.0
1777651869.9646876,34.2,3.4,0.0,0.0
1777651870.8171499,34.2,3.4,0.0,0.0
1777651871.6853883,34.2,3.4,0.0,0.0
1777651872.5378635,34.2,3.4,0.0,0.0
1777651873.381771,34.2,3.4,0.0,0.0
1777651874.254789,34.2,3.4,0.0,0.0
1777651875.1076837,34.2,3.4,0.0,0.0
1777651875.9527965,34.2,3.4,0.0,0.0
1777651876.8236816,34.2,3.4,0.0,0.0
1777651877.6734407,34.2,3.4,0.0,0.0
1777651878.5240445,34.2,3.4,0.0,0.0
1777651879.3930187,34.2,3.4,0.0,0.0
1777651880.2409606,34.2,3.4,0.0,0.0
1777651881.0933778,34.2,3.4,0.0,0.0
1777651881.96643,34.2,3.4,0.0,0.0
1777651882.814027,34.2,3.4,0.0,0.0
1777651883.6629336,34.2,3.4,0.0,0.0
1777651884.5315754,34.2,3.4,0.0,0.0
1777651885.3801541,34.2,3.4,0.0,0.0
1777651886.228477,34.2,3.4,0.0,0.0
1777651887.1042147,34.2,3.4,0.0,0.0
1777651887.949151,34.2,3.4,0.0,0.0
1777651888.7979853,34.2,3.4,0.0,0.0
1777651889.6711001,34.2,3.4,0.0,0.0
1777651890.518261,34.2,3.4,0.0,0.0
1777651891.3660235,34.2,3.4,0.0,0.0
1777651892.2405653,34.2,3.4,0.0,0.0
1777651893.0870712,34.2,3.4,0.0,0.0
1777651893.9384477,34.2,3.4,0.0,0.0
1777651894.811381,34.2,3.4,0.0,0.0
1777651895.6561732,34.2,3.4,0.0,0.0
1777651896.50389,34.2,3.4,0.0,0.0
1777651897.3805835,34.2,3.4,0.0,0.0
1777651898.2251527,34.2,3.4,0.0,0.0
1777651899.0764592,34.2,3.4,0.0,0.0
1777651899.9495592,34.2,3.4,0.0,0.0
1777651900.797593,34.2,3.4,0.0,0.0
1777651901.6421719,34.2,3.4,0.0,0.0
1777651902.5153801,34.2,3.4,0.0,0.0
1777651903.364688,34.2,3.4,0.0,0.0
1777651904.2140434,34.2,3.4,0.0,0.0
1777651905.0842202,34.2,3.4,0.0,0.0
1777651905.9337714,34.2,3.4,0.0,0.0
1777651906.7804198,34.2,3.4,0.0,0.0
1777651907.6536427,34.2,3.4,0.0,0.0
1777651908.5016983,34.2,3.4,0.0,0.0
1777651909.349888,34.2,3.4,0.0,0.0
1777651910.2256935,34.2,3.4,0.0,0.0
1777651911.071244,34.2,3.4,0.0,0.0
1777651911.918543,34.2,3.4,0.0,0.0
1777651912.791683,34.7,3.4,0.0,0.0
1777651913.640329,34.7,3.4,0.0,0.0
1777651914.492049,34.7,3.4,0.0,0.0
1777651915.3605888,34.7,3.4,0.0,0.0
1777651916.2129667,34.7,3.4,0.0,0.0
1777651917.0608935,34.7,3.4,0.0,0.0
1777651917.934282,35.2,3.4,0.0,0.0
1777651918.7799802,35.2,3.4,0.0,0.0
1777651919.629845,35.2,3.4,0.0,0.0
1777651920.5032191,35.2,3.4,0.0,0.0
1777651921.3489428,35.2,3.4,0.0,0.0
1777651922.1990027,35.2,3.4,0.0,0.0
1777651923.0688388,35.2,3.4,0.0,0.0
1777651923.916732,35.2,3.4,0.0,0.0
1777651924.7660928,35.2,3.4,0.0,0.0
1777651925.6413476,35.2,3.4,0.0,0.0
1777651926.4893663,35.2,3.4,0.0,0.0
1777651927.3351238,35.2,3.4,0.0,0.0
1777651928.210795,35.2,3.4,0.0,0.0
1777651929.0552611,35.2,3.4,0.0,0.0
1777651929.9061623,35.2,3.4,0.0,0.0
1777651930.776427,35.6,3.4,0.0,0.0
1777651931.6243377,35.6,3.4,0.0,0.0
1777651932.4725666,35.6,3.4,0.0,0.0
1777651933.348365,35.6,3.4,0.0,0.0
1777651934.1930642,35.6,3.4,0.0,0.0
1777651935.041363,35.6,3.4,0.0,0.0
1777651935.9142785,35.6,3.4,0.0,0.0
1777651936.7655954,35.6,3.4,0.0,0.0
1777651937.6104023,35.6,3.4,0.0,0.0
1777651938.4845695,35.6,3.4,0.0,0.0
1777651939.331329,35.6,3.4,0.0,0.0
1777651940.17956,35.6,3.4,0.0,0.0
1777651941.0526223,35.6,3.4,0.0,0.0
1777651941.903573,35.6,3.4,0.0,0.0
1777651942.748668,35.6,3.4,0.0,0.0
1777651943.6215744,35.6,3.4,0.0,0.0
1777651944.472662,35.6,3.4,0.0,0.0
1777651945.320632,35.6,3.4,0.0,0.0
1777651946.1938667,35.6,3.4,0.0,0.0
1777651947.0415874,35.6,3.4,0.0,0.0
1777651947.8864837,35.6,3.4,0.0,0.0
1777651948.7595797,35.6,3.4,0.0,0.0
1777651949.607771,35.6,3.4,0.0,0.0
1777651950.4563103,35.6,3.4,0.0,0.0
1777651951.3288124,35.6,3.4,0.0,0.0
1777651952.1812932,35.6,3.4,0.0,0.0
1777651953.0293736,35.6,3.4,0.0,0.0
1777651953.90104,35.6,3.4,0.0,0.0
1777651954.7467582,35.6,3.4,0.0,0.0
1777651955.5949671,35.6,3.4,0.0,0.0
1777651956.4672942,35.6,3.4,0.0,0.0
1777651957.3160048,35.6,3.4,0.0,0.0
1777651958.1671815,35.6,3.4,0.0,0.0
1777651959.0401404,35.6,3.4,0.0,0.0
1777651959.88553,35.6,3.4,0.0,0.0
1777651960.7340293,35.6,3.4,0.0,0.0
1777651961.6058915,35.6,3.4,0.0,0.0
1777651962.455077,35.6,3.4,0.0,0.0
1777651963.3026268,35.6,3.4,0.0,0.0
1777651964.1761935,35.6,3.4,0.0,0.0
1777651965.0242503,35.6,3.4,0.0,0.0
1777651965.8714595,35.6,3.4,0.0,0.0
1777651966.7473302,35.6,3.4,0.0,0.0
1777651967.592122,35.6,3.4,0.0,0.0
1777651968.4412284,35.6,3.4,0.0,0.0
1777651969.31412,35.6,3.4,0.0,0.0
1777651970.1644437,35.6,3.4,0.0,0.0
1777651971.01281,35.6,3.4,0.0,0.0
1777651971.8826082,35.6,3.4,0.0,0.0
1777651972.730432,35.6,3.4,0.0,0.0
1777651973.5814235,35.6,3.4,0.0,0.0
1777651974.4510975,35.6,3.4,0.0,0.0
1777651975.299692,35.6,3.4,0.0,0.0
1777651976.1478,35.6,3.4,0.0,0.0
1777651977.0210085,35.6,3.4,0.0,0.0
1777651977.8685596,35.6,3.4,0.0,0.0
1777651978.719587,35.6,3.4,0.0,0.0
1777651979.590966,35.6,3.4,0.0,0.0
1777651980.4411266,35.6,3.4,0.0,0.0
1777651981.285869,35.6,3.4,0.0,0.0
1777651982.1586354,35.6,3.4,0.0,0.0
1777651983.0066853,35.6,3.4,0.0,0.0
1777651983.8547647,35.6,3.4,0.0,0.0
1777651984.7305598,35.2,3.4,0.0,0.0
1777651985.5755835,35.2,3.4,0.0,0.0
1777651986.4236915,35.2,3.4,0.0,0.0
1777651987.2964275,35.2,3.4,0.0,0.0
1777651988.144764,35.2,3.4,0.0,0.0
1777651988.992859,35.2,3.4,0.0,0.0
1777651989.865776,35.2,3.4,0.0,0.0
1777651990.7181077,35.2,3.4,0.0,0.0
1777651991.562135,35.2,3.4,0.0,0.0
1777651992.4350283,35.2,3.4,0.0,0.0
1777651993.2841396,35.2,3.4,0.0,0.0
1777651994.131902,35.2,3.4,0.0,0.0
1777651995.0049987,35.2,3.4,0.0,0.0
1777651995.856029,35.2,3.4,0.0,0.0
1777651996.7016072,35.2,3.4,0.0,0.0
1777651997.5740974,35.2,3.4,0.0,0.0
1777651998.4231646,35.2,3.4,0.0,0.0
1777651999.2689831,35.2,3.4,0.0,0.0
1777652000.1428728,35.2,3.4,0.0,0.0
1777652000.9946158,35.2,3.4,0.0,0.0
1777652001.840624,35.2,3.4,0.0,0.0
1777652002.712336,35.2,3.4,0.0,0.0
1777652003.5631318,35.2,3.4,0.0,0.0
1777652004.4092107,35.2,3.4,0.0,0.0
1777652005.2821531,35.2,3.4,0.0,0.0
1777652006.1325812,35.2,3.4,0.0,0.0
1777652006.9803016,35.2,3.4,0.0,0.0
1777652007.8533072,35.2,3.4,0.0,0.0
1777652008.6983757,35.2,3.4,0.0,0.0
1777652009.5498464,35.2,3.4,0.0,0.0
1777652010.4200284,35.2,3.4,0.0,0.0
1777652011.2676263,35.2,3.4,0.0,0.0
1777652012.1154125,35.2,3.4,0.0,0.0
1777652012.9914403,35.2,3.4,0.0,0.0
1777652013.8369992,35.2,3.4,0.0,0.0
1777652014.6844444,35.2,3.4,0.0,0.0
1777652015.5588317,35.2,3.4,0.0,0.0
1777652016.4085858,35.2,3.4,0.0,0.0
1777652017.2537358,35.2,3.4,0.0,0.0
1777652018.12645,35.2,3.4,0.0,0.0
1777652018.974591,35.2,3.4,0.0,0.0
1777652019.8237472,35.2,3.4,0.0,0.0
1777652020.6958992,35.2,3.4,0.0,0.0
1777652021.5441003,35.2,3.4,0.0,0.0
1777652022.3916476,35.2,3.4,0.0,0.0
1777652023.264234,35.2,3.4,0.0,0.0
1777652024.1157851,35.2,3.4,0.0,0.0
1777652024.9610267,35.2,3.4,0.0,0.0
1777652025.8338568,35.2,3.4,0.0,0.0
1777652026.6817274,35.2,3.4,0.0,0.0
1777652027.5327127,35.2,3.4,0.0,0.0
1777652028.4061174,35.2,3.4,0.0,0.0
1777652029.2514443,35.2,3.4,0.0,0.0
1777652030.1030555,35.2,3.4,0.0,0.0
1777652030.9750504,35.2,3.4,0.0,0.0
1777652031.8200228,35.2,3.4,0.0,0.0
1777652032.6719308,35.2,3.4,0.0,0.0
1777652033.5410573,35.2,3.4,0.0,0.0
1777652034.3936558,35.2,3.4,0.0,0.0
1777652035.2370875,35.2,3.4,0.0,0.0
1777652036.1101625,34.9,3.4,0.0,0.0
1777652036.9596782,34.9,3.4,0.0,0.0
1777652037.8100932,34.9,3.4,0.0,0.0
1777652038.6831985,34.7,3.4,0.0,0.0
1777652039.5318365,34.7,3.4,0.0,0.0
1777652040.3762286,34.7,3.4,0.0,0.0
1777652041.2482443,34.7,3.4,0.0,0.0
1777652042.1011684,34.7,3.4,0.0,0.0
1777652042.9464333,34.7,3.4,0.0,0.0
1777652043.8172984,34.7,3.4,0.0,0.0
1777652044.667374,34.7,3.4,0.0,0.0
1777652045.5144656,34.7,3.4,0.0,0.0
1777652046.3875036,34.7,3.4,0.0,0.0
1777652047.2384298,34.7,3.4,0.0,0.0
1777652048.083454,34.7,3.4,0.0,0.0
1777652048.9596083,34.7,3.4,0.0,0.0
1777652049.8041902,34.7,3.4,0.0,0.0
1777652050.6555047,34.7,3.4,0.0,0.0
1777652051.5252097,34.7,3.4,0.0,0.0
1777652052.3734279,34.7,3.4,0.0,0.0
1777652053.2215266,34.7,3.4,0.0,0.0
1777652054.0976076,34.7,3.4,0.0,0.0
1777652054.9425676,34.7,3.4,0.0,0.0
1777652055.7912157,34.7,3.4,0.0,0.0
1777652056.6667957,34.7,3.4,0.0,0.0
1777652057.511766,34.7,3.4,0.0,0.0
1777652058.3596,34.7,3.4,0.0,0.0
1777652059.2340767,34.7,3.4,0.0,0.0
1777652060.0804374,34.7,3.4,0.0,0.0
1777652060.9319997,34.7,3.4,0.0,0.0
1777652061.8014271,34.7,3.4,0.0,0.0
1777652062.6527727,34.7,3.4,0.0,0.0
1777652063.4976857,34.7,3.4,0.0,0.0
1777652064.370833,34.7,3.4,0.0,0.0
1777652065.219071,34.7,3.4,0.0,0.0
1777652066.0665874,34.7,3.4,0.0,0.0
1777652066.9399278,34.7,3.4,0.0,0.0
1777652067.788631,34.7,3.4,0.0,0.0
1777652068.6391127,34.7,3.4,0.0,0.0
1777652069.5090125,34.7,3.4,0.0,0.0
1777652070.3610053,34.7,3.4,0.0,0.0
1777652071.2058773,34.7,3.4,0.0,0.0
1777652072.0779054,34.7,3.4,0.0,0.0
1777652072.930073,34.7,3.4,0.0,0.0
1777652073.7751265,34.7,3.4,0.0,0.0
1777652074.6481543,34.7,3.4,0.0,0.0
1777652075.497091,34.7,3.4,0.0,0.0
1777652076.3472533,34.7,3.4,0.0,0.0
1777652077.2160814,34.7,3.4,0.0,0.0
1777652078.0682094,34.7,3.4,0.0,0.0
1777652078.9142013,34.7,3.4,0.0,0.0
1777652079.7868009,34.7,3.4,0.17,1.46
1777652080.6346104,34.7,3.4,0.26,1.43
1777652081.4823544,34.7,3.4,0.31,1.41
1777652082.3555727,34.7,3.4,0.36,1.4
1777652083.2034233,34.7,3.4,0.39,1.4
1777652084.0517836,34.7,3.4,0.42,1.4
1777652084.9281304,34.7,3.4,0.44,1.4
1777652085.7727408,34.7,3.4,0.46,1.41
1777652086.6203804,34.7,3.4,0.36,1.4
1777652087.4937832,34.7,3.4,0.29,1.38
1777652088.342054,34.7,3.4,0.23,1.35
1777652089.1895764,34.7,3.4,0.19,1.31
1777652090.0625193,34.7,3.4,0.15,1.27
1777652090.9108179,34.7,3.4,0.12,1.23
1777652091.7582607,34.7,3.4,0.1,0.0
1777652092.631605,34.7,3.4,0.08,0.0
1777652093.4795735,34.7,3.4,0.06,0.0
1777652094.3287327,34.7,3.4,0.05,0.0
1777652095.2005887,34.7,3.4,0.04,0.0
1777652096.0525084,34.7,3.4,0.03,0.0
1777652096.8967195,34.7,3.4,0.03,0.0
1777652097.7693715,34.7,3.4,0.02,0.0
1777652098.618104,34.7,3.4,0.02,0.0
1777652099.4667313,34.7,3.4,0.01,0.0
1777652100.3387067,34.7,3.4,0.01,0.0
1777652101.1899796,34.7,3.4,0.01,0.0
1777652102.0345714,34.7,3.4,0.01,0.0
1777652102.9078262,34.7,3.4,0.01,0.0
1777652103.7588792,34.7,3.4,0.0,0.0
1777652104.6069357,34.7,3.4,0.0,0.0
1777652105.4768727,34.7,3.4,0.0,0.0
1777652106.3283062,34.7,3.4,0.0,0.0
1777652107.17286,34.7,3.4,0.0,0.0
1777652108.0459821,34.7,3.4,0.0,0.0
1777652108.8980534,34.7,3.4,0.0,0.0
1777652109.7432222,34.7,3.4,0.0,0.0
1777652110.6160898,34.7,3.4,0.0,0.0
1777652111.4671307,34.7,3.4,0.0,0.0
1777652112.31205,34.7,3.4,0.0,0.0
1777652113.1842308,34.7,3.4,0.0,0.0
1777652114.0331485,34.7,3.4,0.0,0.0
1777652114.8800352,34.7,3.4,0.0,0.0
1777652115.7543762,34.7,3.4,0.0,0.0
1777652116.6053758,34.7,3.4,0.0,0.0
1777652117.4513075,34.7,3.4,0.0,0.0
1777652118.3912983,0.0,3.4,0.0,0.0
1777652119.2401745,0.0,3.4,0.0,0.0
1777652120.0882347,0.0,3.4,0.0,0.0
1777652120.9603236,34.7,3.4,0.0,0.0
1777652121.8084774,34.7,3.4,0.0,0.0
1777652122.6570797,34.7,3.4,0.0,0.0
1777652123.530334,34.7,3.4,0.0,0.0
1777652124.3805428,34.7,3.4,0.0,0.0
1777652125.225918,34.7,3.4,0.0,0.0
1777652126.0989647,34.7,3.4,0.0,0.0
1777652126.946302,34.7,3.4,0.0,0.0
1777652127.7978847,34.7,3.4,0.0,0.0
1777652128.6707938,34.7,3.4,0.0,0.0
1777652129.5153592,34.7,3.4,0.0,0.0
1777652130.3648474,34.7,3.4,0.0,0.0
1777652131.2366693,34.7,3.4,0.0,0.0
1777652132.085578,34.7,3.4,0.0,0.0
1777652132.932562,34.7,3.4,0.0,0.0
1777652133.8086474,34.7,3.4,0.0,0.0
1777652134.6537614,34.7,3.4,0.0,0.0
1777652135.5046966,34.7,3.4,0.0,0.0
1777652136.3746903,34.7,3.4,0.0,0.0
1777652137.2267158,34.7,3.4,0.0,0.0
1777652138.071153,34.7,3.4,0.0,0.0
1777652138.9468794,34.7,3.4,0.0,0.0
1777652139.791904,34.7,3.4,0.0,0.0
1777652140.6399367,34.7,3.4,0.0,0.0
1777652141.5140467,34.7,3.4,0.0,0.0
1777652142.3610423,34.7,3.4,0.0,0.0
1777652143.208804,34.7,3.4,0.0,0.0
1777652144.0818887,34.7,3.4,0.0,0.0
1777652144.9328704,34.7,3.4,0.0,0.0
1777652145.7788515,34.7,3.4,0.0,0.0
1777652146.6508555,34.7,3.4,0.0,0.0
1777652147.501936,34.7,3.4,0.0,0.0
1777652148.3479147,34.7,3.4,0.0,0.0
1777652149.2197413,34.7,3.4,0.0,0.0
1777652150.06896,34.7,3.4,0.0,0.0
1777652150.920202,34.7,3.4,0.0,0.0
1777652151.7891846,34.7,3.4,0.0,0.0
1777652152.6377554,34.7,3.4,0.0,0.0
1777652153.4864,34.7,3.4,0.0,0.0
1777652154.358307,34.7,3.4,0.0,0.0
1777652155.2082741,34.7,3.4,0.0,0.0
1777652156.056157,34.7,3.4,0.0,0.0
1777652156.9282775,34.7,3.4,0.0,0.0
1777652157.777294,34.7,3.4,0.0,0.0
1777652158.6253114,34.7,3.4,0.0,0.0
1777652159.4981534,34.7,3.4,0.0,0.0
1777652160.346414,34.7,3.4,0.0,0.0
1777652161.1944554,34.7,3.4,0.0,0.0
1777652162.0673668,34.7,3.4,0.0,0.0
1777652162.9144404,34.7,3.4,0.0,0.0
1777652163.7657285,34.7,3.4,0.0,0.0
1777652164.6389909,34.7,3.4,0.0,0.0
1777652165.4865751,34.7,3.4,0.0,0.0
1777652166.3344872,34.7,3.4,0.0,0.0
1777652167.207498,34.7,3.4,0.0,0.0
1777652168.053157,34.7,3.4,0.0,0.0
1777652168.903668,34.7,3.4,0.0,0.0
1777652169.7735023,34.2,3.4,0.0,0.0
1777652170.621891,34.2,3.4,0.0,0.0
1777652171.4698184,34.2,3.4,0.0,0.0
1777652172.3428524,34.2,3.4,0.0,0.0
1777652173.1904113,34.2,3.4,0.0,0.0
1777652174.0393245,34.2,3.4,0.0,0.0
1777652174.9128323,34.2,3.4,0.0,0.0
1777652175.7606802,34.2,3.4,0.0,0.0
1777652176.6075346,34.2,3.4,0.0,0.0
1777652177.480789,34.2,3.4,0.0,0.0
1777652178.3286994,34.2,3.4,0.0,0.0
1777652179.1768,34.2,3.4,0.0,0.0
1777652180.050805,34.2,3.4,0.0,0.0
1777652180.897772,34.2,3.4,0.0,0.0
1777652181.7458086,34.2,3.4,0.0,0.0
1777652182.6188536,34.2,3.4,0.0,0.0
1777652183.4667623,34.2,3.4,0.0,0.0
1777652184.3149452,34.2,3.4,0.0,0.0
1777652185.1879675,34.2,3.4,0.0,0.0
1777652186.0389988,34.2,3.4,0.0,0.0
1777652186.8838024,34.2,3.4,0.0,0.0
1777652187.7569284,34.2,3.4,0.0,0.0
1777652188.60821,34.2,3.4,0.0,0.0
1777652189.457247,34.2,3.4,0.0,0.0
1777652190.3261104,34.2,3.4,0.0,0.0
1777652191.1751285,34.2,3.4,0.0,0.0
1777652192.0231633,34.2,3.4,0.0,0.0
1777652192.8952007,34.2,3.4,0.0,0.0
1777652193.744101,34.2,3.4,0.0,0.0
1777652194.5923157,34.2,3.4,0.0,0.0
1777652195.4642892,34.2,3.4,0.0,0.0
1777652196.313202,34.2,3.4,0.0,0.0
1777658632.67428,0,0,0,0
1777658634.3108525,0,0,0,0
1777658636.7078686,0,0,0,0
1777658638.5178251,0,0,0,0
1777658640.3270564,0,0,0,0
1777658642.0437934,0,0,0,0
1777658643.8525608,0,0,0,0
1777658645.6633537,0,0,0,0
1777658647.3801699,0,0,0,0
1777658649.190159,0,0,0,0
1777658650.9996312,0,0,0,0
1777658652.7163646,0,0,0,0
1777658654.5264518,0,0,0,0
1777658656.336079,0,0,0,0
1777658659.0040605,0,0,0,0
1777658660.720957,0,0,0,0
1777658662.5309796,0,0,0,0
1777658664.3402493,0,0,0,0
1777658666.0570216,0,0,0,0
1777658667.8661196,0,0,0,0
1777658670.5353813,0,0,0,0
1777658672.3432517,0,0,0,0
1777658674.0614228,0,0,0,0
1777658675.871619,0,0,0,0
1777658677.680901,0,0,0,0
1777658679.397799,0,0,0,0
1777658681.2078068,0,0,0,0
1777658683.0166364,0,0,0,0
1777658684.734125,0,0,0,0
1777658686.544067,0,0,0,0
1777658688.3535671,0,0,0,0
1777658690.0702322,0,0,0,0
1777658691.8803496,0,0,0,0
1777658693.6897385,0,0,0,0
1777658695.4064865,0,0,0,0
1777658697.216658,0,0,0,0
1777658699.026038,0,0,0,0
1777658700.742765,0,0,0,0
1777658702.5528524,0,0,0,0
1777658704.3622253,0,0,0,0
1777658706.0790167,0,0,0,0
1777658707.8893046,0,0,0,0
1777658709.698597,0,0,0,0
1777658711.4154716,0,0,0,0
1777658713.2254276,0,0,0,0
1777658715.0349696,0,0,0,0
1777658742.4326718,0,0,0,0
1777658744.056717,0,0,0,0
1777658746.4675508,0,0,0,0
1777658748.2775137,0,0,0,0
1777658750.0863602,0,0,0,0
1777658751.8024285,0,0,0,0
1777658753.6137962,0,0,0,0
1777658755.4234436,0,0,0,0
1777658757.139975,0,0,0,0
1777658758.950082,0,0,0,0
1777658760.7596123,0,0,0,0
1777658762.4762564,0,0,0,0
1777658764.2857327,0,0,0,0
1777658766.0959127,0,0,0,0
1777658767.811871,0,0,0,0
1777658769.6227753,0,0,0,0
1777658771.4320304,0,0,0,0
1777658773.148809,0,0,0,0
1777658774.959056,0,0,0,0
1777658776.7670493,0,0,0,0
1777658778.4841216,0,0,0,0
1777658780.2951698,0,0,0,0
1777658782.104583,0,0,0,0
1777658783.82136,0,0,0,0
1777658785.6314654,0,0,0,0
1777658787.4411347,0,0,0,0
1777658789.1564069,0,0,0,0
1777658790.9677324,0,0,0,0
1777658792.7772322,0,0,0,0
1777658794.4938984,0,0,0,0
1777658796.3041632,0,0,0,0
1777658798.9722185,0,0,0,0
1777658800.7806993,0,0,0,0
1777658803.449669,0,0,0,0
1777658805.1746964,0,0,0,0
1777658806.9766772,0,0,0,0
1777658808.7859845,0,0,0,0
1777658810.5057094,0,0,0,0
1777658812.3128073,0,0,0,0
1777658814.1210546,0,0,0,0
1777658815.841854,0,0,0,0
1777658817.6490507,0,0,0,0
1777658819.4584792,0,0,0,0
1777658821.1818154,0,0,0,0
1777658822.9853733,0,0,0,0
1777658824.7948654,0,0,0,0
1777658827.4629242,0,0,0,0
1777658829.1825333,0,0,0,0
1777658830.9885895,0,0,0,0
1777658832.7991333,0,0,0,0
1777658835.466634,0,0,0,0
1777658838.1353607,0,0,0,0
1777658840.8037436,0,0,0,0
1777658842.5231984,0,0,0,0
1777658844.3304136,0,0,0,0
1777658846.1398351,0,0,0,0
1777658848.8071058,0,0,0,0
1777658850.5247064,0,0,0,0
1777658852.3348393,0,0,0,0
1777658854.1443787,0,0,0,0
1777658855.87102,0,0,0,0
1777658857.6712804,0,0,0,0
1777658859.4793558,0,0,0,0
1777658861.2023904,0,0,0,0
1777658863.0074522,0,0,0,0
1777658864.8168807,0,0,0,0
1777658866.54211,0,0,0,0
1777658868.343753,0,0,0,0
1777658870.1516562,0,0,0,0
1777658871.878808,0,0,0,0
1777658873.6800852,0,0,0,0
1777658875.4892945,0,0,0,0
1777658878.1576064,0,0,0,0
1777658880.825806,0,0,0,0
1777658883.493036,0,0,0,0
1777658886.1618469,0,0,0,0
1777658887.8903613,0,0,0,0
1777658889.688753,0,0,0,0
1777658891.4983165,0,0,0,0
1777658894.1652238,0,0,0,0
1777658895.8943193,0,0,0,0
1777658897.693113,0,0,0,0
1777658899.5025554,0,0,0,0
1777658901.224185,0,0,0,0
1777658903.0294986,0,0,0,0
1777658904.838827,0,0,0,0
1777658906.5613518,0,0,0,0
1777658908.3656547,0,0,0,0
1777658910.1750681,0,0,0,0
1777658911.89185,0,0,0,0
1777658913.7021184,0,0,0,0
1777658915.5114396,0,0,0,0
1777658918.1796772,0,0,0,0
1777658919.9113777,0,0,0,0
1777658921.7049305,0,0,0,0
1777658923.5158002,0,0,0,0
1777658925.2356038,0,0,0,0
1777658927.042537,0,0,0,0
1777658928.8520453,0,0,0,0
1777658930.5750546,0,0,0,0
1777658932.3790166,0,0,0,0
1777658934.1885927,0,0,0,0
1777658935.9082518,0,0,0,0
1777658937.715449,0,0,0,0
1777658939.5246031,0,0,0,0
1777658941.2455235,0,0,0,0
1777658943.051482,0,0,0,0
1777658944.8608947,0,0,0,0
1777658946.5890186,0,0,0,0
1777658948.3872247,0,0,0,0
1777658950.1973896,0,0,0,0
1777658951.9169953,0,0,0,0
1777658953.7241304,0,0,0,0
1777658955.533589,0,0,0,0
1777658958.2015533,0,0,0,0
1777658959.9183586,0,0,0,0
1777658961.7271001,0,0,0,0
1777658963.538073,0,0,0,0
1777658965.2628672,0,0,0,0
1777658967.0647078,0,0,0,0
1777658968.8741772,0,0,0,0
1777658970.5908928,0,0,0,0
1777658972.4010646,0,0,0,0
1777658974.2103992,0,0,0,0
1777658975.932888,0,0,0,0
1777658977.7373369,0,0,0,0
1777658979.5455651,0,0,0,0
1777658981.2664325,0,0,0,0
1777658983.0735762,0,0,0,0
1777658984.8832948,0,0,0,0
1777658986.6027474,0,0,0,0
1777658988.4097705,0,0,0,0
1777658990.2178178,0,0,0,0
1777658991.936053,0,0,0,0
1777658993.7461097,0,0,0,0
1777658995.555513,0,0,0,0
1777658998.2236304,0,0,0,0
1777658999.9437628,0,0,0,0
1777659001.750486,0,0,0,0
1777659003.5599146,0,0,0,0
1777659005.276796,0,0,0,0
1777659007.0867407,0,0,0,0
1777659008.8963513,0,0,0,0
1777659011.5643108,0,0,0,0
1777659014.2325187,0,0,0,0
1777659015.952559,0,0,0,0
1777659017.759691,0,0,0,0
1777659019.5687025,0,0,0,0
1777659021.2937376,0,0,0,0
1777659023.0950272,0,0,0,0
1777659024.9052436,0,0,0,0
1777659026.6275392,0,0,0,0
1777659028.431888,0,0,0,0
1777659030.241318,0,0,0,0
1777659031.9580014,0,0,0,0
1777659033.7681162,0,0,0,0
1777659035.577564,0,0,0,0
1777659038.245779,0,0,0,0
1777659039.9707592,0,0,0,0
1777659041.7725704,0,0,0,0
1777659043.5805593,0,0,0,0
1777659045.3104596,0,0,0,0
1777659047.1087563,0,0,0,0
1777659048.9182317,0,0,0,0
1777659051.5867214,0,0,0,0
1777659053.3065753,0,0,0,0
1777659055.113246,0,0,0,0
1777659056.922644,0,0,0,0
1777659058.6511695,0,0,0,0
1777659060.4495015,0,0,0,0
1777659062.2590878,0,0,0,0
1777659064.9270198,0,0,0,0
1777659066.646724,0,0,0,0
1777659068.4539316,0,0,0,0
1777659070.263417,0,0,0,0
1777659072.93147,0,0,0,0
1777659075.5996106,0,0,0,0
1777659078.2676888,0,0,0,0
1777659080.9363835,0,0,0,0
1777659083.6041493,0,0,0,0
1777659086.2720969,0,0,0,0
1777659088.940255,0,0,0,0
1777659091.6084924,0,0,0,0
1777659094.2766294,0,0,0,0
1777659096.9447758,0,0,0,0
1777659099.612781,0,0,0,0
1777659102.2798083,0,0,0,0
1777659104.0094345,0,0,0,0
1777659105.8078277,0,0,0,0
1777659107.617242,0,0,0,0
1777659109.3430445,0,0,0,0
1777659111.144037,0,0,0,0
1777659112.953585,0,0,0,0
1777659115.6217134,0,0,0,0
1777659118.2897763,0,0,0,0
1777659120.0155556,0,0,0,0
1777659121.8167517,0,0,0,0
1777659123.6261353,0,0,0,0
1777659126.2941372,0,0,0,0
1777659128.9622982,0,0,0,0
1777659130.6843565,0,0,0,0
1777659132.4891331,0,0,0,0
1777659135.1572351,0,0,0,0
1777659137.8237865,0,0,0,0
1777659139.634771,0,0,0,0
1777659142.3012557,0,0,0,0
1777659144.9711075,0,0,0,0
1777659147.6392436,0,0,0,0
1777659150.3075614,0,0,0,0
1777659152.9755268,0,0,0,0
1777659154.700495,0,0,0,0
1777659156.500557,0,0,0,0
1777659158.3112714,0,0,0,0
1777659160.9794369,0,0,0,0
1777659162.7086751,0,0,0,0
1777659164.505469,0,0,0,0
1777659166.3163009,0,0,0,0
1777659168.0359201,0,0,0,0
1777659169.8430562,0,0,0,0
1777659171.6524858,0,0,0,0
1777659174.3206165,0,0,0,0
1777659176.0373292,0,0,0,0
1777659177.8475232,0,0,0,0
1777659179.656957,0,0,0,0
1777659181.385311,0,0,0,0
1777659183.1839354,0,0,0,0
1777659184.9931436,0,0,0,0
1777659186.7220805,0,0,0,0
1777659188.519959,0,0,0,0
1777659190.3294036,0,0,0,0
1777659192.0556414,0,0,0,0
1777659193.8562884,0,0,0,0
1777659195.665781,0,0,0,0
1777659198.3338091,0,0,0,0
1777659200.0589225,0,0,0,0
1777659201.8608503,0,0,0,0
1777659203.670049,0,0,0,0
1777659205.3951752,0,0,0,0
1777659207.1969068,0,0,0,0
1777659209.0064983,0,0,0,0
1777659210.7314084,0,0,0,0
1777659212.5332346,0,0,0,0
1777659214.3426697,0,0,0,0
1777659217.0108685,0,0,0,0
1777659218.7304122,0,0,0,0
1777659220.5377383,0,0,0,0
1777659222.3471634,0,0,0,0
1777659225.0151174,0,0,0,0
1777659227.683423,0,0,0,0
1777659230.3514473,0,0,0,0
1777659233.019652,0,0,0,0
1777659235.6876912,0,0,0,0
1777659238.355925,0,0,0,0
1777659241.0239615,0,0,0,0
1777659243.6921334,0,0,0,0
1777659246.3602474,0,0,0,0
1777659249.028382,0,0,0,0
1777659251.6965318,0,0,0,0
1777659254.364622,0,0,0,0
1777659257.0328796,0,0,0,0
1777659259.7000713,0,0,0,0
1777659262.3681226,0,0,0,0
1777659265.037282,0,0,0,0
1777659267.7052574,0,0,0,0
1777659270.3735685,0,0,0,0
1777659273.0417829,0,0,0,0
1777659275.7096786,0,0,0,0
1777659278.3778808,0,0,0,0
1777659281.0459433,0,0,0,0
1777659283.714197,0,0,0,0
1777659286.3822153,0,0,0,0
1777659288.1142514,0,0,0,0
1777659289.9091294,0,0,0,0
1777659291.718524,0,0,0,0
1777659294.386022,0,0,0,0
1777659296.106335,0,0,0,0
1777659297.9136004,0,0,0,0
1777659299.7229524,0,0,0,0
1777659301.442538,0,0,0,0
1777659303.2499423,0,0,0,0
1777659305.059319,0,0,0,0
1777659306.7790127,0,0,0,0
1777659308.5860052,0,0,0,0
1777659310.3954086,0,0,0,0
1777659313.063599,0,0,0,0
1777659315.7317493,0,0,0,0
1777659318.3997865,0,0,0,0
1777659321.0680933,0,0,0,0
1777659323.7360861,0,0,0,0
1777659325.4587338,0,0,0,0
1777659327.2629242,0,0,0,0
1777659329.0723872,0,0,0,0
1777659331.7404625,0,0,0,0
1777659334.4087973,0,0,0,0
1777659337.076828,0,0,0,0
1777659339.7449746,0,0,0,0
1777659342.4130769,0,0,0,0
1777659345.0811417,0,0,0,0
1777659347.7483559,0,0,0,0
1777659350.4174633,0,0,0,0
1777659353.085624,0,0,0,0
1777659355.7537308,0,0,0,0
1777659358.4218698,0,0,0,0
1777659360.1532555,0,0,0,0
1777659361.9478693,0,0,0,0
1777659363.7581291,0,0,0,0
1777659366.4263718,0,0,0,0
1777659369.0943778,0,0,0,0
1777659371.7625194,0,0,0,0
1777659374.4290838,0,0,0,0
1777659377.098758,0,0,0,0
1777659379.7657948,0,0,0,0
1777659382.4350767,0,0,0,0
1777659385.103337,0,0,0,0
1777659387.770501,0,0,0,0
1777659390.4394486,0,0,0,0
1777659393.1076002,0,0,0,0
1777659395.7757025,0,0,0,0
1777659398.443802,0,0,0,0
1777659401.11212,0,0,0,0
1777659403.7802725,0,0,0,0
1777659406.4483604,0,0,0,0
1777659409.1164787,0,0,0,0
1777659411.784567,0,0,0,0
1777659413.5166304,0,0,0,0
1777659415.3114982,0,0,0,0
1777659417.1207592,0,0,0,0
1777659418.8433468,0,0,0,0
1777659420.6476514,0,0,0,0
1777659422.4570396,0,0,0,0
1777659425.1252165,0,0,0,0
1777659426.8511565,0,0,0,0
1777659428.6520321,0,0,0,0
1777659430.4614127,0,0,0,0
1777659432.1864767,0,0,0,0
1777659433.988325,0,0,0,0
1777659435.797857,0,0,0,0
1777659437.5173588,0,0,0,0
1777659439.3246784,0,0,0,0
1777659441.1339426,0,0,0,0
1777659442.865363,0,0,0,0
1777659444.6608443,0,0,0,0
1777659446.4702578,0,0,0,0
1777659449.1385412,0,0,0,0
1777659451.8064919,0,0,0,0
1777659454.4747915,0,0,0,0
1777659457.1427803,0,0,0,0
1777659459.8109207,0,0,0,0
1777659462.4791021,0,0,0,0
1777659464.2111328,0,0,0,0
1777659466.8639133,0,0,0,0
1777659468.6740365,0,0,0,0
1777659470.4826639,0,0,0,0
1777659472.200601,0,0,0,0
1777659474.0102928,0,0,0,0
1777659475.8198397,0,0,0,0
1777659478.4879718,0,0,0,0
1777659480.2156062,0,0,0,0
1777659482.0149698,0,0,0,0
1777659484.6828265,0,0,0,0
1777659486.4922678,0,0,0,0
1777659488.2159064,0,0,0,0
1777659490.0190632,0,0,0,0
1777659491.8284953,0,0,0,0
1777659494.4966013,0,0,0,0
1777659496.2225373,0,0,0,0
1777659498.023608,0,0,0,0
1777659499.8329334,0,0,0,0
1777659501.5582001,0,0,0,0
1777659503.3586197,0,0,0,0
1777659505.1693122,0,0,0,0
1777659506.8982372,0,0,0,0
1777660438.6036747,0,0,0,0
1777660440.2267487,0,0,0,0
1777660441.5322933,0.0,3.4,0.0,0.0
1777660442.1732705,0.0,3.4,0.0,0.0
1777660442.8187087,0.0,3.4,0.0,0.0
1777660443.467144,0.0,3.4,0.0,0.0
1777660444.2018294,0.0,3.4,0.0,0.0
1777660444.8450906,0.0,3.4,0.0,0.0
1777660445.4900618,0.0,3.4,0.0,0.0
1777660446.1361768,0.0,3.4,0.0,0.0
1777660446.8762426,0.0,3.4,0.0,0.0
1777660447.5182133,0.0,3.4,0.0,0.0
1777660448.1632571,0.0,3.4,0.0,0.0
1777660448.8073251,0.0,3.4,0.0,0.0
1777660449.5449476,0.0,3.4,0.0,0.0
1777660450.1913314,0.0,3.4,0.0,0.0
1777660450.8361735,0.0,3.4,0.0,0.0
1777660451.481383,0.0,3.4,0.0,0.0
1777660452.2203963,0.0,3.4,0.0,0.0
1777660452.8620915,0.0,3.4,0.0,0.0
1777660453.510076,0.0,3.4,0.0,0.0
1777660454.1554382,0.0,3.4,0.0,0.0
1777660454.8904374,0.0,3.4,0.0,0.0
1777660455.534474,0.0,3.4,0.0,0.0
1777660456.1796064,0.0,3.4,0.0,0.0
1777660456.825064,0.0,3.4,0.0,0.0
1777660457.5614376,0.0,3.4,0.0,0.0
1777660458.2077677,0.0,3.4,0.0,0.0
1777660458.8526645,0.0,3.4,0.0,0.0
1777660459.499585,0.0,3.4,0.0,0.0
1777660460.2333214,0.0,3.4,0.0,0.0
1777660461.0118103,0.0,3.4,0.0,0.0
1777660461.7720585,0.0,3.4,0.0,0.0
1777660462.5258458,0.0,3.4,0.0,0.0
1777660463.2572446,0.0,3.4,0.0,0.0
1777660463.990915,0.0,3.4,0.0,0.0
1777660464.7227025,0.0,3.4,0.0,0.0
1777660465.4520216,0.0,3.4,0.0,0.0
1777660466.183646,0.0,3.4,0.0,0.0
1777660466.9216113,0.0,3.4,0.0,0.0
1777660467.6503217,0.0,3.4,0.0,0.0
1777660468.384252,0.0,3.4,0.0,0.0
1777660469.1139703,0.0,3.4,0.0,0.0
1777660469.8439877,0.0,3.4,0.0,0.0
1777660470.5754485,0.0,3.4,0.0,0.0
1777660471.3030748,0.0,3.4,0.0,0.0
1777660472.033297,0.0,3.4,0.0,0.0
1777660472.767513,0.0,3.4,0.0,0.0
1777660473.4916441,0.0,3.4,0.0,0.0
1777660474.2188737,0.0,3.4,0.0,0.0
1777660474.954387,0.0,3.4,0.0,0.0
1777660475.685779,0.0,3.4,0.0,0.0
1777660476.4253724,0.0,3.4,0.0,0.0
1777660477.1557927,0.0,3.4,0.0,0.0
1777660477.8855705,0.0,3.4,0.0,0.0
1777660478.6214473,0.0,3.4,0.0,0.0
1777660479.3563755,0.0,3.4,0.0,0.0
1777660480.087957,0.0,3.4,0.0,0.0
1777660480.8216352,0.0,3.4,0.0,0.0
1777660481.5691752,0.0,3.4,0.0,0.0
1777660482.33552,0.0,3.4,0.0,0.0
1777660483.0709524,0.0,3.4,0.0,0.0
1777660483.803075,0.0,3.4,0.0,0.0
1777660484.5295942,0.0,3.4,0.0,0.0
1777660485.260827,0.0,3.4,0.0,0.0
1777660485.9996905,0.0,3.4,0.0,0.0
1777660486.721919,0.0,3.4,0.0,0.0
1777660487.4519305,0.0,3.4,0.0,0.0
1777660488.1818883,0.0,3.4,0.0,0.0
1777660488.9123557,0.0,3.4,0.0,0.0
1777660489.641043,0.0,3.4,0.0,0.0
1777660490.3907309,0.0,3.4,0.0,0.0
1777660491.1226323,0.0,3.4,0.0,0.0
1777660491.849633,0.0,3.4,0.0,0.0
1777660492.5778775,32.3,3.4,0.0,0.0
1777660493.3070967,32.3,3.4,0.0,0.0
1777660494.0351694,32.3,3.4,0.0,0.0
1777660494.7678041,32.3,3.4,0.0,0.0
1777660495.4911227,32.3,3.4,0.0,0.0
1777660496.218708,32.3,3.4,0.0,0.0
1777660496.9494388,32.3,3.4,0.0,0.0
1777660497.675722,32.3,3.4,0.0,0.0
1777660498.4284072,32.3,3.4,0.0,0.0
1777660499.162411,32.3,3.4,0.27,0.93
1777660499.8979602,32.3,3.4,0.43,1.45
1777660500.6344097,32.3,3.4,0.54,1.83
1777660501.366369,32.3,3.4,0.64,2.19
1777660502.099979,32.3,3.4,0.74,2.52
1777660502.8302298,32.3,3.4,0.83,2.83
1777660503.561404,32.3,3.4,0.79,2.68
1777660504.289947,32.3,3.4,0.84,2.85
1777660505.02001,32.3,3.4,0.87,2.95
1777660505.7517052,32.3,3.4,0.88,2.99
1777660506.4788256,32.3,3.4,0.89,3.02
1777660507.2111905,32.3,3.4,0.89,3.03
1777660507.9428046,32.3,3.4,0.91,3.08
1777660508.668585,32.3,3.4,0.92,3.12
1777660509.3973956,32.3,3.4,0.94,3.21
1777660510.130813,32.3,3.4,0.95,3.22
1777660510.865923,32.3,3.4,0.94,3.18
1777660511.5946453,32.3,3.4,0.95,3.25
1777660512.3369632,32.3,3.4,0.76,2.6
1777660513.0723023,32.3,3.4,0.61,2.08
1777660513.80671,32.3,3.4,0.74,2.51
1777660514.5378172,32.3,3.4,0.81,2.77
1777660515.2794554,32.3,3.4,0.88,2.99
1777660516.0155363,32.3,3.4,0.92,3.14
1777660516.7492204,32.3,3.4,0.95,3.22
1777660517.478921,32.3,3.4,0.94,3.21
1777660518.209961,32.3,3.4,0.95,3.23
1777660518.9426086,32.3,3.4,0.95,3.23
1777660519.6801682,32.3,3.4,0.94,3.19
1777660520.4214463,32.3,3.4,0.84,2.87
1777660521.1587749,32.3,3.4,0.81,2.76
1777660521.9076965,32.3,3.4,0.65,2.21
1777660522.6627567,32.3,3.4,0.77,2.63
1777660523.4037812,32.3,3.4,0.83,2.83
1777660524.1465929,32.3,3.4,0.87,2.95
1777660524.857606,32.3,3.4,0.9,3.06
1777660525.564926,32.3,3.4,0.92,3.14
1777660526.2764282,32.3,3.4,0.94,3.18
1777665752.4058723,0,0,0,0
1777665754.644341,0,0,0,0
1777665755.2264452,33.8,0.32,0.0,0.0
1777665755.8194976,33.8,0.62,0.0,0.0
1777665756.4157143,33.8,0.89,0.0,0.0
1777665757.008345,33.8,1.14,0.0,0.0
1777665757.5993314,33.5,1.37,0.0,0.0
1777665758.1943817,33.5,1.59,0.0,0.0
1777665758.7869122,33.5,1.78,0.0,0.0
1777665759.3846757,33.5,1.96,0.0,0.0
1777665759.9769633,33.8,2.13,0.0,0.0
1777665760.5685325,33.8,2.28,0.0,0.0
1777665761.1605413,33.8,2.42,0.0,0.0
1777665761.7517862,33.8,2.55,0.0,0.0
1777665762.3470347,33.8,2.67,0.0,0.0
1777665762.939004,33.8,2.78,0.0,0.0
1777665763.5330968,33.8,2.88,0.0,0.0
1777665764.1255667,33.8,2.97,0.0,0.0
1777665764.7164876,33.8,3.05,0.0,0.0
1777665765.3133106,33.8,3.13,0.0,0.0
1777665765.9053843,33.8,3.2,0.0,0.0
1777665766.4970036,33.8,3.27,0.0,0.0
1777665767.0886445,33.8,3.33,0.0,0.0
1777665767.6815312,33.8,3.38,0.0,0.0
1777665768.2781277,33.8,3.44,0.0,0.0
1777665768.8703587,33.8,3.48,0.0,0.0
1777665769.4634228,33.8,3.53,0.0,0.0
1777665770.0558815,33.8,3.57,0.0,0.0
1777665770.6475687,33.8,3.6,0.0,0.0
1777665771.2439215,33.8,3.64,0.0,0.0
1777665771.836494,33.8,3.67,0.0,0.0
1777665772.608227,33.8,3.7,0.0,0.0
1777665773.363185,33.8,3.72,0.0,0.0
1777665774.1183264,33.8,3.75,0.0,0.0
1777665774.8459306,33.8,3.77,0.0,0.0
1777665775.5735111,33.8,3.79,0.0,0.0
1777665776.3096316,33.8,3.81,0.0,0.0
1777665777.0434809,33.8,3.83,0.0,0.0
1777665777.773278,33.8,3.84,0.0,0.0
1777665778.506015,33.8,3.86,0.0,0.0
1777665779.2362363,33.8,3.87,0.0,0.0
1777665779.9638987,33.8,3.88,0.0,0.0
1777665780.6972423,33.8,3.9,0.0,0.0
1777665781.4314532,33.8,3.91,0.0,0.0
1777665782.1725266,33.8,3.92,0.0,0.0
1777665782.9110792,33.8,3.93,0.0,0.0
1777665783.6404042,33.8,3.93,0.0,0.0
1777665784.367104,33.8,3.94,0.0,0.0
1777665785.1047547,33.8,3.95,0.0,0.0
1777665785.8421888,33.8,3.95,0.0,0.0
1777665786.5726502,33.8,3.96,0.0,0.0
1777665787.3090885,33.8,3.97,0.0,0.0
1777665788.043673,33.8,3.97,0.0,0.0
1777665788.77435,33.8,3.97,0.0,0.0
1777665789.5081935,33.8,3.98,0.0,0.0
1777665790.2362058,33.8,3.98,0.0,0.0
1777665790.963973,33.8,3.99,0.0,0.0
1777665791.7026644,33.8,3.99,0.0,0.0
1777665792.4499748,33.8,3.99,0.0,0.0
1777665793.1800022,33.8,4.0,0.0,0.0
1777665793.9246466,33.8,4.0,0.0,0.0
1777665794.652377,33.8,4.0,0.0,0.0
1777665795.379266,33.8,4.0,0.0,0.0
1777665796.1129677,33.8,4.0,0.0,0.0
1777665796.8414202,33.8,4.01,0.0,0.0
1777665797.5671253,33.8,4.01,0.0,0.0
1777665798.3035722,33.8,4.01,0.0,0.0
1777665799.0392694,33.8,4.01,0.0,0.0
1777665799.7655776,33.8,4.01,0.0,0.0
1777665800.4954045,33.8,4.01,0.0,0.0
1777665801.2223415,33.8,4.01,0.0,0.0
1777665801.9573758,33.8,4.02,0.0,0.0
1777665802.6942515,33.8,4.02,0.0,0.0
1777665803.4244516,33.8,4.02,0.0,0.0
1777665804.148655,33.8,4.02,0.0,0.0
1777665804.885337,33.8,4.02,0.0,0.0
1777665805.6135418,33.8,4.02,0.0,0.0
1777665806.3457584,33.8,4.02,0.0,0.0
1777665807.0745256,33.8,4.02,0.0,0.0
1777665807.806529,33.8,4.02,0.0,0.0
1777665808.5386627,33.8,4.02,0.0,0.0
1777665809.2802138,33.8,4.02,0.0,0.0
1777665810.0123553,33.8,4.02,0.0,0.0
1777665810.7388427,33.8,4.02,0.0,0.0
1777665811.505554,33.8,4.02,0.0,0.0
1777665812.2356393,33.8,4.02,0.0,0.0
1777665812.9654794,33.8,4.02,0.0,0.0
1777665813.6987321,33.8,4.02,0.0,0.0
1777665814.4317443,33.8,4.02,0.0,0.0
1777665815.1603718,33.8,4.03,0.0,0.0
1777665815.9013474,33.8,4.03,0.0,0.0
1777665816.6326258,33.8,3.95,0.15,1.18
1777665817.3742728,33.8,3.88,0.27,1.17
1777665818.1326218,33.8,3.83,0.34,1.15
1777665818.886915,33.8,3.79,0.4,1.14
1777665819.6185265,33.8,3.75,0.43,1.12
1777665820.3540893,33.8,3.71,0.47,1.11
1777665821.0858505,33.8,3.67,0.49,1.1
1777665821.8331673,33.8,3.64,0.51,1.09
1777665822.5789492,33.8,3.61,0.52,1.08
1777665823.311239,33.8,3.58,0.53,1.07
1777665824.0567806,33.8,3.55,0.53,1.07
1777665824.8015912,33.8,3.54,0.53,1.06
1777665825.529752,33.8,3.51,0.54,1.05
1777665826.2596917,33.8,3.5,0.54,1.05
1777665827.0055573,33.8,3.48,0.55,1.04
1777665827.7395403,33.8,3.46,0.56,1.04
1777665828.4764774,33.8,3.44,0.56,1.03
1777665829.217856,33.8,3.42,0.56,1.03
1777665829.9604602,33.8,3.41,0.56,1.06
1777665830.6942198,33.8,3.4,0.56,1.1
1777665831.4378076,33.8,3.39,0.56,1.14
1777665832.16719,33.8,3.38,0.55,1.17
1777665832.909685,33.8,3.37,0.54,1.2
1777665833.6505,33.8,3.37,0.54,1.23
1777665834.391854,33.8,3.36,0.55,1.26
1777665835.1323147,33.8,3.35,0.55,1.29
1777665835.873019,33.8,3.35,0.54,1.31
1777665836.6034007,33.8,3.34,0.54,1.33
1777665837.3349187,33.8,3.34,0.54,1.36
1777665838.0821397,33.8,3.33,0.54,1.38
1777665838.8095589,33.8,3.33,0.54,1.4
1777665839.5396004,33.8,3.32,0.54,1.41
1777665840.2725568,33.8,3.32,0.53,1.43
1777665841.0109978,33.8,3.32,0.53,1.45
1777665841.7374897,33.8,3.32,0.52,1.46
1777665842.4729612,33.8,3.33,0.51,1.48
1777665843.2079935,33.8,3.32,0.52,1.49
1777665843.9442737,33.8,3.32,0.53,1.5
1777665844.6861715,33.8,3.32,0.52,1.51
1777665845.4190097,33.8,3.32,0.5,1.52
1777665846.1473076,33.8,3.33,0.5,1.53
1777665846.898396,33.8,3.33,0.49,1.54
1777665847.629847,33.8,3.33,0.48,1.54
1777665848.3681011,33.8,3.32,0.52,1.54
1777665849.1136699,33.8,3.31,0.54,1.55
1777665849.870052,33.8,3.31,0.54,1.56
1777665850.6245685,33.8,3.31,0.53,1.57
1777665851.3489032,33.8,3.31,0.53,1.58
1777665852.0635588,33.8,3.31,0.53,1.59
1777665852.7836735,33.8,3.31,0.52,1.6
1777665853.4991245,33.8,3.31,0.52,1.61
1777665854.2199483,33.8,3.31,0.52,1.61
1777665854.9422948,33.8,3.31,0.52,1.62
1777665855.6672072,33.8,3.31,0.52,1.62
1777665856.3888047,33.8,3.32,0.51,1.63
1777665857.1122236,33.8,3.32,0.51,1.63
1777665857.833324,33.8,3.32,0.51,1.64
1777665858.5965924,33.8,3.32,0.51,1.64
1777665859.3515258,33.8,3.32,0.5,1.64
1777665860.084412,33.8,3.32,0.5,1.64
1777665860.8263857,33.8,3.32,0.51,1.64
1777665861.572973,33.8,3.32,0.5,1.64
1777665862.3030498,33.8,3.32,0.5,1.64
1777665863.0386899,33.8,3.32,0.51,1.65
1777665863.779595,33.8,3.32,0.5,1.65
1777665864.5088177,33.8,3.32,0.5,1.65
1777665865.2392826,33.8,3.32,0.52,1.65
1777665865.9841757,33.8,3.32,0.52,1.65
1777665866.7142353,33.8,3.32,0.51,1.66
1777665867.4503953,33.8,3.32,0.51,1.66
1777665868.1938977,33.8,3.32,0.51,1.66
1777665868.9300053,33.8,3.31,0.51,1.66
1777665869.6584518,33.8,3.31,0.52,1.66
1777665870.4010043,33.8,3.31,0.52,1.66
1777665871.1306806,33.8,3.31,0.52,1.67
1777665871.8676925,33.8,3.31,0.52,1.67
1777665872.6103017,33.8,3.31,0.51,1.67
1777665873.3430126,33.8,3.31,0.51,1.67
1777665874.0783098,33.8,3.31,0.51,1.67
1777665874.821148,33.8,3.31,0.51,1.67
1777665875.5521548,33.8,3.31,0.52,1.68
1777665876.2840953,33.8,3.31,0.51,1.68
1777665877.0304003,33.8,3.31,0.51,1.68
1777665877.760858,33.8,3.31,0.51,1.68
1777665878.5102367,33.8,3.31,0.51,1.68
1777665879.2498558,33.8,3.31,0.5,1.68
1777665879.985019,33.8,3.31,0.5,1.68
1777665880.7172093,33.8,3.32,0.51,1.68
1777665881.4620626,33.8,3.32,0.51,1.68
1777665882.1957698,33.8,3.32,0.51,1.68
1777665882.9370942,33.8,3.32,0.51,1.68
1777665883.6882555,33.8,3.33,0.5,1.68
1777665884.4382453,33.8,3.33,0.49,1.68
1777665885.184554,33.8,3.32,0.51,1.68
1777665885.995372,33.8,3.33,0.5,1.69
1777665886.8052444,33.8,3.33,0.51,1.68
1777665887.584592,33.8,3.32,0.52,1.68
1777665888.393396,33.8,3.32,0.52,1.69
1777665889.3529465,33.8,3.32,0.51,1.69
1777665890.2271788,33.8,3.32,0.52,1.69
1777665890.9654255,33.8,3.32,0.52,1.69
1777665891.6961915,33.8,3.32,0.52,1.69
1777665892.4376276,33.8,3.31,0.53,1.69
1777665893.1914294,33.8,3.31,0.53,1.69
1777665893.9514546,33.8,3.31,0.53,1.7
1777665894.6923316,33.8,3.37,0.39,1.7
1777665895.4394944,33.8,3.42,0.3,1.69
1777665896.1897736,33.8,3.47,0.22,1.67
1777665896.9386182,33.8,3.51,0.17,1.64
1777665897.6972075,33.8,3.55,0.12,1.59
1777665898.449398,33.8,3.59,0.09,0.0
1777665899.2037973,33.8,3.62,0.07,0.0
1777665899.9640663,33.8,3.65,0.05,0.0
1777665900.7222364,33.8,3.68,0.04,0.0
1777665901.459172,33.8,3.71,0.03,0.0
1777665902.1925266,33.8,3.73,0.02,0.0
1777665902.9475372,33.8,3.75,0.02,0.0
1777665903.6847525,33.8,3.77,0.01,0.0
1777665904.4197214,33.8,3.79,0.01,0.0
1777665905.1627789,33.8,3.81,0.01,0.0
1777665905.9207342,33.8,3.83,0.01,0.0
1777665906.659321,33.8,3.84,0.0,0.0
1777665907.4018972,33.8,3.86,0.0,0.0
1777665908.131923,33.8,3.87,0.0,0.0
1777665908.8714275,33.8,3.88,0.0,0.0
1777665909.6163409,33.8,3.89,0.0,0.0
1777665910.3582683,33.8,3.9,0.0,0.0
1777665911.0964026,33.8,3.91,0.0,0.0
1777665911.844214,33.8,3.92,0.0,0.0
1777665912.5801332,33.8,3.92,0.0,0.0
1777665913.3547342,33.8,3.93,0.0,0.0
1777665914.1153462,33.8,3.94,0.0,0.0
1777665914.8486667,33.8,3.94,0.0,0.0
1777665915.5855534,33.8,3.95,0.0,0.0
1777665916.3430815,33.8,3.95,0.0,0.0
1777665917.1627774,33.8,3.96,0.0,0.0
1777665917.960045,33.8,3.96,0.0,0.0
1777665918.6976345,33.8,3.97,0.0,0.0
1777665919.4532712,33.8,3.97,0.0,0.0
1777665920.1983988,33.8,3.97,0.0,0.0
1777665920.9483602,33.8,3.98,0.0,0.0
1777665921.7024558,33.8,3.98,0.0,0.0
1777665922.4421544,33.8,3.98,0.0,0.0
1777665923.185286,33.8,3.99,0.0,0.0
1777665923.926429,33.8,3.99,0.0,0.0
1777665924.660917,33.8,3.99,0.0,0.0
1777665925.404092,33.8,3.99,0.0,0.0
1777665926.1455262,33.8,3.99,0.0,0.0
1777665926.881134,33.8,4.0,0.0,0.0
1777665927.6296196,33.8,4.0,0.0,0.0
1777665928.3658085,33.8,4.0,0.0,0.0
1777665929.1160965,33.8,4.0,0.0,0.0
1777665929.8775532,33.8,4.0,0.0,0.0
1777665930.615778,33.8,4.0,0.0,0.0
1777665931.3503377,33.8,4.0,0.0,0.0
1777665932.0916173,33.8,4.0,0.0,0.0
1777665932.9319894,33.8,4.01,0.0,0.0
1777665933.7619603,33.8,4.01,0.0,0.0
1777665934.4954572,33.8,4.01,0.0,0.0
1777665935.242703,33.8,4.01,0.0,0.0
1777665935.9888678,33.8,4.01,0.0,0.0
1777665936.7206123,33.8,4.01,0.0,0.0
1777665937.4654636,33.8,4.01,0.0,0.0
1777665938.2100122,33.8,4.01,0.0,0.0
1777665938.9587364,33.8,4.01,0.0,0.0
1777665939.7000809,33.8,4.01,0.0,0.0
1777665940.4473221,33.8,4.01,0.0,0.0
1777665941.1906323,33.8,4.01,0.0,0.0
1777665941.929851,33.8,4.01,0.0,0.0
1777665942.6824818,33.8,4.01,0.0,0.0
1777665943.4351695,33.8,4.01,0.0,0.0
1777665944.1791058,33.8,4.01,0.0,0.0
1777665944.9207826,33.8,4.01,0.0,0.0
1777665945.6548045,33.8,4.01,0.0,0.0
1777665946.3947945,33.8,4.01,0.0,0.0
1777665947.1477463,33.8,4.01,0.0,0.0
1777665947.8918333,33.8,4.01,0.0,0.0
1777665948.6253455,33.8,4.01,0.0,0.0
1777665949.3788679,33.8,4.01,0.0,0.0
1777665950.1212208,33.8,4.01,0.0,0.0
1777665950.8560438,33.8,4.02,0.0,0.0
1777665951.605988,33.8,4.02,0.0,0.0
1777665952.34978,33.8,4.02,0.0,0.0
1777665953.101137,33.8,4.02,0.0,0.0
1777665953.8576324,33.8,4.02,0.0,0.0
1777665954.6123986,33.8,4.02,0.0,0.0
1777665955.3484144,33.8,4.02,0.0,0.0
1777665956.0944762,33.8,4.02,0.0,0.0
1777665956.8307624,33.8,4.02,0.0,0.0
1777665957.568024,33.8,4.02,0.0,0.0
1777665958.3169472,33.8,4.02,0.0,0.0
1777665959.0586333,33.8,4.02,0.0,0.0
1777665959.8134816,33.8,4.02,0.0,0.0
1777665960.5555992,33.8,4.02,0.0,0.0
1777665961.300342,33.8,4.02,0.0,0.0
1777665962.0330255,33.8,4.02,0.0,0.0
1777665962.7797744,33.8,4.02,0.0,0.0
1777665963.5229824,33.8,4.02,0.0,0.0
1777665964.2677245,33.8,4.02,0.0,0.0
1777665965.0200217,33.8,4.02,0.0,0.0
1777665965.764284,33.8,4.02,0.0,0.0
1777665966.5025198,33.8,4.02,0.0,0.0
1777665967.2537043,33.8,4.02,0.0,0.0
1777665967.9993436,33.8,4.02,0.0,0.0
1777665968.7618816,33.8,4.02,0.0,0.0
1777665969.5235837,33.8,4.02,0.0,0.0
1777665970.2634695,33.8,4.02,0.0,0.0
1777665971.0041995,33.8,4.02,0.0,0.0
1777665971.7542834,33.8,4.02,0.0,0.0
1777665972.494246,33.8,4.02,0.0,0.0
1777665973.2332158,33.8,4.02,0.0,0.0
1777665973.9840748,33.8,4.02,0.0,0.0
1777665974.7199078,33.8,4.02,0.0,0.0
1777665975.4637842,33.8,4.02,0.0,0.0
1777665976.2056963,33.8,4.02,0.0,0.0
1777665976.941574,33.8,4.02,0.0,0.0
1777665977.688191,33.8,4.02,0.0,0.0
1777665978.4446044,33.8,4.02,0.0,0.0
1777665979.1819136,33.8,4.02,0.0,0.0
1777665979.9184012,33.8,4.02,0.0,0.0
1777665980.6626256,33.8,4.02,0.0,0.0
1777665981.4013054,33.8,4.02,0.0,0.0
1777665982.143,33.8,4.02,0.0,0.0
1777665982.8928936,33.8,4.02,0.0,0.0
1777665983.633877,33.8,4.02,0.0,0.0
1777665984.3932912,33.8,4.02,0.0,0.0
1777665985.1355815,33.8,4.02,0.0,0.0
1777665985.8802934,33.8,4.02,0.0,0.0
1777665986.6252334,33.8,4.02,0.0,0.0
1777665987.3789546,33.8,4.02,0.0,0.0
1777665988.1222613,33.8,4.02,0.0,0.0
1777665988.8552704,33.8,4.02,0.0,0.0
1777665989.600668,33.8,4.02,0.0,0.0
1777665990.3347118,33.8,4.02,0.0,0.0
1777665991.0823455,33.8,4.02,0.0,0.0
1777665991.8239906,33.8,4.02,0.0,0.0
1777665992.573208,33.8,4.02,0.0,0.0
1777665993.3133986,33.8,4.02,0.0,0.0
1777665994.0593653,33.8,4.02,0.0,0.0
1777665994.797024,33.8,4.02,0.0,0.0
1777665995.5327878,33.8,4.02,0.0,0.0
1777665996.2815464,33.8,4.02,0.0,0.0
1777665997.0231743,33.8,4.02,0.0,0.0
1777665997.7654855,33.8,4.02,0.0,0.0
1777665998.5104113,33.8,4.02,0.0,0.0
1777665999.249868,33.8,4.02,0.0,0.0
1777665999.9843013,33.8,4.02,0.0,0.0
1777666000.7326627,33.8,4.02,0.0,0.0
1777666001.4724689,33.8,4.02,0.0,0.0
1777666002.2164874,33.8,4.02,0.0,0.0
1777666002.968495,33.8,4.02,0.0,0.0
1777666003.7126472,33.8,4.02,0.0,0.0
1777666004.4517703,33.8,4.02,0.0,0.0
1777666005.196842,33.8,4.02,0.0,0.0
1777666005.933119,33.8,4.02,0.0,0.0
1777666006.6711192,33.8,4.02,0.0,0.0
1777666007.4178755,33.8,4.02,0.0,0.0
1777666008.1528015,33.8,4.02,0.0,0.0
1777666008.8968935,33.8,4.02,0.0,0.0
1777666009.657117,33.8,4.02,0.0,0.0
1777666010.4491038,33.8,4.02,0.0,0.0
1777666011.2806115,33.8,4.02,0.0,0.0
1777666012.0765584,33.8,4.02,0.0,0.0
1777666012.8560934,33.8,4.02,0.0,0.0
1777666013.6208653,33.8,4.02,0.0,0.0
1777666014.3790064,33.8,4.02,0.0,0.0
1777666015.1419954,33.8,4.02,0.0,0.0
1777666015.887346,33.8,4.02,0.0,0.0
1777666016.635944,33.8,4.02,0.0,0.0
1777666017.4002533,33.8,4.02,0.0,0.0
1777666018.154976,33.8,4.02,0.0,0.0
1777666018.9224603,33.8,4.02,0.0,0.0
1777666019.6720169,33.8,4.02,0.0,0.0
1777666020.4107707,33.8,4.02,0.0,0.0
1777666021.163854,33.8,4.02,0.0,0.0
1777666021.9527411,33.8,4.02,0.0,0.0
1777666022.721138,33.8,4.02,0.0,0.0
1777666023.538136,33.8,4.02,0.0,0.0
1777666024.2860467,33.8,4.02,0.0,0.0
1777666025.0342214,33.8,4.02,0.0,0.0
1777666025.7905192,33.8,4.02,0.0,0.0
1777666026.546994,33.8,4.02,0.0,0.0
1777666027.2934983,33.8,4.02,0.0,0.0
1777666028.0528052,33.8,4.02,0.0,0.0
1777666028.8143613,33.8,4.02,0.0,0.0
1777666029.5660563,33.8,4.02,0.0,0.0
1777666030.3203824,33.8,4.02,0.0,0.0
1777666031.0748203,33.8,4.02,0.0,0.0
1777666031.852081,33.8,4.02,0.0,0.0
1777666032.6095593,33.8,4.02,0.0,0.0
1777666033.3779874,33.8,4.02,0.0,0.0
1777666034.1294954,33.8,4.02,0.0,0.0
1777666034.8945692,33.8,4.02,0.0,0.0
1777666035.692721,33.8,4.02,0.0,0.0
1777666036.45507,33.8,4.02,0.0,0.0
1777666037.2064629,33.8,4.02,0.0,0.0
1777666037.9747381,33.8,4.02,0.0,0.0
1777666038.739256,33.8,4.02,0.0,0.0
1777666039.499925,33.8,4.02,0.0,0.0
1777666040.2581384,33.8,4.02,0.0,0.0
1777666041.0237772,33.8,4.02,0.0,0.0
1777666041.776522,33.8,4.02,0.0,0.0
1777666042.5695903,33.8,4.02,0.0,0.0
1777666043.3506665,33.8,4.02,0.0,0.0
1777666044.142079,33.8,4.02,0.0,0.0
1777666045.0842414,33.8,4.02,0.0,0.0
1777666045.8493574,33.8,4.02,0.0,0.0
1777666046.612213,33.8,4.02,0.0,0.0
1777666047.3567042,33.8,4.02,0.0,0.0
1777666048.1004155,33.8,4.02,0.0,0.0
1777666048.8413844,33.8,4.02,0.0,0.0
1777666049.5828958,33.8,4.02,0.0,0.0
1777666050.3213682,33.8,4.02,0.0,0.0
1777666051.0567062,33.8,4.02,0.0,0.0
1777666051.797732,33.8,4.02,0.0,0.0
1777666052.553763,33.8,4.02,0.0,0.0
1777666053.3306763,33.8,4.02,0.0,0.0
1777666054.1327746,33.8,4.02,0.0,0.0
1777666054.9199023,33.8,4.02,0.0,0.0
1777666055.738407,33.8,4.02,0.0,0.0
1777666056.476742,33.8,4.02,0.0,0.0
1777666057.2157006,33.8,4.02,0.0,0.0
1777666057.9474778,33.8,4.02,0.0,0.0
1777666058.7163124,33.8,4.02,0.0,0.0
1777666059.4586604,33.8,4.02,0.0,0.0
1777666060.2025619,33.8,4.02,0.0,0.0
1777666060.9463549,33.8,4.02,0.0,0.0
1777666061.6913688,33.8,4.02,0.0,0.0
1777666062.4313545,33.8,4.02,0.0,0.0
1777666063.1734035,33.8,4.02,0.0,0.0
1777666063.914118,33.8,4.02,0.0,0.0
1777666064.6554894,33.8,4.02,0.0,0.0
1777666065.407008,33.8,4.02,0.0,0.0
1777666066.1444309,33.8,4.02,0.0,0.0
1777666066.878977,33.8,4.02,0.0,0.0
1777666067.6233783,33.8,4.02,0.0,0.0
1777666068.3696675,33.8,4.02,0.0,0.0
1777666069.1064432,33.8,4.02,0.0,0.0
1777666069.8638926,33.8,4.02,0.0,0.0
1777666070.6439333,33.8,4.02,0.0,0.0
1777666071.3849552,33.8,4.02,0.0,0.0
1777666072.1240153,33.8,4.02,0.0,0.0
1777666072.8624482,33.8,4.02,0.0,0.0
1777666073.6118352,33.8,4.02,0.0,0.0
1777666074.3563926,33.8,4.02,0.0,0.0
1777666075.0940695,33.8,4.02,0.0,0.0
1777666075.8378015,33.8,4.02,0.0,0.0
1777666076.5788543,33.8,4.02,0.0,0.0
1777666077.3153977,33.8,4.02,0.0,0.0
1777666078.0600922,33.8,4.02,0.0,0.0
1777666078.79881,33.8,4.02,0.0,0.0
1777666079.546077,33.8,4.02,0.0,0.0
1777666080.320962,33.8,4.02,0.0,0.0
1777666081.1039414,33.8,4.02,0.0,0.0
1777666081.8566358,33.8,4.02,0.0,0.0
1777666082.6011353,33.8,4.02,0.0,0.0
1777666083.335435,33.8,4.02,0.0,0.0
1777666084.087758,33.8,4.02,0.0,0.0
1777666084.839519,33.8,4.02,0.0,0.0
1777666085.6068134,33.8,4.02,0.0,0.0
1777666086.3653727,33.8,4.02,0.0,0.0
1777666087.107559,33.8,4.02,0.0,0.0
1777666087.8431888,33.8,4.02,0.0,0.0
1777666088.5886612,33.8,4.02,0.0,0.0
1777666089.3289883,33.8,4.02,0.0,0.0
1777666090.0726879,33.8,4.02,0.0,0.0
1777666090.818432,33.8,4.02,0.0,0.0
1777666091.553958,33.8,4.02,0.0,0.0
1777666092.291406,33.8,4.02,0.0,0.0
1777666093.0357969,33.8,4.02,0.0,0.0
1777666093.7746491,33.8,4.02,0.0,0.0
1777666094.5073526,33.8,4.02,0.0,0.0
1777666095.2491572,33.8,4.02,0.0,0.0
1777666095.9968126,33.8,4.02,0.0,0.0
1777666096.7448435,33.8,4.02,0.0,0.0
1777666097.493897,33.8,4.02,0.0,0.0
1777666098.2290993,33.8,4.02,0.0,0.0
1777666098.9728346,33.8,4.02,0.0,0.0
1777666099.7221708,33.8,4.02,0.0,0.0
1777666100.4671752,33.8,4.02,0.0,0.0
1777666101.2130837,33.8,4.02,0.0,0.0
1777666101.9549434,33.8,4.02,0.0,0.0
1777666102.6936576,33.8,4.02,0.0,0.0
1777666103.446094,33.8,4.02,0.0,0.0
1777666104.203603,33.8,4.02,0.0,0.0
1777666104.9416716,33.8,4.02,0.0,0.0
1777666105.682292,33.8,4.02,0.0,0.0
1777666106.4317925,33.8,4.02,0.0,0.0
1777666107.1803584,33.8,4.02,0.0,0.0
1777666107.9320543,33.8,4.02,0.0,0.0
1777666108.6716619,33.8,4.02,0.0,0.0
1777666109.4117079,33.8,4.02,0.0,0.0
1777666110.1588883,33.8,4.02,0.0,0.0
1777666110.8947759,33.8,4.02,0.0,0.0
1777666111.6364868,33.8,4.02,0.0,0.0
1777666112.3796647,33.8,4.02,0.0,0.0
1777666113.1227155,33.8,4.02,0.0,0.0
1777666113.8615878,33.8,4.02,0.0,0.0
1777666114.599169,33.8,4.02,0.0,0.0
1777666115.3399856,33.8,4.02,0.0,0.0
1777666116.0838702,33.8,4.02,0.0,0.0
1777666116.8404133,33.8,4.02,0.0,0.0
1777666117.5773497,33.8,4.02,0.0,0.0
1777666118.3196898,33.8,4.02,0.0,0.0
1777666119.063798,33.8,4.02,0.0,0.0
1777666119.7982662,33.8,4.02,0.0,0.0
1777666120.543108,33.8,4.02,0.0,0.0
1777666121.3100681,33.8,4.02,0.0,0.0
1777666122.0896177,33.8,4.02,0.0,0.0
1777666122.90489,33.8,4.02,0.0,0.0
1777666123.6461222,33.8,4.02,0.0,0.0
1777666124.391349,33.8,4.02,0.0,0.0
1777666125.138349,33.8,4.02,0.0,0.0
1777666125.873071,33.8,4.02,0.0,0.0
1777666126.6133878,33.8,4.02,0.0,0.0
1777666127.3589602,33.8,4.02,0.0,0.0
1777666128.0985959,33.8,4.02,0.0,0.0
1777666128.8463128,33.8,4.02,0.0,0.0
1777666129.5857236,33.8,4.02,0.0,0.0
1777666130.3248343,33.8,4.02,0.0,0.0
1777666131.0725946,33.8,4.02,0.0,0.0
1777666131.8172307,33.8,4.02,0.0,0.0
1777666132.5584698,33.8,4.02,0.0,0.0
1777666133.3226619,33.8,4.02,0.0,0.0
1777666134.1243365,33.8,4.02,0.0,0.0
1777666134.8656147,33.8,4.02,0.0,0.0
1777666135.606945,33.8,4.02,0.0,0.0
1777666136.3780437,33.8,4.02,0.0,0.0
1777666137.1536784,33.8,4.02,0.0,0.0
1777666137.8940651,33.8,4.02,0.0,0.0
1777666138.6283414,33.8,4.02,0.0,0.0
1777666139.3679712,33.8,4.02,0.0,0.0
1777666140.1484702,33.8,4.02,0.0,0.0
1777666140.936898,33.8,4.02,0.0,0.0
1777666141.700907,33.8,4.02,0.0,0.0
1777666142.446563,33.8,4.02,0.0,0.0
1777666143.204074,33.8,4.02,0.0,0.0
1777666143.9427626,33.8,4.02,0.0,0.0
1777666144.679855,33.8,4.02,0.0,0.0
1777666145.4255905,33.8,4.02,0.0,0.0
1777666146.166044,33.8,4.02,0.0,0.0
1777666146.9103973,33.8,4.02,0.0,0.0
1777666147.6639469,33.8,4.02,0.0,0.0
1777666148.4064703,33.8,4.02,0.0,0.0
1777666149.1456606,33.8,4.02,0.0,0.0
1777666149.8942153,33.8,4.02,0.0,0.0
1777666150.6370401,33.8,4.02,0.0,0.0
1777666151.374211,33.8,4.02,0.0,0.0
1777666152.1459827,33.8,4.02,0.0,0.0
1777666152.8874795,33.8,4.02,0.0,0.0
1777666153.6346629,33.8,4.02,0.0,0.0
1777666154.3745031,33.8,4.02,0.0,0.0
1777666155.1237345,33.8,4.02,0.0,0.0
1777666155.8688653,33.8,4.02,0.0,0.0
1777666156.6156576,33.8,4.02,0.0,0.0
1777666157.3552318,33.8,4.02,0.0,0.0
1777666158.0948532,33.8,4.02,0.0,0.0
1777666158.8439221,33.8,4.02,0.0,0.0
1777666159.581106,33.8,4.02,0.0,0.0
1777666160.3197114,33.8,4.02,0.0,0.0
1777666161.0715208,33.8,4.02,0.0,0.0
1777666161.8105307,33.8,4.02,0.0,0.0
1777666162.5534458,33.8,4.02,0.0,0.0
1777666163.294743,33.8,4.02,0.0,0.0
1777666164.0539556,33.8,4.02,0.0,0.0
1777666164.7905374,33.8,4.02,0.0,0.0
1777666165.5384033,33.8,4.02,0.0,0.0
1777666166.2755113,33.8,4.02,0.0,0.0
1777666167.0174131,33.8,4.02,0.0,0.0
1777666167.760195,33.8,4.02,0.0,0.0
1777666168.493385,33.8,4.02,0.0,0.0
1777666169.2282996,33.8,4.02,0.0,0.0
1777666169.974973,33.8,4.02,0.0,0.0
1777666170.7091062,33.8,4.02,0.0,0.0
1777666171.4499273,33.8,4.02,0.0,0.0
1777666172.1939223,33.8,4.02,0.0,0.0
1777666172.940398,33.8,4.02,0.0,0.0
1777666173.6754062,33.8,4.02,0.0,0.0
1777666174.566559,33.8,4.02,0.0,0.0
1777666175.3216605,33.8,4.02,0.0,0.0
1777666176.0610733,33.8,4.02,0.0,0.0
1777666176.8042576,33.8,4.02,0.0,0.0
1777666177.5585666,33.8,4.02,0.0,0.0
1777666178.3023734,33.8,4.02,0.0,0.0
1777666179.0582445,33.8,4.02,0.0,0.0
1777666179.8112931,33.8,4.02,0.0,0.0
1777666180.5542617,33.8,4.02,0.0,0.0
1777666181.3039541,33.8,4.02,0.0,0.0
1777666182.0464425,33.8,4.02,0.0,0.0
1777666182.7916021,33.8,4.02,0.0,0.0
1777666183.5449443,33.8,4.02,0.0,0.0
1777666184.2832255,33.8,4.02,0.0,0.0
1777666185.0276296,33.8,4.02,0.0,0.0
1777666185.7788422,33.8,4.02,0.0,0.0
1777666186.5189683,33.8,4.02,0.0,0.0
1777666187.2568185,33.8,4.02,0.0,0.0
1777666187.9990716,33.8,4.02,0.0,0.0
1777666188.733675,33.8,4.02,0.0,0.0
1777666189.4805365,33.8,4.02,0.0,0.0
1777666190.2247155,33.8,4.02,0.0,0.0
1777666190.9614768,33.8,4.02,0.0,0.0
1777666191.6930463,33.8,4.02,0.0,0.0
1777666192.4412167,33.8,4.02,0.0,0.0
1777666193.1819205,33.8,4.02,0.0,0.0
1777666193.9213452,33.8,4.02,0.0,0.0
1777666194.6771271,33.8,4.02,0.0,0.0
1777666195.4283774,33.8,4.02,0.0,0.0
1777666196.1810641,33.8,4.02,0.0,0.0
1777666196.9373453,33.8,4.02,0.0,0.0
1777666197.727995,33.8,4.02,0.0,0.0
1777666198.5144744,33.8,4.02,0.0,0.0
1777666199.2815738,33.8,4.02,0.0,0.0
1777666200.090579,33.8,4.02,0.0,0.0
1777666200.8980083,33.8,4.02,0.0,0.0
1777666201.6388557,33.8,4.02,0.0,0.0
1777666202.3835115,33.8,4.02,0.0,0.0
1777666203.1468685,33.8,4.02,0.0,0.0
1777666203.9016519,33.8,4.02,0.0,0.0
1777666204.6547925,33.8,4.02,0.0,0.0
1777666205.4027736,33.8,4.02,0.0,0.0
1777666206.1526482,33.8,4.02,0.0,0.0
1777666206.8948925,33.8,4.02,0.0,0.0
1777666207.64338,33.8,4.02,0.0,0.0
1777666208.4012148,33.8,4.02,0.0,0.0
1777666209.156505,33.8,4.02,0.0,0.0
1777666209.9067438,33.8,4.02,0.0,0.0
1777666210.6676426,33.8,4.02,0.0,0.0
1777666211.4489694,33.8,4.02,0.0,0.0
1777666212.2196066,33.8,4.02,0.0,0.0
1777666212.9731126,33.8,4.02,0.0,0.0
1777666213.7302036,33.8,4.02,0.0,0.0
1777666214.4957826,33.8,4.02,0.0,0.0
1777666215.246637,33.8,4.02,0.0,0.0
1777666216.0092008,33.8,4.02,0.0,0.0
1777666216.764981,33.8,4.02,0.0,0.0
1777666217.5363545,33.8,4.02,0.0,0.0
1777666218.3212068,33.8,4.02,0.0,0.0
1777666219.1144824,33.8,4.02,0.0,0.0
1777666219.9084435,33.8,4.02,0.0,0.0
1777666220.6651366,33.8,4.02,0.0,0.0
1777666221.4534764,33.8,4.02,0.0,0.0
1777666222.1991773,33.8,4.02,0.0,0.0
1777666222.9435394,33.8,4.02,0.0,0.0
1777666223.6984398,33.8,4.02,0.0,0.0
1777666224.628505,33.8,4.02,0.0,0.0
1777666225.374838,33.8,4.02,0.0,0.0
1777666226.1192236,33.8,4.02,0.0,0.0
1777666226.8564482,33.8,4.02,0.0,0.0
1777666227.596019,33.8,4.02,0.0,0.0
1777666228.343622,33.8,4.02,0.0,0.0
1777666229.0879877,33.8,4.02,0.0,0.0
1777666229.8275876,33.8,4.02,0.0,0.0
1777666230.5680096,33.8,4.02,0.0,0.0
1777666231.3150167,33.8,4.02,0.0,0.0
1777666232.0571039,33.8,4.02,0.0,0.0
1777666232.8101993,33.8,4.02,0.0,0.0
1777666233.561679,33.8,4.02,0.0,0.0
1777666234.308596,33.8,4.02,0.0,0.0
1777666235.0520415,33.8,4.02,0.0,0.0
1777666235.8037596,33.8,4.02,0.0,0.0
1777666236.5396984,33.8,4.02,0.0,0.0
1777666237.275671,33.8,4.02,0.0,0.0
1777666238.0320907,33.8,4.02,0.0,0.0
1777666238.8016279,33.8,4.02,0.0,0.0
1777666239.5351026,33.8,4.02,0.0,0.0
1777666240.2813938,33.8,4.02,0.0,0.0
1777666241.0356238,33.8,4.02,0.0,0.0
1777666241.7740328,33.8,4.02,0.0,0.0
1777666242.5334766,33.8,4.02,0.0,0.0
1777666243.3090107,33.8,4.02,0.0,0.0
1777666244.0845845,33.8,4.02,0.0,0.0
1777666244.8315077,33.8,4.02,0.0,0.0
1777666245.593665,33.8,4.02,0.0,0.0
1777666246.3701549,33.8,4.02,0.0,0.0
1777666247.1294744,33.8,4.02,0.0,0.0
1777666247.885727,33.8,4.02,0.0,0.0
1777666248.636417,33.8,4.02,0.0,0.0
1777666249.38309,33.8,4.02,0.0,0.0
1777666250.1439524,33.8,4.02,0.0,0.0
1777666250.8939624,33.8,4.02,0.0,0.0
1777666251.6405506,33.8,4.02,0.0,0.0
1777666252.392048,33.8,4.02,0.0,0.0
1777666253.1443994,33.8,4.02,0.0,0.0
1777666253.8883107,33.8,4.02,0.0,0.0
1777666254.648917,33.8,4.02,0.0,0.0
1777666255.407299,33.8,4.02,0.0,0.0
1777666256.167105,33.8,4.02,0.0,0.0
1777666256.9346561,33.8,4.02,0.0,0.0
1777666257.6857266,33.8,4.02,0.0,0.0
1777666258.4417593,33.8,4.02,0.0,0.0
1777666259.1989946,33.8,4.02,0.0,0.0
1777666259.9465852,33.8,4.02,0.0,0.0
1777666260.7382689,33.8,4.02,0.0,0.0
1777666261.493669,33.8,4.02,0.0,0.0
1777666262.2488701,33.8,4.02,0.0,0.0
1777666263.006261,33.8,4.02,0.0,0.0
1777666263.7603755,33.8,4.02,0.0,0.0
1777666264.5137963,33.8,4.02,0.0,0.0
1777666265.2694464,33.8,4.02,0.0,0.0
1777666266.0255756,33.8,4.02,0.0,0.0
1777666266.8213758,33.8,4.02,0.0,0.0
1777666267.6489031,33.8,4.02,0.0,0.0
1777666268.4064686,33.8,4.02,0.0,0.0
1777666269.1667683,33.8,4.02,0.0,0.0
1777666269.9119167,33.8,4.02,0.0,0.0
1777666270.6689517,33.8,4.02,0.0,0.0
1777666271.4230194,33.8,4.02,0.0,0.0
1777666272.1851993,33.8,4.02,0.0,0.0
1777666272.9309258,33.8,4.02,0.0,0.0
1777666273.696793,33.8,4.02,0.0,0.0
1777666274.451582,33.8,4.02,0.0,0.0
1777666275.1988647,33.8,4.02,0.0,0.0
1777666275.953909,33.8,4.02,0.0,0.0
1777666276.7427318,33.8,4.02,0.0,0.0
1777666277.50461,33.8,4.02,0.0,0.0
1777666278.248864,33.8,4.02,0.0,0.0
1777666279.0076926,33.8,4.02,0.0,0.0
1777666279.769002,33.8,4.02,0.0,0.0
1777666280.5214968,33.8,4.02,0.0,0.0
1777666281.2983265,33.8,4.02,0.0,0.0
1777666282.0910776,33.8,4.02,0.0,0.0
1777666282.8826373,33.8,4.02,0.0,0.0
1777666283.6471648,33.8,4.02,0.0,0.0
1777666284.4227133,33.8,4.02,0.0,0.0
1777666285.1806593,33.8,4.02,0.0,0.0
1777666285.9266808,33.8,4.02,0.0,0.0
1777666286.7098255,33.8,4.02,0.0,0.0
1777666287.462978,33.8,4.02,0.0,0.0
1777666288.2163103,33.8,4.02,0.0,0.0
1777666288.971666,33.8,4.02,0.0,0.0
1777666289.7237012,33.8,4.02,0.0,0.0
1777666290.482035,33.8,4.02,0.0,0.0
1777666291.2365878,33.8,4.02,0.0,0.0
1777666291.9913034,33.8,4.02,0.0,0.0
1777666292.7424514,33.8,4.02,0.0,0.0
1777666293.5173178,33.8,4.02,0.0,0.0
1777666294.3113186,33.8,4.02,0.0,0.0
1777666295.1415668,33.8,4.02,0.0,0.0
1777666295.8967533,33.8,4.02,0.0,0.0
1777666296.6576133,33.8,4.02,0.0,0.0
1777666297.4078252,33.8,4.02,0.0,0.0
1777666298.1570988,33.8,4.02,0.0,0.0
1777666298.9156156,33.8,4.02,0.0,0.0
1777666299.6739743,33.8,4.02,0.0,0.0
1777666300.4348733,33.8,4.02,0.0,0.0
1777666301.195784,33.8,4.02,0.0,0.0
1777666301.9741712,33.8,4.02,0.0,0.0
1777666302.7337604,33.8,4.02,0.0,0.0
1777666303.490623,33.8,4.02,0.0,0.0
1777666304.2416487,33.8,4.02,0.0,0.0
1777666304.9920776,33.8,4.02,0.0,0.0
1777666305.7453644,33.8,4.02,0.0,0.0
1777666306.5148695,33.8,4.02,0.0,0.0
1777666307.2626896,33.8,4.02,0.0,0.0
1777666308.0174677,33.8,4.02,0.0,0.0
1777666308.7750866,33.8,4.02,0.0,0.0
1777666309.5266545,33.8,4.02,0.0,0.0
1777666310.2789848,33.8,4.02,0.0,0.0
1777666311.040021,33.8,4.02,0.0,0.0
1777666311.8159237,33.8,4.02,0.0,0.0
1777666312.5877945,33.8,4.02,0.0,0.0
1777666313.3660355,33.8,4.02,0.0,0.0
1777666314.1251893,33.8,4.02,0.0,0.0
1777666314.9278715,33.8,4.02,0.0,0.0
1777666315.773849,33.8,4.02,0.0,0.0
1777666316.5716467,33.8,4.02,0.0,0.0
1777666317.352965,33.8,4.02,0.0,0.0
1777666318.101209,33.8,4.02,0.0,0.0
1777666318.827924,33.8,4.02,0.0,0.0
1777666319.5479925,33.8,4.02,0.0,0.0
1777666320.2667525,33.8,4.02,0.0,0.0
1777666320.9854462,33.8,4.02,0.0,0.0
1777666321.7763762,33.8,4.02,0.0,0.0
1777666322.495769,33.8,4.02,0.0,0.0
1777666323.227313,33.8,4.02,0.0,0.0
1777666323.950688,33.8,4.02,0.0,0.0
1777666324.697464,33.8,4.02,0.0,0.0
1777666602.8558612,0,0,0,0
1777666604.6393871,0,0,0,0
1777666605.3775685,33.8,0.32,0.0,0.0
1777666605.9442384,33.8,0.62,0.0,0.0
1777666606.5080984,33.8,0.89,0.0,0.0
1777666607.0722573,33.8,1.14,0.0,0.0
1777666607.6603653,33.8,1.37,0.0,0.0
1777666608.2221467,33.8,1.59,0.0,0.0
1777666608.7861717,33.8,1.78,0.0,0.0
1777666609.3522632,33.8,1.96,0.0,0.0
1777666609.9372737,33.8,2.13,0.0,0.0
1777666610.5043886,33.8,2.28,0.0,0.0
1777666611.0684123,33.8,2.42,0.0,0.0
1777666611.630299,33.8,2.55,0.0,0.0
1777666612.2184958,33.8,2.67,0.0,0.0
1777666612.7844265,33.8,2.78,0.0,0.0
1777666613.3484585,33.8,2.88,0.0,0.0
1777666613.9092276,33.8,2.97,0.0,0.0
1777666614.4983556,33.8,3.05,0.0,0.0
1777666615.0633998,33.8,3.13,0.0,0.0
1777666615.6253834,33.8,3.2,0.0,0.0
1777666616.1925812,33.8,3.27,0.0,0.0
1777666616.778154,33.8,3.33,0.0,0.0
1777666617.3457496,33.8,3.39,0.0,0.0
1777666617.9096043,33.8,3.44,0.0,0.0
1777666618.4737785,33.8,3.49,0.0,0.0
1777666619.0616689,33.8,3.53,0.0,0.0
1777666619.6258903,33.8,3.57,0.0,0.0
1777666620.1896276,33.8,3.61,0.0,0.0
1777666620.753547,33.8,3.64,0.0,0.0
1777666621.3417788,33.8,3.67,0.0,0.0
1777666622.0277371,33.8,3.7,0.0,0.0
1777666622.706451,33.8,3.73,0.0,0.0
1777666623.4046595,33.8,3.75,0.0,0.0
1777666624.085651,33.8,3.77,0.0,0.0
1777666624.7696764,33.8,3.79,0.0,0.0
1777666625.4588351,33.8,3.81,0.0,0.0
1777666626.1632528,33.8,3.83,0.0,0.0
1777666626.870397,33.8,3.85,0.0,0.0
1777666627.5443861,33.8,3.86,0.0,0.0
1777666628.2267013,33.8,3.87,0.0,0.0
1777666628.9213712,33.8,3.89,0.0,0.0
1777666629.5971205,33.8,3.9,0.0,0.0
1777666630.2857232,33.8,3.91,0.0,0.0
1777666630.962,33.8,3.92,0.0,0.0
1777666631.637538,33.8,3.93,0.0,0.0
1777666632.3173573,33.8,3.93,0.0,0.0
1777666632.9947307,33.8,3.94,0.0,0.0
1777666633.6944046,33.8,3.95,0.0,0.0
1777666634.381175,33.8,3.95,0.0,0.0
1777666635.0561423,33.8,3.96,0.0,0.0
1777666635.7358525,33.8,3.97,0.0,0.0
1777666636.421883,33.8,3.97,0.0,0.0
1777666637.1127963,33.8,3.98,0.0,0.0
1777666637.7907748,33.8,3.98,0.0,0.0
1777666638.4950948,33.8,3.98,0.0,0.0
1777666639.1720169,33.8,3.99,0.0,0.0
1777666639.8523536,33.8,3.99,0.0,0.0
1777666640.5429986,33.8,3.99,0.0,0.0
1777666641.2167134,33.8,4.0,0.0,0.0
1777666641.8949625,33.8,4.0,0.0,0.0
1777666642.576919,33.8,4.0,0.0,0.0
1777666643.289036,33.8,4.0,0.0,0.0
1777666643.9757094,33.8,4.01,0.0,0.0
1777666644.6597896,33.8,4.01,0.0,0.0
1777666645.3368735,33.8,4.01,0.0,0.0
1777666646.0254772,33.8,4.01,0.0,0.0
1777666646.7142656,33.8,4.01,0.0,0.0
1777666647.4010181,33.8,3.95,0.15,1.18
1777666648.095066,33.8,3.95,0.11,1.19
1777666648.7787387,33.8,3.96,0.08,0.0
1777666649.4568477,33.8,3.87,0.22,1.16
1777666650.132714,33.8,3.81,0.33,1.14
1777666650.8171968,33.8,3.76,0.4,1.13
1777666651.5059621,33.8,3.72,0.45,1.12
1777666652.1817884,33.8,3.68,0.48,1.1
1777666652.864472,33.8,3.65,0.5,1.09
1777666653.546099,33.8,3.62,0.52,1.09
1777666654.2236419,33.8,3.59,0.53,1.08
1777666654.9066498,33.8,3.56,0.54,1.07
1777666655.592888,33.8,3.54,0.54,1.06
1777666656.2676835,33.8,3.52,0.55,1.06
1777666656.9461746,33.8,3.5,0.55,1.05
1777666657.627294,33.8,3.48,0.56,1.04
1777666658.306599,33.8,3.46,0.56,1.04
1777666658.998166,33.8,3.45,0.55,1.03
1777666659.718082,33.8,3.43,0.56,1.03
1777666660.3989716,33.8,3.42,0.55,1.04
1777666661.077135,33.8,3.41,0.55,1.07
1777666661.7568936,33.8,3.4,0.55,1.11
1777666662.484491,33.8,3.38,0.56,1.15
1777666663.2229576,33.8,3.38,0.56,1.18
1777666663.9128404,33.8,3.37,0.56,1.21
1777666664.5911922,33.8,3.36,0.56,1.24
1777666665.268394,33.8,3.35,0.55,1.27
1777666665.947785,33.8,3.34,0.56,1.3
1777666666.633054,33.8,3.34,0.56,1.32
1777666667.3171237,33.8,3.33,0.56,1.35
1777666667.9934227,33.8,3.33,0.56,1.37
1777666668.676138,33.8,3.32,0.56,1.39
1777666669.3567417,33.8,3.32,0.56,1.42
1777666670.0381987,33.8,3.31,0.55,1.43
1777666670.7269242,33.8,3.32,0.54,1.45
1777666671.414711,33.8,3.31,0.54,1.47
1777666672.0972016,33.8,3.3,0.56,1.48
1777666672.7773914,33.8,3.3,0.56,1.5
1777666673.4571362,33.8,3.3,0.56,1.52
1777666674.1305678,33.8,3.29,0.56,1.53
1777666674.810073,33.8,3.29,0.56,1.55
1777666675.4867346,33.8,3.29,0.56,1.56
1777666676.1653268,33.8,3.28,0.56,1.57
1777666676.843694,33.8,3.28,0.56,1.58
1777666677.5233681,33.8,3.28,0.56,1.6
1777666678.1993387,33.8,3.29,0.54,1.61
1777666678.8889818,33.8,3.29,0.53,1.62
1777666679.560244,33.8,3.29,0.53,1.62
1777666680.2398615,33.8,3.29,0.52,1.63
1777666680.9243011,33.8,3.3,0.52,1.63
1777666681.6102335,33.8,3.3,0.52,1.64
1777666682.302769,33.8,3.3,0.52,1.65
1777666682.985475,33.8,3.3,0.52,1.65
1777666683.6737552,33.8,3.3,0.52,1.65
1777666684.3546875,33.8,3.31,0.52,1.66
1777666685.0311117,33.8,3.31,0.5,1.66
1777666685.7156382,33.8,3.31,0.51,1.66
1777666686.407327,33.8,3.34,0.5,1.68
1777666687.0866632,33.8,3.39,0.37,1.68
1777666687.7785032,33.8,3.36,0.47,1.66
1777666688.4684777,33.8,3.35,0.51,1.66
1777666689.1458464,33.8,3.34,0.53,1.66
1777666689.8275223,33.8,3.33,0.54,1.66
1777666690.5067666,33.8,3.32,0.55,1.67
1777666691.18263,33.8,3.32,0.55,1.67
1777666691.8676279,33.8,3.31,0.56,1.68
1777666692.5527234,33.8,3.31,0.56,1.68
1777666693.2316306,33.8,3.3,0.56,1.69
1777666693.9152355,33.8,3.3,0.56,1.69
1777666694.595478,33.8,3.29,0.56,1.7
1777666695.2808115,33.8,3.29,0.56,1.71
1777666695.973473,33.8,3.29,0.56,1.71
1777666696.6600764,33.8,3.29,0.56,1.72
1777666697.3404408,33.8,3.28,0.56,1.72
1777666698.0262768,33.8,3.28,0.57,1.73
1777666698.7054448,33.8,3.28,0.57,1.73
1777666699.3868222,33.8,3.28,0.57,1.74
1777666700.068293,33.8,3.28,0.56,1.74
1777666700.7467842,33.8,3.28,0.55,1.75
1777666701.4272377,33.8,3.28,0.55,1.75
1777666702.106879,33.8,3.28,0.54,1.75
1777666702.7918274,33.8,3.28,0.55,1.75
1777666703.4685977,33.8,3.28,0.54,1.75
1777666704.1801646,33.8,3.28,0.54,1.76
1777666704.8727958,33.8,3.28,0.53,1.76
1777666705.5655007,33.8,3.28,0.52,1.76
1777666706.2589087,33.8,3.29,0.52,1.75
1777666706.950047,33.8,3.28,0.52,1.75
1777666707.6384907,33.8,3.27,0.53,1.74
1777666708.3310566,33.8,3.26,0.57,1.74
1777666709.0156896,33.8,3.24,0.6,1.74
1777666709.6992123,33.8,3.23,0.62,1.75
1777666710.382931,33.8,3.23,0.61,1.76
1777666711.0684328,33.8,3.23,0.6,1.77
1777666711.7511811,33.8,3.24,0.57,1.78
1777666712.443949,33.8,3.24,0.58,1.78
1777666713.1222012,33.8,3.23,0.58,1.78
1777666713.8053193,33.8,3.24,0.58,1.79
1777666714.492087,33.8,3.24,0.58,1.8
1777666715.1725814,33.8,3.24,0.58,1.8
1777666715.865714,33.8,3.25,0.55,1.81
1777666716.5557592,33.8,3.25,0.54,1.81
1777666717.2420785,33.8,3.25,0.54,1.8
1777666717.9299922,33.8,3.25,0.55,1.8
1777666718.6077902,33.8,3.25,0.55,1.8
1777666719.2875462,33.8,3.25,0.55,1.8
1777666719.9706962,33.8,3.25,0.55,1.8
1777666720.6674697,33.8,3.25,0.55,1.8
1777666721.370682,33.8,3.25,0.55,1.8
1777666722.0603323,33.8,3.26,0.54,1.8
1777666722.7656424,33.8,3.26,0.54,1.8
1777666723.4735465,33.8,3.26,0.54,1.79
1777666724.1935208,33.8,3.26,0.54,1.79
1777666724.8686335,33.8,3.26,0.54,1.79
1777666725.5438838,33.8,3.26,0.54,1.79
1777666726.2184842,33.8,3.26,0.54,1.79
1777666726.8840032,33.8,3.26,0.54,1.79
1777666727.5668812,33.8,3.26,0.54,1.78
1777666728.2548552,33.8,3.26,0.54,1.78
1777666728.9258618,33.8,3.26,0.53,1.78
1777666729.5915892,33.8,3.26,0.53,1.78
1777666730.2602718,33.8,3.26,0.53,1.77
1777666730.927553,33.8,3.26,0.53,1.77
1777666731.5967677,33.8,3.32,0.39,1.78
1777666732.267136,33.8,3.38,0.3,1.77
1777666732.937805,33.8,3.43,0.22,1.75
1777666733.6053333,33.8,3.48,0.17,1.71
1777666734.2726114,33.8,3.52,0.12,1.67
1777666734.9380734,33.8,3.56,0.09,0.0
1777666735.6050684,33.8,3.59,0.07,0.0
1777666736.275864,33.8,3.63,0.05,0.0
1777666736.9436028,33.8,3.66,0.04,0.0
1777666737.6122997,33.8,3.69,0.03,0.0
1777666738.2813902,33.8,3.71,0.02,0.0
1777666739.0157533,33.8,3.74,0.02,0.0
1777666739.7545905,33.8,3.76,0.01,0.0
1777666740.4188094,33.8,3.78,0.01,0.0
1777666741.084568,33.8,3.8,0.01,0.0
1777666741.751346,33.8,3.82,0.01,0.0
1777666742.4226995,33.8,3.83,0.0,0.0
1777666743.0878675,33.8,3.85,0.0,0.0
1777666743.7516174,33.8,3.86,0.0,0.0
1777666744.419873,33.8,3.87,0.0,0.0
1777666745.0824711,33.8,3.88,0.0,0.0
1777666745.7483747,33.8,3.89,0.0,0.0
1777666746.4127648,33.8,3.9,0.0,0.0
1777666747.075792,33.8,3.91,0.0,0.0
1777666747.7417796,33.8,3.92,0.0,0.0
1777666748.409126,33.8,3.93,0.0,0.0
1777666749.0715892,33.8,3.94,0.0,0.0
1777666749.7377257,33.8,3.94,0.0,0.0
1777666750.4043484,33.8,3.95,0.0,0.0
1777666751.069536,33.8,3.95,0.0,0.0
1777666751.733833,33.8,3.96,0.0,0.0
1777666752.4016554,33.8,3.96,0.0,0.0
1777666753.0645082,33.8,3.97,0.0,0.0
1777666753.7412717,33.8,3.97,0.0,0.0
1777666754.5017734,33.8,3.97,0.0,0.0
1777666755.248936,33.8,3.98,0.0,0.0
1777666755.9237635,33.8,3.98,0.0,0.0
1777666756.5913403,33.8,3.98,0.0,0.0
1777666757.2756507,33.8,3.99,0.0,0.0
1777666758.0289054,33.8,3.99,0.0,0.0
1777666758.718405,33.8,3.99,0.0,0.0
1777666759.4003868,33.8,3.99,0.0,0.0
1777666760.1044145,33.8,4.0,0.0,0.0
1777666760.793037,33.8,4.0,0.0,0.0
1777666761.499577,33.8,4.0,0.0,0.0
1777666762.2215905,33.8,4.0,0.0,0.0
1777666762.9466636,33.8,4.0,0.0,0.0
1777666763.6596591,33.8,4.0,0.0,0.0
1777666764.3688788,33.8,4.0,0.0,0.0
1777666765.0795915,33.8,4.0,0.0,0.0
1777666765.8280647,33.8,4.01,0.0,0.0
1777666766.664114,33.8,4.01,0.0,0.0
1777666767.4512854,33.8,4.01,0.0,0.0
1777666768.1725004,33.8,4.01,0.0,0.0
1777666768.8854582,33.8,4.01,0.0,0.0
1777666769.614374,33.8,4.01,0.0,0.0
1777666770.3203676,33.8,4.01,0.0,0.0
1777666771.03449,33.8,4.01,0.0,0.0
1777666771.7442589,33.8,4.01,0.0,0.0
1777666772.4978557,33.8,4.01,0.0,0.0
1777666773.2141385,33.8,4.01,0.0,0.0
1777666773.9417813,33.8,4.01,0.0,0.0
1777666774.6706753,33.8,4.01,0.0,0.0
1777666775.3874338,33.8,4.01,0.0,0.0
1777666776.082166,33.8,4.01,0.0,0.0
1777666776.796477,33.8,4.01,0.0,0.0
1777666777.4907157,33.8,4.01,0.0,0.0
1777666778.1817014,33.8,4.02,0.0,0.0
1777666778.8755996,33.8,4.02,0.0,0.0
1777666779.5802047,33.8,4.02,0.0,0.0
1777666780.2749894,33.8,4.02,0.0,0.0
1777666780.98521,33.8,4.02,0.0,0.0
1777666781.7171087,33.8,4.02,0.0,0.0
1777666782.4079542,33.8,4.02,0.0,0.0
1777666783.1108134,33.8,4.02,0.0,0.0
1777666783.802781,33.8,4.02,0.0,0.0
1777666784.511898,33.8,4.02,0.0,0.0
1777666785.2164497,33.8,4.02,0.0,0.0
1777666785.929673,33.8,4.02,0.0,0.0
1777666786.6266365,33.8,4.02,0.0,0.0
1777666787.326205,33.8,4.02,0.0,0.0
1777666788.035982,33.8,4.02,0.0,0.0
1777666788.731086,33.8,4.02,0.0,0.0
1777666789.423713,33.8,4.02,0.0,0.0
1777666790.1554444,33.8,4.02,0.0,0.0
1777666790.845928,33.8,4.02,0.0,0.0
1777666791.543758,33.8,4.02,0.0,0.0
1777666792.2468743,33.8,4.02,0.0,0.0
1777666792.9579604,33.8,4.02,0.0,0.0
1777666793.6576371,33.8,4.02,0.0,0.0
1777666794.3620005,33.8,4.02,0.0,0.0
1777666795.0583048,33.8,4.02,0.0,0.0
1777666795.7788613,33.8,4.02,0.0,0.0
1777666796.4940732,33.8,4.02,0.0,0.0
1777666797.209144,33.8,4.02,0.0,0.0
1777666797.9184504,33.8,4.02,0.0,0.0
1777666798.6217284,33.8,4.02,0.0,0.0
1777666799.3119032,33.8,4.02,0.0,0.0
1777666800.0298653,33.8,4.02,0.0,0.0
1777666800.745576,33.8,4.02,0.0,0.0
1777666801.4404786,33.8,4.02,0.0,0.0
1777666802.1344054,33.8,4.02,0.0,0.0
1777666802.834258,33.8,4.02,0.0,0.0
1777666803.5339465,33.8,4.02,0.0,0.0
1777666804.2293181,33.8,4.02,0.0,0.0
1777666804.9475937,33.8,4.02,0.0,0.0
1777666805.6478481,33.8,4.02,0.0,0.0
1777666806.3537908,33.8,4.02,0.0,0.0
1777666807.0749419,33.8,4.02,0.0,0.0
1777666807.7652245,33.8,4.02,0.0,0.0
1777666808.4862552,33.8,4.02,0.0,0.0
1777666809.2048237,33.8,4.02,0.0,0.0
1777666809.903946,33.8,4.02,0.0,0.0
1777666810.5935912,33.8,4.02,0.0,0.0
1777666811.3132212,33.8,4.02,0.0,0.0
1777666812.0175693,33.8,4.02,0.0,0.0
1777666812.7518165,33.8,4.02,0.0,0.0
1777666813.4529996,33.8,4.02,0.0,0.0
1777666814.1624014,33.8,4.02,0.0,0.0
1777666814.8939545,33.8,4.02,0.0,0.0
1777666815.665577,33.8,4.02,0.0,0.0
1777666816.3986404,33.8,4.02,0.0,0.0
1777666817.1945012,33.8,4.02,0.0,0.0
1777666818.0137403,33.8,4.02,0.0,0.0
1777666818.8303256,33.8,4.02,0.0,0.0
1777666819.5540416,33.8,4.02,0.0,0.0
1777666820.2848692,33.8,4.02,0.0,0.0
1777666820.9874966,33.8,4.02,0.0,0.0
1777666821.7058282,33.8,4.02,0.0,0.0
1777666822.4052942,33.8,4.02,0.0,0.0
1777666823.121737,33.8,4.02,0.0,0.0
1777666823.8498247,33.8,4.02,0.0,0.0
1777666824.562207,33.8,4.02,0.0,0.0
1777666825.2758543,33.8,4.02,0.0,0.0
1777666825.973742,33.8,4.02,0.0,0.0
1777666826.7007496,33.8,4.02,0.0,0.0
1777666827.418998,33.8,4.02,0.0,0.0
1777666828.130561,33.8,4.02,0.0,0.0
1777666828.829646,33.8,4.02,0.0,0.0
1777666829.5458956,33.8,4.02,0.0,0.0
1777666830.2550435,33.8,4.02,0.0,0.0
1777666830.991333,33.8,4.02,0.0,0.0
1777666831.705176,33.8,4.02,0.0,0.0
1777666832.4301805,33.8,4.02,0.0,0.0
1777666833.1583662,33.8,4.02,0.0,0.0
1777666833.867641,33.8,4.02,0.0,0.0
1777666834.6061027,33.8,4.02,0.0,0.0
1777666835.3259656,33.8,4.02,0.0,0.0
1777666836.0731301,33.8,4.02,0.0,0.0
1777666836.7868183,33.8,4.02,0.0,0.0
1777666837.5328763,33.8,4.02,0.0,0.0
1777666838.26603,33.8,4.02,0.0,0.0
1777666838.993684,33.8,4.02,0.0,0.0
1777666839.73946,33.8,4.02,0.0,0.0
1777666840.4939692,33.8,4.02,0.0,0.0
1777666841.216456,33.8,4.02,0.0,0.0
1777666841.9518778,33.8,4.02,0.0,0.0
1777666842.6891456,33.8,4.02,0.0,0.0
1777666843.4619932,33.8,4.02,0.0,0.0
1777666844.218681,33.8,4.02,0.0,0.0
1777666844.9659376,33.8,4.02,0.0,0.0
1777666845.6846242,33.8,4.02,0.0,0.0
1777666846.4652169,33.8,4.02,0.0,0.0
1777666847.1850238,33.8,4.02,0.0,0.0
1777666847.932057,33.8,4.02,0.0,0.0
1777666848.7127285,33.8,4.02,0.0,0.0
1777666849.6301706,33.8,4.02,0.0,0.0
1777666850.3696003,33.8,4.02,0.0,0.0
1777666851.109307,33.8,4.02,0.0,0.0
1777666851.828404,33.8,4.02,0.0,0.0
1777666852.529697,33.8,4.02,0.0,0.0
1777666853.2292578,33.8,4.02,0.0,0.0
1777666853.9263213,33.8,4.02,0.0,0.0
1777666854.6242821,33.8,4.02,0.0,0.0
1777666855.3391874,33.8,4.02,0.0,0.0
1777666856.1097677,33.8,4.02,0.0,0.0
1777666856.8249757,33.8,4.02,0.0,0.0
1777666857.5084047,33.8,4.02,0.0,0.0
1777666858.224265,33.8,4.02,0.0,0.0
1777666858.9222724,33.8,4.02,0.0,0.0
1777666859.6114628,33.8,4.02,0.0,0.0
1777666860.3180163,33.8,4.02,0.0,0.0
1777666861.0245085,33.8,4.02,0.0,0.0
1777666861.717403,33.8,4.02,0.0,0.0
1777666862.4239128,33.8,4.02,0.0,0.0
1777666863.1327417,33.8,4.02,0.0,0.0
1777666863.841526,33.8,4.02,0.0,0.0
1777666864.591225,33.8,4.02,0.0,0.0
1777666865.2898908,33.8,4.02,0.0,0.0
1777666866.0415027,33.8,4.02,0.0,0.0
1777666866.8939579,33.8,4.02,0.0,0.0
1777666867.6214263,33.8,4.02,0.0,0.0
1777666868.3208954,33.8,4.02,0.0,0.0
1777666869.0168128,33.8,4.02,0.0,0.0
1777666869.7047982,33.8,4.02,0.0,0.0
1777666870.3995156,33.8,4.02,0.0,0.0
1777666871.1035826,33.8,4.02,0.0,0.0
1777666871.8148327,33.8,4.02,0.0,0.0
1777666872.510464,33.8,4.02,0.0,0.0
1777666873.211531,33.8,4.02,0.0,0.0
1777666873.909237,33.8,4.02,0.0,0.0
1777666874.644256,33.8,4.02,0.0,0.0
1777666875.3446164,33.8,4.02,0.0,0.0
1777666876.2339416,33.8,4.02,0.0,0.0
1777666876.9618046,33.8,4.02,0.0,0.0
1777666877.661519,33.8,4.02,0.0,0.0
1777666878.3688703,33.8,4.02,0.0,0.0
1777666879.0731702,33.8,4.02,0.0,0.0
1777666879.79211,33.8,4.02,0.0,0.0
1777666880.561212,33.8,4.02,0.0,0.0
1777666881.2782025,33.8,4.02,0.0,0.0
1777666882.0232654,33.8,4.02,0.0,0.0
1777666882.755056,33.8,4.02,0.0,0.0
1777666883.448551,33.8,4.02,0.0,0.0
1777666884.2017367,33.8,4.02,0.0,0.0
1777666884.9436872,33.8,4.02,0.0,0.0
1777666885.6954272,33.8,4.02,0.0,0.0
1777666886.4243052,33.8,4.02,0.0,0.0
1777666887.1344283,33.8,4.02,0.0,0.0
1777666887.8412945,33.8,4.02,0.0,0.0
1777666888.5477366,33.8,4.02,0.0,0.0
1777666889.255607,33.8,4.02,0.0,0.0
1777666889.9911754,33.8,4.02,0.0,0.0
1777666890.694896,33.8,4.02,0.0,0.0
1777666891.403441,33.8,4.02,0.0,0.0
1777666892.111242,33.8,4.02,0.0,0.0
1777666892.817179,33.8,4.02,0.0,0.0
1777666893.5239031,33.8,4.02,0.0,0.0
1777666894.2266312,33.8,4.02,0.0,0.0
1777666894.9416845,33.8,4.02,0.0,0.0
1777666895.685131,33.8,4.02,0.0,0.0
1777666896.4239948,33.8,4.02,0.0,0.0
1777666897.147407,33.8,4.02,0.0,0.0
1777666897.8497956,33.8,4.02,0.0,0.0
1777666898.5517092,33.8,4.02,0.0,0.0
1777666899.253667,33.8,4.02,0.0,0.0
1777666899.95266,33.8,4.02,0.0,0.0
1777666900.6748347,33.8,4.02,0.0,0.0
1777666901.3687966,33.8,4.02,0.0,0.0
1777666902.0649786,33.8,4.02,0.0,0.0
1777666902.7639127,33.8,4.02,0.0,0.0
1777666903.483077,33.8,4.02,0.0,0.0
1777666904.2258751,33.8,4.02,0.0,0.0
1777666904.9702702,33.8,4.02,0.0,0.0
1777666905.6841817,33.8,4.02,0.0,0.0
1777666906.3997788,33.8,4.02,0.0,0.0
1777666907.1264882,33.8,4.02,0.0,0.0
1777666907.8248606,33.8,4.02,0.0,0.0
1777666908.5579164,33.8,4.02,0.0,0.0
1777666909.2762752,33.8,4.02,0.0,0.0
1777666909.9727223,33.8,4.02,0.0,0.0
1777666910.7050214,33.8,4.02,0.0,0.0
1777666911.427953,33.8,4.02,0.0,0.0
1777666912.1587074,33.8,4.02,0.0,0.0
1777666912.8648574,33.8,4.02,0.0,0.0
1777666913.5761971,33.8,4.02,0.0,0.0
1777666914.2689364,33.8,4.03,0.0,0.0
1777666914.981373,33.8,4.03,0.0,0.0
1777666915.6828225,33.8,4.03,0.0,0.0
1777666916.3875191,33.8,4.03,0.0,0.0
1777666917.0891762,33.8,4.03,0.0,0.0
1777666917.785386,33.8,4.03,0.0,0.0
1777666918.468946,33.8,4.03,0.0,0.0
1777666919.1869202,33.8,4.02,0.0,0.0
1777666919.8993902,33.8,4.02,0.0,0.0
1777666920.6018667,33.8,4.02,0.0,0.0
1777666921.3233528,33.8,4.02,0.0,0.0
1777666922.0491858,33.8,4.02,0.0,0.0
1777666922.7544963,33.8,4.02,0.0,0.0
1777666923.4416854,33.8,4.02,0.0,0.0
1777666924.130792,33.8,4.02,0.0,0.0
1777666924.8371801,33.8,4.02,0.0,0.0
1777666925.5388298,33.8,4.02,0.0,0.0
1777666926.2667737,33.8,4.02,0.0,0.0
1777666926.9893873,33.8,4.02,0.0,0.0
1777666927.6922877,33.8,4.02,0.0,0.0
1777666928.4474447,33.8,4.02,0.0,0.0
1777666929.258316,33.8,4.02,0.0,0.0
1777666929.9640381,33.8,4.02,0.0,0.0
1777666930.6783855,33.8,4.02,0.0,0.0
1777666931.3657541,33.8,4.02,0.0,0.0
1777666932.0572534,33.8,4.02,0.0,0.0
1777666932.7632046,33.8,4.02,0.0,0.0
1777666933.465828,33.8,4.02,0.0,0.0
1777666934.1949944,33.8,4.02,0.0,0.0
1777666934.915293,33.8,4.02,0.0,0.0
1777666935.686108,33.8,4.02,0.0,0.0
1777666936.4234796,33.8,4.02,0.0,0.0
1777666937.1737902,33.8,4.02,0.0,0.0
1777666938.1361783,33.8,4.02,0.0,0.0
1777666938.8925316,33.8,4.02,0.0,0.0
1777666939.6246421,33.8,4.02,0.0,0.0
1777666940.3488476,33.8,4.02,0.0,0.0
1777666941.0815036,33.8,4.02,0.0,0.0
1777666941.8394017,33.8,4.02,0.0,0.0
1777666942.551267,33.8,4.02,0.0,0.0
1777666943.270718,33.8,4.02,0.0,0.0
1777666943.9980984,33.8,4.02,0.0,0.0
1777666944.709831,33.8,4.02,0.0,0.0
1777666945.4323611,33.8,4.02,0.0,0.0
1777666946.1310334,33.8,4.02,0.0,0.0
1777666946.848161,33.8,4.02,0.0,0.0
1777666947.572249,33.8,4.02,0.0,0.0
1777666948.2729585,33.8,4.02,0.0,0.0
1777666948.991134,33.8,4.02,0.0,0.0
1777666949.734029,33.8,4.02,0.0,0.0
1777666950.4654818,33.8,4.02,0.0,0.0
1777666951.2223346,33.8,4.02,0.0,0.0
1777666951.9700673,33.8,4.02,0.0,0.0
1777666952.7054815,33.8,4.02,0.0,0.0
1777666953.4187846,33.8,4.02,0.0,0.0
1777666954.132349,33.8,4.02,0.0,0.0
1777666954.8367186,33.8,4.02,0.0,0.0
1777666955.5431383,33.8,4.02,0.0,0.0
1777666956.2646096,33.8,4.02,0.0,0.0
1777666956.978165,33.8,4.02,0.0,0.0
1777666957.6924412,33.8,4.02,0.0,0.0
1777666958.4149063,33.8,4.02,0.0,0.0
1777666959.1307173,33.8,4.02,0.0,0.0
1777666959.8420339,33.8,4.02,0.0,0.0
1777666960.5644252,33.8,4.02,0.0,0.0
1777666961.2739496,33.8,4.02,0.0,0.0
1777666961.9979613,33.8,4.02,0.0,0.0
1777666962.7156265,33.8,4.02,0.0,0.0
1777666963.4354725,33.8,4.02,0.0,0.0
1777666964.2456133,33.8,4.02,0.0,0.0
1777666965.0804076,33.8,4.02,0.0,0.0
1777666965.7936373,33.8,4.02,0.0,0.0
1777666966.5355556,33.8,4.02,0.0,0.0
1777666967.2455232,33.8,4.02,0.0,0.0
1777666967.9440491,33.8,4.02,0.0,0.0
1777666968.6524713,33.8,4.02,0.0,0.0
1777666969.351556,33.8,4.02,0.0,0.0
1777666970.0747921,33.8,4.02,0.0,0.0
1777666970.773981,33.8,4.02,0.0,0.0
1777666971.489907,33.8,4.02,0.0,0.0
1777666972.174577,33.8,4.02,0.0,0.0
1777666972.8440952,33.8,4.02,0.0,0.0
1777666973.5145957,33.8,4.02,0.0,0.0
1777666974.1836238,33.8,4.02,0.0,0.0
1777667049.3621864,0,0,0,0
1777667051.0928867,0,0,0,0
1777667051.882037,33.8,0.32,0.0,0.0
1777667052.4458494,33.8,0.62,0.0,0.0
1777667053.0131354,33.8,0.89,0.0,0.0
1777667053.5772073,33.8,1.14,0.0,0.0
1777667054.163371,33.8,1.37,0.0,0.0
1777667054.7261631,33.8,1.59,0.0,0.0
1777667055.2911997,33.8,1.78,0.0,0.0
1777667055.8630831,33.8,1.96,0.0,0.0
1777667056.4943314,33.8,2.13,0.0,0.0
1777667057.145349,33.8,2.28,0.0,0.0
1777667057.7073116,33.8,2.42,0.0,0.0
1777667058.2724128,33.8,2.55,0.0,0.0
1777667058.8286107,33.8,2.67,0.0,0.0
1777667059.3840106,33.8,2.77,0.0,0.0
1777667059.9522734,33.8,2.87,0.0,0.0
1777667060.51473,33.8,2.97,0.0,0.0
1777667061.1006737,33.8,3.05,0.0,0.0
1777667061.6848934,33.8,3.13,0.0,0.0
1777667062.2912288,33.8,3.2,0.0,0.0
1777667062.9613986,33.8,3.27,0.0,0.0
1777667063.54598,33.8,3.33,0.0,0.0
1777667064.131745,33.8,3.38,0.0,0.0
1777667064.72774,33.8,3.44,0.0,0.0
1777667065.320512,33.8,3.48,0.0,0.0
1777667065.944924,33.8,3.53,0.0,0.0
1777667066.5649972,33.8,3.57,0.0,0.0
1777667067.1351457,33.8,3.6,0.0,0.0
1777667067.7267249,33.8,3.64,0.0,0.0
1777667068.2923405,33.8,3.67,0.0,0.0
1777667069.0195322,33.8,3.7,0.0,0.0
1777667069.7099118,33.8,3.72,0.0,0.0
1777667070.420628,33.8,3.75,0.0,0.0
1777667071.1237483,33.8,3.77,0.0,0.0
1777667071.8645513,33.8,3.79,0.0,0.0
1777667072.6055708,33.8,3.81,0.0,0.0
1777667073.3687022,33.8,3.83,0.0,0.0
1777667074.0751877,33.8,3.84,0.0,0.0
1777667074.7717922,33.8,3.86,0.0,0.0
1777667075.4632,33.8,3.87,0.0,0.0
1777667076.193596,33.8,3.88,0.0,0.0
1777667076.9294715,33.8,3.9,0.0,0.0
1777667077.631083,33.8,3.91,0.0,0.0
1777667078.3627782,33.8,3.92,0.0,0.0
1777667079.0477593,33.8,3.93,0.0,0.0
1777667079.7371051,33.8,3.93,0.0,0.0
1777667080.429792,33.8,3.94,0.0,0.0
1777667081.1407473,33.8,3.95,0.0,0.0
1777667081.9055927,33.8,3.95,0.0,0.0
1777667082.6457546,33.8,3.96,0.0,0.0
1777667083.3242347,33.8,3.97,0.0,0.0
1777667084.010105,33.8,3.97,0.0,0.0
1777667084.701702,33.8,3.98,0.0,0.0
1777667085.394855,33.8,3.98,0.0,0.0
1777667086.0816662,33.8,3.98,0.0,0.0
1777667086.7685795,33.8,3.99,0.0,0.0
1777667087.4561834,33.8,3.99,0.0,0.0
1777667088.1616046,33.8,3.99,0.0,0.0
1777667088.860748,33.8,4.0,0.0,0.0
1777667089.5406232,33.8,4.0,0.0,0.0
1777667090.2198548,33.8,4.0,0.0,0.0
1777667090.9048083,33.8,4.0,0.0,0.0
1777667091.5819507,33.8,4.01,0.0,0.0
1777667092.2626648,33.8,4.01,0.0,0.0
1777667092.9509413,33.8,4.01,0.0,0.0
1777667093.6290333,33.8,4.01,0.0,0.0
1777667094.3162715,33.8,4.01,0.0,0.0
1777667095.0077844,33.8,4.01,0.0,0.0
1777667095.6917405,33.8,4.01,0.0,0.0
1777667096.414456,33.8,4.02,0.0,0.0
1777667097.1447222,33.8,4.02,0.0,0.0
1777667097.882731,33.8,4.02,0.0,0.0
1777667098.5725596,33.8,4.02,0.0,0.0
1777667099.2584338,33.8,4.02,0.0,0.0
1777667099.9499044,33.8,4.02,0.0,0.0
1777667100.630013,33.8,4.02,0.0,0.0
1777667101.345066,33.8,4.02,0.0,0.0
1777667102.0338628,33.8,4.02,0.0,0.0
1777667102.7131367,33.8,4.02,0.0,0.0
1777667103.3961177,33.8,4.02,0.0,0.0
1777667104.0740278,33.8,4.02,0.0,0.0
1777667104.754072,33.8,4.02,0.0,0.0
1777667105.4451323,33.8,4.02,0.0,0.0
1777667106.1239069,33.8,4.03,0.0,0.0
1777667106.8032532,33.8,4.03,0.0,0.0
1777667107.4878452,33.8,4.03,0.0,0.0
1777667108.1728022,33.8,4.03,0.0,0.0
1777667108.8563912,33.8,4.03,0.0,0.0
1777667109.546115,33.8,4.03,0.0,0.0
1777667110.2327077,33.8,4.03,0.0,0.0
1777667110.9172227,33.8,4.03,0.0,0.0
1777667111.5954432,33.8,4.0,0.0,0.0
1777667112.2785861,33.8,3.91,0.15,1.17
1777667112.96768,33.8,3.84,0.28,1.15
1777667113.6492383,33.8,3.79,0.34,1.14
1777667114.3397458,33.8,3.75,0.39,1.12
1777667115.0369337,33.8,3.71,0.42,1.11
1777667115.7221208,33.8,3.66,0.46,1.1
1777667116.4107378,33.8,3.62,0.48,1.09
1777667117.092176,33.8,3.59,0.5,1.08
1777667117.7741237,33.8,3.56,0.52,1.07
1777667118.4551864,33.8,3.53,0.53,1.06
1777667119.1318545,33.8,3.5,0.54,1.05
1777667119.811039,33.8,3.47,0.55,1.04
1777667120.4944654,33.8,3.45,0.55,1.03
1777667121.1841044,33.8,3.43,0.55,1.03
1777667121.8698735,33.8,3.41,0.55,1.02
1777667122.5576363,33.8,3.39,0.54,1.02
1777667123.2411747,33.8,3.38,0.55,1.01
1777667123.9279428,33.8,3.36,0.55,1.01
1777667124.6145957,33.8,3.35,0.55,1.04
1777667125.2961433,33.8,3.34,0.55,1.07
1777667125.975708,33.8,3.33,0.55,1.11
1777667126.6549504,33.8,3.32,0.55,1.14
1777667127.335623,33.8,3.31,0.54,1.17
1777667128.0194576,33.8,3.3,0.54,1.2
1777667128.7197945,33.8,3.29,0.54,1.22
1777667129.3986855,33.8,3.29,0.54,1.25
1777667130.084036,33.8,3.28,0.54,1.27
1777667130.7744389,33.8,3.27,0.54,1.3
1777667131.4586015,33.8,3.27,0.54,1.32
1777667132.141114,33.8,3.26,0.54,1.34
1777667132.822953,33.8,3.26,0.54,1.36
1777667133.499601,33.8,3.26,0.54,1.38
1777667134.181332,33.8,3.25,0.54,1.39
1777667134.8628778,33.8,3.25,0.54,1.41
1777667135.547527,33.8,3.24,0.54,1.43
1777667136.2277045,33.8,3.24,0.54,1.44
1777667136.921266,33.8,3.24,0.54,1.46
1777667137.6002798,33.8,3.24,0.54,1.47
1777667138.282821,33.8,3.24,0.54,1.48
1777667138.9731724,33.8,3.23,0.54,1.49
1777667139.6551118,33.8,3.23,0.53,1.51
1777667140.3404667,33.8,3.23,0.53,1.52
1777667141.0324955,33.8,3.23,0.53,1.52
1777667141.7148387,33.8,3.23,0.53,1.53
1777667142.4266078,33.8,3.23,0.53,1.54
1777667143.1064394,33.8,3.23,0.53,1.55
1777667143.7994685,33.8,3.22,0.53,1.56
1777667144.4844136,33.8,3.22,0.53,1.57
1777667145.1746385,33.8,3.22,0.53,1.57
1777667145.8564506,33.8,3.22,0.53,1.58
1777667146.5388746,33.8,3.22,0.53,1.59
1777667147.2364235,33.8,3.22,0.53,1.59
1777667147.9338355,33.8,3.22,0.53,1.6
1777667148.6283154,33.8,3.22,0.53,1.6
1777667149.3220155,33.8,3.22,0.53,1.61
1777667150.0041134,33.8,3.22,0.53,1.61
1777667150.6942682,33.8,3.22,0.53,1.62
1777667151.3825867,33.8,3.22,0.53,1.62
1777667152.0621789,33.8,3.22,0.53,1.63
1777667152.7504213,33.8,3.22,0.53,1.63
1777667153.4562442,33.8,3.21,0.53,1.63
1777667154.1383233,33.8,3.21,0.53,1.64
1777667154.8326786,33.8,3.21,0.53,1.64
1777667155.521846,33.8,3.22,0.53,1.65
1777667156.2010622,33.8,3.22,0.53,1.65
1777667156.8865852,33.8,3.22,0.53,1.65
1777667157.5716887,33.8,3.22,0.53,1.65
1777667158.2546542,33.8,3.22,0.53,1.66
1777667158.9465783,33.8,3.21,0.53,1.66
1777667159.6443017,33.8,3.21,0.53,1.66
1777667160.32844,33.8,3.21,0.53,1.66
1777667161.0160053,33.8,3.21,0.53,1.67
1777667161.7085056,33.8,3.21,0.53,1.67
1777667162.4103637,33.8,3.21,0.53,1.67
1777667163.1050153,33.8,3.21,0.53,1.67
1777667163.8016932,33.8,3.21,0.53,1.67
1777667164.4830437,33.8,3.21,0.53,1.68
1777667165.1649652,33.8,3.21,0.53,1.68
1777667165.8620274,33.8,3.21,0.53,1.68
1777667166.5417588,33.8,3.21,0.53,1.68
1777667167.236141,33.8,3.21,0.53,1.68
1777667167.9261358,33.8,3.21,0.53,1.68
1777667168.6034205,33.8,3.21,0.53,1.68
1777667169.283937,33.8,3.22,0.53,1.69
1777667169.983754,33.8,3.22,0.53,1.69
1777667170.6869185,33.8,3.22,0.53,1.69
1777667171.3740816,33.8,3.22,0.52,1.69
1777667172.0911508,33.8,3.22,0.52,1.69
1777667172.7725778,33.8,3.22,0.52,1.69
1777667173.4648468,33.8,3.22,0.52,1.69
1777667174.1531875,33.8,3.22,0.52,1.69
1777667174.8420293,33.8,3.22,0.52,1.69
1777667175.5251293,33.8,3.22,0.51,1.69
1777667176.2166681,33.8,3.22,0.52,1.69
1777667176.9077847,33.8,3.24,0.53,1.7
1777667177.5913396,33.8,3.24,0.53,1.7
1777667178.2886748,33.8,3.24,0.52,1.7
1777667178.974384,33.8,3.24,0.52,1.7
1777667179.6510482,33.8,0.0,0.39,0.0
1777667180.3464184,33.8,0.0,0.29,0.0
1777667181.044252,33.8,0.0,0.22,0.0
1777667181.7270272,33.8,0.0,0.16,0.0
1777667182.407567,33.8,0.0,0.12,0.0
1777667183.0926554,33.8,0.0,0.09,0.0
1777667183.78257,33.8,0.0,0.07,0.0
1777667184.4749572,33.8,0.0,0.05,0.0
1777667185.1574209,33.8,0.0,0.04,0.0
1777667185.8705223,33.8,0.0,0.03,0.0
1777667186.5577137,33.8,0.0,0.02,0.0
1777667187.241763,33.8,0.0,0.02,0.0
1777667187.9298615,33.8,0.0,0.01,0.0
1777667188.6122491,33.8,0.0,0.01,0.0
1777667189.2965546,33.8,0.0,0.01,0.0
1777667189.99596,33.8,0.0,0.01,0.0
1777667190.681695,33.8,0.0,0.0,0.0
1777667191.3632069,33.8,0.0,0.0,0.0
1777667192.0551138,33.8,0.0,0.0,0.0
1777667192.7428074,33.8,0.0,0.0,0.0
1777667193.4253807,33.8,0.0,0.0,0.0
1777667194.1047711,33.8,0.0,0.0,0.0
1777667194.7911272,33.8,0.0,0.0,0.0
1777667195.582843,33.8,0.0,0.0,0.0
1777667196.421206,33.8,0.0,0.0,0.0
1777667197.104031,33.8,0.0,0.0,0.0
1777667197.7864106,33.8,0.0,0.0,0.0
1777667198.467144,33.8,0.0,0.0,0.0
1777667199.1543262,33.8,0.0,0.0,0.0
1777667199.8524663,33.8,0.0,0.0,0.0
1777667200.533104,33.8,0.0,0.0,0.0
1777667201.235286,33.8,0.0,0.0,0.0
1777667201.9315753,33.8,3.23,0.15,1.43
1777667202.6168935,33.8,3.24,0.26,1.4
1777667203.3226569,33.8,3.24,0.34,1.39
1777667204.0089917,33.8,3.27,0.38,1.39
1777667204.7147887,33.8,3.27,0.41,1.39
1777667205.4488158,33.8,3.33,0.43,1.42
1777667206.135729,33.8,3.34,0.46,1.43
1777667206.84184,33.8,3.33,0.49,1.44
1777667207.5570018,33.8,3.33,0.51,1.45
1777667208.2473493,33.8,3.33,0.51,1.46
1777667208.9396555,33.8,3.34,0.51,1.47
1777667209.6599672,33.8,3.39,0.38,1.49
1777667210.3597229,33.8,3.44,0.28,1.48
1777667211.0503237,33.8,3.49,0.21,1.47
1777667211.7628534,33.8,3.53,0.16,1.44
1777667212.4522054,33.8,3.57,0.12,1.4
1777667213.139573,33.8,3.6,0.09,0.0
1777667213.8371036,33.8,3.64,0.07,0.0
1777667214.521723,33.8,3.67,0.05,0.0
1777667215.2077494,33.8,3.69,0.04,0.0
1777667215.9087634,33.8,3.72,0.03,0.0
1777667216.630794,33.8,3.74,0.02,0.0
1777667217.312795,33.8,3.77,0.02,0.0
1777667218.0082717,33.8,3.79,0.01,0.0
1777667218.7015638,33.8,3.8,0.01,0.0
1777667219.3870964,33.8,3.82,0.01,0.0
1777667220.0855908,33.8,3.84,0.01,0.0
1777667220.7698483,33.8,3.85,0.0,0.0
1777667221.4539368,33.8,3.86,0.0,0.0
1777667222.1366894,33.8,3.88,0.0,0.0
1777667222.8200226,33.8,3.89,0.0,0.0
1777667223.5010805,33.8,3.9,0.0,0.0
1777667224.1842337,33.8,3.91,0.0,0.0
1777667224.8752236,33.8,3.92,0.0,0.0
1777667225.5586727,33.8,3.92,0.0,0.0
1777667226.2521787,33.8,3.93,0.0,0.0
1777667226.9761255,33.8,3.94,0.0,0.0
1777667227.6699252,33.8,3.95,0.0,0.0
1777667228.364224,33.8,3.95,0.0,0.0
1777667229.0542395,33.8,3.96,0.0,0.0
1777667229.7594874,33.8,3.96,0.0,0.0
1777667230.449209,33.8,3.97,0.0,0.0
1777667231.134048,33.8,3.97,0.0,0.0
1777667231.819105,33.8,3.97,0.0,0.0
1777667232.5076056,33.8,3.98,0.0,0.0
1777667233.204543,33.8,3.98,0.0,0.0
1777667233.9009519,33.8,3.98,0.0,0.0
1777667234.6041343,33.8,3.99,0.0,0.0
1777667235.2860806,33.8,3.99,0.0,0.0
1777667235.978001,33.8,3.99,0.0,0.0
1777667236.6812124,33.8,3.99,0.0,0.0
1777667237.3669217,33.8,4.0,0.0,0.0
1777667238.0538878,33.8,4.0,0.0,0.0
1777667238.7441423,33.8,4.0,0.0,0.0
1777667239.4381435,33.8,4.0,0.0,0.0
1777667240.1221485,33.8,4.0,0.0,0.0
1777667240.8112862,33.8,4.0,0.0,0.0
1777667241.491269,33.8,4.01,0.0,0.0
1777667242.1785152,33.8,4.01,0.0,0.0
1777667242.8649805,33.8,4.01,0.0,0.0
1777667243.5454047,33.8,4.01,0.0,0.0
1777667244.2295518,33.8,4.01,0.0,0.0
1777667244.922931,33.8,4.01,0.0,0.0
1777667245.6060271,33.8,4.01,0.0,0.0
1777667246.289449,33.8,4.01,0.0,0.0
1777667246.9784985,33.8,4.01,0.0,0.0
1777667247.6634011,33.8,4.01,0.0,0.0
1777667248.3488781,33.8,4.01,0.0,0.0
1777667249.0347114,33.8,4.01,0.0,0.0
1777667249.7205985,33.8,4.01,0.0,0.0
1777667250.4104502,33.8,4.02,0.0,0.0
1777667251.0944538,33.8,4.02,0.0,0.0
1777667251.7823994,33.8,4.02,0.0,0.0
1777667252.4701629,33.8,4.02,0.0,0.0
1777667253.1621852,33.8,4.02,0.0,0.0
1777667253.853252,33.8,4.02,0.0,0.0
1777667254.5335457,33.8,4.02,0.0,0.0
1777667255.2269251,33.8,4.02,0.0,0.0
1777667255.9169416,33.8,4.02,0.0,0.0
1777667256.6000292,33.8,4.02,0.0,0.0
1777667257.2944796,33.8,4.02,0.0,0.0
1777667257.989106,33.8,4.02,0.0,0.0
1777667258.6774287,33.8,4.02,0.0,0.0
1777667259.3685246,33.8,4.02,0.0,0.0
1777667260.0553436,33.8,4.02,0.0,0.0
1777667260.743126,33.8,4.02,0.0,0.0
1777667261.4402053,33.8,4.02,0.0,0.0
1777667262.1244516,33.8,4.02,0.0,0.0
1777667262.8167849,33.8,4.02,0.0,0.0
1777667263.5076332,33.8,4.02,0.0,0.0
1777667264.192107,33.8,4.02,0.0,0.0
1777667264.8814604,33.8,4.02,0.0,0.0
1777667265.57063,33.8,4.02,0.0,0.0
1777667266.2910285,33.8,4.02,0.0,0.0
1777667266.982732,33.8,4.02,0.0,0.0
1777667267.6809566,33.8,4.02,0.0,0.0
1777667268.3759522,33.8,4.02,0.0,0.0
1777667269.060684,33.8,4.02,0.0,0.0
1777667269.758052,33.8,4.02,0.0,0.0
1777667270.4486175,33.8,4.02,0.0,0.0
1777667271.1274133,33.8,4.02,0.0,0.0
1777667271.818591,33.8,4.02,0.0,0.0
1777667272.5019178,33.8,4.02,0.0,0.0
1777667273.1889956,33.8,4.02,0.0,0.0
1777667273.889039,33.8,4.02,0.0,0.0
1777667274.5723293,33.8,4.02,0.0,0.0
1777667275.2526367,33.8,4.02,0.0,0.0
1777667275.9570506,33.8,4.02,0.0,0.0
1777667276.6359007,33.8,4.02,0.0,0.0
1777667277.325688,33.8,4.02,0.0,0.0
1777667278.0195622,33.8,4.02,0.0,0.0
1777667278.7415235,33.8,4.02,0.0,0.0
1777667279.4253006,33.8,4.02,0.0,0.0
1777667280.117652,33.8,4.02,0.0,0.0
1777667280.803258,33.8,4.02,0.0,0.0
1777667281.491782,33.8,4.02,0.0,0.0
1777667282.1921015,33.8,4.02,0.0,0.0
1777667282.880123,33.8,4.02,0.0,0.0
1777667283.5630262,33.8,4.02,0.0,0.0
1777667284.2517369,33.8,4.02,0.0,0.0
1777667284.941842,33.8,4.02,0.0,0.0
1777667285.6292949,33.8,4.02,0.0,0.0
1777667286.3343484,33.8,4.02,0.0,0.0
1777667287.0244706,33.8,4.02,0.0,0.0
1777667287.7112648,33.8,4.02,0.0,0.0
1777667288.4089258,33.8,4.02,0.0,0.0
1777667289.0977979,33.8,4.02,0.0,0.0
1777667289.7858355,33.8,4.02,0.0,0.0
1777667290.4789531,33.8,4.02,0.0,0.0
1777667291.1626217,33.8,4.02,0.0,0.0
1777667291.8607378,33.8,4.02,0.0,0.0
1777667292.5574946,33.8,4.02,0.0,0.0
1777667293.251723,33.8,4.02,0.0,0.0
1777667293.9586008,33.8,4.02,0.0,0.0
1777667294.6547127,33.8,4.02,0.0,0.0
1777667295.3406823,33.8,4.02,0.0,0.0
1777667296.033536,33.8,4.02,0.0,0.0
1777667296.728213,33.8,4.02,0.0,0.0
1777667297.415995,33.8,4.02,0.0,0.0
1777667298.096765,33.8,4.02,0.0,0.0
1777667298.7846208,33.8,4.02,0.0,0.0
1777667299.4679968,33.8,4.02,0.0,0.0
1777667300.1526692,33.8,4.02,0.0,0.0
1777667300.8487337,33.8,4.02,0.0,0.0
1777667301.5332465,33.8,4.02,0.0,0.0
1777667302.2212653,33.8,4.02,0.0,0.0
1777667302.918581,33.8,4.02,0.0,0.0
1777667303.603349,33.8,4.02,0.0,0.0
1777667304.2843468,33.8,4.02,0.0,0.0
1777667304.9901853,33.8,4.02,0.0,0.0
1777667305.674591,33.8,4.02,0.0,0.0
1777667306.3646598,33.8,4.02,0.0,0.0
1777667307.0646636,33.8,4.02,0.0,0.0
1777667307.774685,33.8,4.02,0.0,0.0
1777667308.4635375,33.8,4.02,0.0,0.0
1777667309.1512473,33.8,4.02,0.0,0.0
1777667309.8443894,33.8,4.02,0.0,0.0
1777667310.5308642,33.8,4.02,0.0,0.0
1777667311.2237322,33.8,4.02,0.0,0.0
1777667311.9187639,33.8,4.02,0.0,0.0
1777667312.6029875,33.8,4.02,0.0,0.0
1777667313.3069866,33.8,4.02,0.0,0.0
1777667313.9986115,33.8,4.02,0.0,0.0
1777667314.68267,33.8,4.02,0.0,0.0
1777667315.3676965,33.8,3.95,0.0,0.0
1777667316.0548575,33.8,3.88,0.15,1.48
1777667316.745469,33.8,3.84,0.25,1.44
1777667317.4421937,33.8,3.8,0.31,1.41
1777667318.1238601,33.8,3.76,0.36,1.39
1777667318.8163204,33.8,3.73,0.39,1.38
1777667319.4993,33.8,3.69,0.42,1.38
1777667320.194665,33.8,3.66,0.45,1.38
1777667320.903625,33.8,3.64,0.47,1.39
1777667321.6059184,33.8,3.63,0.47,1.4
1777667322.2955418,33.8,3.6,0.46,1.4
1777667322.99576,33.8,3.58,0.46,1.41
1777667323.6923847,33.8,3.57,0.48,1.42
1777667324.385889,33.8,3.6,0.36,1.43
1777667325.096908,33.8,3.64,0.27,1.42
1777667325.8030224,33.8,3.67,0.2,1.4
1777667326.4855337,33.8,3.7,0.15,1.36
1777667327.1695492,33.8,3.72,0.11,1.33
1777667327.865547,33.8,3.75,0.09,0.0
1777667328.5641646,33.8,3.77,0.06,0.0
1777667329.262233,33.8,3.79,0.05,0.0
1777667329.9672298,33.8,3.81,0.04,0.0
1777667330.6530664,33.8,3.82,0.03,0.0
1777667331.3361635,33.8,3.84,0.02,0.0
1777667332.0458279,33.8,3.85,0.02,0.0
1777667332.7380142,33.8,3.87,0.01,0.0
1777667333.4487946,33.8,3.88,0.01,0.0
1777667334.1401346,33.8,3.89,0.01,0.0
1777667334.8302073,33.8,3.9,0.0,0.0
1777667335.520912,33.8,3.91,0.0,0.0
1777667336.2156594,33.8,3.92,0.0,0.0
1777667336.914827,33.8,3.85,0.15,1.33
1777667337.6095817,33.8,3.8,0.27,1.3
1777667338.3113146,33.8,3.75,0.35,1.29
1777667339.0089707,33.8,3.71,0.4,1.28
1777667339.7091238,33.8,3.67,0.44,1.29
1777667340.4225333,33.8,3.64,0.47,1.3
1777667341.187829,33.8,3.61,0.5,1.31
1777667341.9240224,33.8,3.58,0.51,1.33
1777667342.6714954,33.8,3.55,0.52,1.34
1777667343.4468114,33.8,3.53,0.54,1.36
1777667344.2392979,33.8,3.51,0.54,1.38
1777667344.983807,33.8,3.49,0.55,1.4
1777667345.6835136,33.8,3.47,0.55,1.42
1777667346.3914418,33.8,3.45,0.55,1.44
1777667347.112302,33.8,3.44,0.56,1.45
1777667347.803354,33.8,3.42,0.56,1.47
1777667348.5167835,33.8,3.41,0.56,1.49
1777667349.2175608,33.8,3.4,0.56,1.5
1777667349.9564812,33.8,3.39,0.56,1.52
1777667350.6699576,33.8,3.38,0.56,1.53
1777667351.3685408,33.8,3.37,0.56,1.54
1777667352.0789495,33.8,3.36,0.56,1.56
1777667352.8223445,33.8,3.35,0.55,1.57
1777667353.552152,33.8,3.34,0.55,1.58
1777667354.2717302,33.8,3.34,0.55,1.59
1777667355.0270808,33.8,3.33,0.49,1.59
1777667355.7524855,33.8,3.32,0.5,1.59
1777667356.456676,33.8,3.32,0.52,1.59
1777667357.2511988,33.8,3.32,0.52,1.6
1777667357.9709923,33.8,3.32,0.51,1.61
1777667358.6950185,33.8,3.32,0.53,1.61
1777667359.4070778,33.8,3.31,0.53,1.62
1777667360.1462886,33.8,3.31,0.52,1.62
1777667360.865793,33.8,3.31,0.52,1.63
1777667361.603924,33.8,3.31,0.54,1.63
1777667362.3397765,33.8,3.36,0.53,1.66
1777667363.0508924,33.8,3.41,0.4,1.67
1777667363.799001,33.8,3.38,0.5,1.66
1777667364.4954894,33.8,3.37,0.53,1.66
1777667365.2222924,33.8,3.36,0.54,1.66
1777667365.9320219,33.8,3.35,0.53,1.67
1777667366.630036,33.8,3.35,0.53,1.67
1777667367.3501058,33.8,3.34,0.53,1.67
1777667368.0540173,33.8,3.33,0.53,1.67
1777667368.7549856,33.8,3.33,0.53,1.68
1777667369.463073,33.8,3.33,0.54,1.68
1777667370.1771,33.8,3.32,0.54,1.68
1777667370.8726642,33.8,3.32,0.54,1.69
1777667371.573356,33.8,3.32,0.53,1.69
1777667372.2808,33.8,3.32,0.53,1.69
1777667372.9852607,33.8,3.31,0.54,1.7
1777667373.697998,33.8,3.31,0.55,1.7
1777667374.4095337,33.8,3.32,0.55,1.71
1777667375.1020768,33.8,3.32,0.53,1.71
1777667375.8186984,33.8,3.32,0.49,1.71
1777667376.532443,33.8,3.32,0.52,1.71
1777667377.228283,33.8,3.31,0.53,1.71
1777667377.943454,33.8,3.31,0.53,1.71
1777667378.660526,33.8,3.31,0.53,1.71
1777667379.4064605,33.8,3.31,0.52,1.71
1777667380.1326916,33.8,3.31,0.53,1.71
1777667380.8513916,33.8,3.31,0.53,1.72
1777667381.5511413,33.8,3.31,0.52,1.72
1777667382.2531264,33.8,3.32,0.52,1.72
1777667383.0348685,33.8,3.32,0.51,1.72
1777667383.7978518,33.8,3.34,0.38,1.71
1777667384.5401664,33.8,3.39,0.29,1.69
1777667385.2787323,33.8,3.44,0.21,1.67
1777667385.9885383,33.8,3.49,0.16,1.64
1777667386.675616,33.8,3.53,0.12,1.59
1777667387.4193106,33.8,3.57,0.09,0.0
1777667388.1154313,33.8,3.6,0.07,0.0
1777667388.8029332,33.8,3.63,0.05,0.0
1777667389.500419,33.8,3.66,0.04,0.0
1777667390.1885953,33.8,3.69,0.03,0.0
1777667390.877871,33.8,3.72,0.02,0.0
1777667391.5626504,33.8,3.74,0.02,0.0
1777667392.257494,33.8,3.76,0.01,0.0
1777667392.9497163,33.8,3.78,0.01,0.0
1777667393.6309745,33.8,3.8,0.01,0.0
1777667394.3271985,33.8,3.82,0.01,0.0
1777667395.0252893,33.8,3.83,0.0,0.0
1777667395.718156,33.8,3.85,0.0,0.0
1777667396.4084404,33.8,3.86,0.0,0.0
1777667397.1011827,33.8,3.87,0.0,0.0
1777667398.0501573,33.8,3.88,0.0,0.0
1777667398.7845297,33.8,3.89,0.0,0.0
1777667399.473389,33.8,3.9,0.0,0.0
1777667400.1714058,33.8,3.91,0.0,0.0
1777667400.8946254,33.8,3.92,0.0,0.0
1777667401.586657,33.8,3.93,0.0,0.0
1777667402.2833483,33.8,3.93,0.0,0.0
1777667402.9726396,33.8,3.94,0.0,0.0
1777667403.6727095,33.8,3.95,0.0,0.0
1777667404.3668282,33.8,3.95,0.0,0.0
1777667405.053742,33.8,3.96,0.0,0.0
1777667405.744085,33.8,3.96,0.0,0.0
1777667406.438183,33.8,3.97,0.0,0.0
1777667407.1286144,33.8,3.97,0.0,0.0
1777667407.8258536,33.8,3.97,0.0,0.0
1777667408.5186584,33.8,3.98,0.0,0.0
1777667409.2144718,33.8,3.98,0.0,0.0
1777667409.9062738,33.8,3.98,0.0,0.0
1777667410.5961795,33.8,3.98,0.0,0.0
1777667411.2809308,33.8,3.99,0.0,0.0
1777667411.9737647,33.8,3.99,0.0,0.0
1777667412.676428,33.8,3.99,0.0,0.0
1777667413.3705082,33.8,3.99,0.0,0.0
1777667414.0763152,33.8,3.99,0.0,0.0
1777667414.7770689,33.8,4.0,0.0,0.0
1777667415.467173,33.8,4.0,0.0,0.0
1777667416.1516147,33.8,4.0,0.0,0.0
1777667416.8547604,33.8,4.0,0.0,0.0
1777667417.540722,33.8,4.0,0.0,0.0
1777667418.2281919,33.8,4.0,0.0,0.0
1777667418.921641,33.8,4.0,0.0,0.0
1777667419.6096873,33.8,4.0,0.0,0.0
1777667420.2971082,33.8,4.0,0.0,0.0
1777667421.0074708,33.8,4.01,0.0,0.0
1777667421.6954224,33.8,4.01,0.0,0.0
1777667422.3883553,33.8,4.01,0.0,0.0
1777667423.0836222,33.8,4.01,0.0,0.0
1777667423.7747188,33.8,4.01,0.0,0.0
1777667424.4747617,33.8,4.01,0.0,0.0
1777667425.166344,33.8,4.01,0.0,0.0
1777667425.8569093,33.8,4.01,0.0,0.0
1777667426.5401409,33.8,4.01,0.0,0.0
1777667427.2339988,33.8,4.01,0.0,0.0
1777667427.9425845,33.8,4.01,0.0,0.0
1777667428.627857,33.8,4.01,0.0,0.0
1777667429.3213677,33.8,4.01,0.0,0.0
1777667430.0055382,33.8,4.01,0.0,0.0
1777667430.6911452,33.8,4.01,0.0,0.0
1777667431.382379,33.8,4.01,0.0,0.0
1777667432.0780885,33.8,4.01,0.0,0.0
1777667432.7801285,33.8,4.01,0.0,0.0
1777667433.4768734,33.8,4.01,0.0,0.0
1777667434.1758447,33.8,4.01,0.0,0.0
1777667434.8834257,33.8,4.01,0.0,0.0
1777667435.5861332,33.8,4.01,0.0,0.0
1777667436.2839785,33.8,4.01,0.0,0.0
1777667436.980004,33.8,4.01,0.0,0.0
1777667437.6991594,33.8,4.01,0.0,0.0
1777667438.4073331,33.8,4.01,0.0,0.0
1777667439.1028244,33.8,4.01,0.0,0.0
1777667439.8412983,33.8,4.01,0.0,0.0
1777667440.534764,33.8,4.01,0.0,0.0
1777667441.252693,33.8,4.02,0.0,0.0
1777667441.9643896,33.8,4.02,0.0,0.0
1777667442.668438,33.8,4.02,0.0,0.0
1777667443.3802207,33.8,4.02,0.0,0.0
1777667444.1242483,33.8,4.02,0.0,0.0
1777667444.8401108,33.8,4.02,0.0,0.0
1777667445.534602,33.8,4.02,0.0,0.0
1777667446.2366574,33.8,4.02,0.0,0.0
1777667446.947621,33.8,4.02,0.0,0.0
1777667447.6871197,33.8,4.02,0.0,0.0
1777667448.3837633,33.8,4.02,0.0,0.0
1777667449.0924501,33.8,4.02,0.0,0.0
1777667449.783448,33.8,4.02,0.0,0.0
1777667450.488665,33.8,4.02,0.0,0.0
1777667451.1862483,33.8,4.02,0.0,0.0
1777667451.9060912,33.8,4.02,0.0,0.0
1777667452.6012936,33.8,4.02,0.0,0.0
1777667453.2956667,33.8,4.02,0.0,0.0
1777667453.9885383,33.8,4.02,0.0,0.0
1777667454.7153728,33.8,4.02,0.0,0.0
1777667455.4767222,33.8,4.02,0.0,0.0
1777667456.3099635,33.8,4.02,0.0,0.0
1777667457.0145843,33.8,4.02,0.0,0.0
1777667457.7872667,33.8,4.02,0.0,0.0
1777667458.4908743,33.8,4.02,0.0,0.0
1777667459.2024212,33.8,4.02,0.0,0.0
1777667459.8939185,33.8,4.02,0.0,0.0
1777667460.6045833,33.8,4.02,0.0,0.0
1777667461.2943108,33.8,4.02,0.0,0.0
1777667461.99475,33.8,4.02,0.0,0.0
1777667462.694272,33.8,4.02,0.0,0.0
1777667463.3946443,33.8,4.02,0.0,0.0
1777667464.1092532,33.8,4.02,0.0,0.0
1777667464.8702767,33.8,4.02,0.0,0.0
1777667465.5578687,33.8,4.02,0.0,0.0
1777667466.2465599,33.8,4.02,0.0,0.0
1777667466.9724636,33.8,4.02,0.0,0.0
1777667467.666235,33.8,4.02,0.0,0.0
1777667468.3521693,33.8,4.02,0.0,0.0
1777667469.0536442,33.8,4.02,0.0,0.0
1777667469.7629578,33.8,4.02,0.0,0.0
1777667470.5077937,33.8,4.02,0.0,0.0
1777667471.2189133,33.8,4.02,0.0,0.0
1777667471.9581451,33.8,4.02,0.0,0.0
1777667472.807268,33.8,4.02,0.0,0.0
1777667473.624986,33.8,4.02,0.0,0.0
1777667474.3423893,33.8,4.02,0.0,0.0
1777667475.055729,33.8,4.02,0.0,0.0
1777667475.7520924,33.8,4.02,0.0,0.0
1777667476.4700708,33.8,4.02,0.0,0.0
1777667477.1764834,33.8,4.02,0.0,0.0
1777667477.8926635,33.8,4.02,0.0,0.0
1777667478.601628,33.8,4.02,0.0,0.0
1777667479.3161922,33.8,4.02,0.0,0.0
1777667480.017372,33.8,4.02,0.0,0.0
1777667480.7233987,33.8,4.02,0.0,0.0
1777667481.4548316,33.8,4.02,0.0,0.0
1777667482.158175,33.8,4.02,0.0,0.0
1777667482.9314687,33.8,3.95,0.15,1.72
1777667483.6788962,33.8,3.89,0.28,1.67
1777667484.4143977,33.8,3.85,0.34,1.63
1777667485.1242993,33.8,3.82,0.36,1.61
1777667485.8617973,33.8,3.79,0.38,1.59
1777667486.5933409,33.8,3.75,0.4,1.57
1777667487.308261,33.8,3.72,0.41,1.55
1777667488.035733,33.8,3.68,0.45,1.54
1777667488.789455,33.8,3.64,0.48,1.53
1777667489.528508,33.8,3.61,0.5,1.53
1777667490.2784364,33.8,3.58,0.51,1.54
1777667491.0668032,33.8,3.56,0.51,1.54
1777667491.8392532,33.8,3.53,0.51,1.54
1777667492.6081374,33.8,3.51,0.51,1.55
1777667493.3563433,33.8,3.5,0.51,1.55
1777667494.0719833,33.8,3.48,0.51,1.56
1777667494.7966504,33.8,3.47,0.5,1.56
1777667495.562627,33.8,3.45,0.5,1.56
1777667496.290054,33.8,3.44,0.5,1.57
1777667497.059658,33.8,3.43,0.5,1.57
1777667497.7915535,33.8,3.43,0.5,1.57
1777667498.536942,33.8,3.42,0.49,1.58
1777667499.2829328,33.8,3.42,0.48,1.58
1777667500.0852766,33.8,3.4,0.48,1.57
1777667500.9448476,33.8,3.4,0.48,1.57
1777667501.6469522,33.8,3.39,0.48,1.57
1777667502.358721,33.8,3.38,0.48,1.57
1777667503.0742435,33.8,3.37,0.49,1.57
1777667503.8006647,33.8,3.36,0.51,1.57
1777667504.4905472,33.8,3.35,0.52,1.58
1777667505.2024088,33.8,3.34,0.52,1.58
1777667505.929691,33.8,3.33,0.53,1.59
1777667506.6842012,33.8,3.33,0.53,1.6
1777667507.3809738,33.8,3.33,0.53,1.6
1777667508.0895476,33.8,3.32,0.52,1.61
1777667508.7994356,33.8,3.32,0.53,1.61
1777667509.506903,33.8,3.32,0.53,1.62
1777667510.216624,33.8,3.32,0.53,1.63
1777667510.9313257,33.8,3.32,0.53,1.63
1777667511.6473727,33.8,3.31,0.52,1.63
1777667512.3470886,33.8,3.37,0.39,1.65
1777667513.0470703,33.8,3.42,0.29,1.64
1777667513.754518,33.8,3.47,0.22,1.61
1777667514.4532497,33.8,3.51,0.17,1.58
1777667515.1536148,33.8,3.55,0.12,1.54
1777667515.8678114,33.8,3.59,0.09,0.0
1777667516.571731,33.8,3.62,0.07,0.0
1777667517.3167963,33.8,3.65,0.05,0.0
1777667518.1436732,33.8,3.68,0.04,0.0
1777667518.8480775,33.8,3.71,0.03,0.0
1777667519.5640116,33.8,3.73,0.02,0.0
1777667520.3037982,33.8,3.75,0.02,0.0
1777667521.0071683,33.8,3.77,0.01,0.0
1777667521.7241046,33.8,3.79,0.01,0.0
1777667522.4415972,33.8,3.81,0.01,0.0
1777667523.1558137,33.8,3.83,0.01,0.0
1777667523.8571193,33.8,3.84,0.0,0.0
1777667524.5732374,33.8,3.86,0.0,0.0
1777667525.2923312,33.8,3.87,0.0,0.0
1777667526.0289073,33.8,3.88,0.0,0.0
1777667526.870365,33.8,3.89,0.0,0.0
1777667527.6687057,33.8,3.9,0.0,0.0
1777667528.3961542,33.8,3.91,0.0,0.0
1777667529.0867345,33.8,3.92,0.0,0.0
1777667529.782442,33.8,3.93,0.0,0.0
1777667530.4888828,33.8,3.93,0.0,0.0
1777667531.1804557,33.8,3.94,0.0,0.0
1777667531.8664744,33.8,3.95,0.0,0.0
1777667532.5683722,33.8,3.95,0.0,0.0
1777667533.2980125,33.8,3.96,0.0,0.0
1777667534.015321,33.8,3.96,0.0,0.0
1777667534.7884796,33.8,3.97,0.0,0.0
1777667535.5008469,33.8,3.97,0.0,0.0
1777667536.1987355,33.8,3.97,0.0,0.0
1777667536.907641,33.8,3.98,0.0,0.0
1777667537.5985715,33.8,3.98,0.0,0.0
1777667538.291044,33.8,3.98,0.0,0.0
1777667538.9890707,33.8,3.99,0.0,0.0
1777667539.6832986,33.8,3.99,0.0,0.0
1777667540.3763306,33.8,3.99,0.0,0.0
1777667541.083512,33.8,3.99,0.0,0.0
1777667541.778461,33.8,4.0,0.0,0.0
1777667542.4686296,33.8,4.0,0.0,0.0
1777667543.1619136,33.8,4.0,0.0,0.0
1777667543.8532414,33.8,4.0,0.0,0.0
1777667544.5535989,33.8,4.0,0.0,0.0
1777667545.2476797,33.8,4.0,0.0,0.0
1777667545.9449573,33.8,4.0,0.0,0.0
1777667546.6479738,33.8,4.01,0.0,0.0
1777667547.3743746,33.8,4.01,0.0,0.0
1777667548.2576406,33.8,4.01,0.0,0.0
1777667549.0614262,33.8,4.01,0.0,0.0
1777667549.7892137,33.8,4.01,0.0,0.0
1777667550.5225866,33.8,4.01,0.0,0.0
1777667551.2547486,33.8,4.01,0.0,0.0
1777667551.996331,33.8,4.01,0.0,0.0
1777667552.712452,33.8,4.01,0.0,0.0
1777667553.4343426,33.8,4.01,0.0,0.0
1777667554.1455333,33.8,4.01,0.0,0.0
1777667554.8660018,33.8,4.01,0.0,0.0
1777667555.5910661,33.8,4.01,0.0,0.0
1777667556.309768,33.8,4.01,0.0,0.0
1777667557.00913,33.8,4.01,0.0,0.0
1777667557.7274268,33.8,4.01,0.0,0.0
1777667558.4268746,33.8,4.02,0.0,0.0
1777667559.1378784,33.8,4.02,0.0,0.0
1777667559.8477829,33.8,4.02,0.0,0.0
1777667560.5449865,33.8,4.02,0.0,0.0
1777667561.2484322,33.8,4.02,0.0,0.0
1777667561.973461,33.8,4.02,0.0,0.0
1777667562.6935787,33.8,4.02,0.0,0.0
1777667563.4085414,33.8,4.02,0.0,0.0
1777667564.1247482,33.8,4.02,0.0,0.0
1777667564.848656,33.8,4.02,0.0,0.0
1777667565.5849795,33.8,4.02,0.0,0.0
1777667566.3046372,33.8,4.02,0.0,0.0
1777667567.0312176,33.8,4.02,0.0,0.0
1777667567.7414837,33.8,4.02,0.0,0.0
1777667568.4662035,33.8,4.02,0.0,0.0
1777667569.192018,33.8,4.02,0.0,0.0
1777667569.902222,33.8,4.02,0.0,0.0
1777667570.6249685,33.8,4.02,0.0,0.0
1777667571.3406613,33.8,4.02,0.0,0.0
1777667572.0559864,33.8,4.02,0.0,0.0
1777667572.7762687,33.8,4.02,0.0,0.0
1777667573.4913862,33.8,4.02,0.0,0.0
1777667574.2120886,33.8,4.02,0.0,0.0
1777667574.9305267,33.8,4.02,0.0,0.0
1777667575.6479273,33.8,4.02,0.0,0.0
1777667576.357928,33.8,4.02,0.0,0.0
1777667577.0942218,33.8,4.02,0.0,0.0
1777667577.813189,33.8,4.02,0.0,0.0
1777667578.5429235,33.8,4.02,0.0,0.0
1777667579.3461723,33.8,4.02,0.0,0.0
1777667580.2889946,33.8,4.02,0.0,0.0
1777667581.239276,33.8,4.02,0.0,0.0
1777667582.3008091,33.8,4.02,0.0,0.0
1777667583.1681955,33.8,4.02,0.0,0.0
1777667584.0507333,33.8,4.02,0.0,0.0
1777667584.8563843,33.8,4.02,0.0,0.0
1777667585.6172266,33.8,4.02,0.0,0.0
1777667586.3592947,33.8,4.02,0.0,0.0
1777667587.12431,33.8,4.02,0.0,0.0
1777667587.9049537,33.8,4.02,0.0,0.0
1777667588.6015837,33.8,4.02,0.0,0.0
1777667589.3012915,33.8,4.02,0.0,0.0
1777667590.018559,33.8,4.02,0.0,0.0
1777667590.7181056,33.8,4.02,0.0,0.0
1777667591.4370177,33.8,4.02,0.0,0.0
1777667592.2166803,33.8,4.02,0.0,0.0
1777667592.947444,33.8,4.02,0.0,0.0
1777667593.7051475,33.8,4.02,0.0,0.0
1777667594.4084964,33.8,4.02,0.0,0.0
1777667595.1119266,33.8,4.02,0.0,0.0
1777667595.8181024,33.8,4.02,0.0,0.0
1777667596.5081308,33.8,4.02,0.0,0.0
1777667597.1902835,33.8,4.02,0.0,0.0
1777667597.8689315,33.8,4.02,0.0,0.0
1777667598.559538,33.8,4.02,0.0,0.0
1777667599.2716482,33.8,4.02,0.0,0.0
1777667599.9465594,33.8,4.02,0.0,0.0
1777667600.62026,33.8,4.02,0.0,0.0
1777667601.2948053,33.8,4.02,0.0,0.0
1777667601.9660525,33.8,4.02,0.0,0.0
1777667602.6378815,33.8,4.02,0.0,0.0
1777667603.3089342,33.8,4.02,0.0,0.0
1777667603.980013,33.8,4.02,0.0,0.0
1777667604.754401,33.8,4.02,0.0,0.0
1777667605.5224447,33.8,4.02,0.0,0.0
1777667606.195431,33.8,4.02,0.0,0.0
1777667606.8701248,33.8,4.02,0.0,0.0
1777667607.541135,33.8,4.02,0.0,0.0
1777667608.2179472,33.8,4.02,0.0,0.0
1777667608.887424,33.8,4.02,0.0,0.0
1777667609.5598505,33.8,4.02,0.0,0.0
1777667610.2293713,33.8,4.02,0.0,0.0
1777667610.8994396,33.8,4.02,0.0,0.0
1777667611.5704107,33.8,4.02,0.0,0.0
1777667612.2437916,33.8,4.02,0.0,0.0
1777667612.913263,33.8,4.02,0.0,0.0
1777667613.5820196,33.8,4.02,0.0,0.0
1777667614.284273,33.8,4.02,0.0,0.0
1777667615.0691204,33.8,4.02,0.0,0.0
1777667615.7485473,33.8,4.02,0.0,0.0
1777667616.4192362,33.8,4.02,0.0,0.0
1777667617.088914,33.8,4.02,0.0,0.0
1777667617.7623231,33.8,4.02,0.0,0.0
1777667618.4429128,33.8,4.02,0.0,0.0
1777667619.1156118,33.8,4.02,0.0,0.0
1777667619.8096294,33.8,4.02,0.0,0.0
1777667620.4805162,33.8,4.02,0.0,0.0
1777667621.1567662,33.8,4.02,0.0,0.0
1777667621.8295166,33.8,4.02,0.0,0.0
1777667622.499434,33.8,4.02,0.0,0.0
1777667623.171729,33.8,4.02,0.0,0.0
1777667623.8508835,33.8,4.02,0.0,0.0
1777667624.5218077,33.8,4.02,0.0,0.0
1777667625.2043252,33.8,4.02,0.0,0.0
1777667625.878549,33.8,4.02,0.0,0.0
1777667626.5495284,33.8,4.02,0.0,0.0
1777667627.2240086,33.8,4.02,0.0,0.0
1777667627.8993583,33.8,4.02,0.0,0.0
1777667628.5746574,33.8,4.02,0.0,0.0
1777667629.2479534,33.8,4.02,0.0,0.0
1777667629.9223104,33.8,4.02,0.0,0.0
1777667630.5942893,33.8,4.02,0.0,0.0
1777667631.2654896,33.8,4.02,0.0,0.0
1777667631.936555,33.8,4.02,0.0,0.0
1777667632.6146348,33.8,4.02,0.0,0.0
1777667633.285683,33.8,4.02,0.0,0.0
1777667633.9575434,33.8,4.02,0.0,0.0
1777667634.6287105,33.8,4.02,0.0,0.0
1777667635.3037646,33.8,4.02,0.0,0.0
1777667635.9777007,33.8,4.02,0.0,0.0
1777667636.649295,33.8,4.02,0.0,0.0
1777667637.324394,33.8,4.02,0.0,0.0
1777667638.0241978,33.8,4.02,0.0,0.0
1777667638.827021,33.8,4.02,0.0,0.0
1777667639.534199,33.8,4.02,0.0,0.0
1777667640.2689004,33.8,4.02,0.0,0.0
1777667640.9883103,33.8,4.02,0.0,0.0
1777668302.8994932,0,0,0,0
1777668304.6408696,0,0,0,0
1777668305.4319232,33.8,0.32,0.0,0.0
1777668305.9978034,33.8,0.62,0.0,0.0
1777668306.5617933,33.8,0.89,0.0,0.0
1777668307.1259103,33.8,1.14,0.0,0.0
1777668307.7107077,33.3,1.37,0.0,0.0
1777668308.2746596,33.3,1.59,0.0,0.0
1777668308.8420415,33.3,1.78,0.0,0.0
1777668309.4058428,33.3,1.96,0.0,0.0
1777668309.9908469,33.3,2.13,0.0,0.0
1777668310.5579414,33.3,2.28,0.0,0.0
1777668311.120148,33.3,2.42,0.0,0.0
1777668311.685965,33.3,2.55,0.0,0.0
1777668312.2716851,33.3,2.67,0.0,0.0
1777668312.8380706,33.3,2.78,0.0,0.0
1777668313.4022374,33.3,2.88,0.0,0.0
1777668313.9660444,33.3,2.97,0.0,0.0
1777668314.5551443,33.3,3.05,0.0,0.0
1777668315.1190674,33.3,3.13,0.0,0.0
1777668315.682165,33.3,3.2,0.0,0.0
1777668316.2469661,33.3,3.27,0.0,0.0
1777668316.833019,33.3,3.33,0.0,0.0
1777668317.3981893,33.3,3.39,0.0,0.0
1777668317.9603724,33.3,3.44,0.0,0.0
1777668318.5271533,33.3,3.48,0.0,0.0
1777668319.1121118,33.3,3.53,0.0,0.0
1777668319.6791368,33.3,3.57,0.0,0.0
1777668320.2433197,33.3,3.61,0.0,0.0
1777668320.8072765,33.3,3.64,0.0,0.0
1777668321.3931417,33.4,3.67,0.0,0.0
1777668322.0678947,33.4,3.7,0.0,0.0
1777668322.743516,33.4,3.73,0.0,0.0
1777668323.421089,33.4,3.75,0.0,0.0
1777668324.0931225,33.8,3.77,0.0,0.0
1777668324.7730243,33.8,3.79,0.0,0.0
1777668325.4574087,33.8,3.81,0.0,0.0
1777668326.1340768,33.8,3.83,0.0,0.0
1777668326.8222876,33.8,3.84,0.0,0.0
1777668327.535047,33.8,3.86,0.0,0.0
1777668328.2209873,33.8,3.87,0.0,0.0
1777668328.9130745,33.8,3.89,0.0,0.0
1777668329.5912273,33.8,3.9,0.0,0.0
1777668330.2688143,33.8,3.91,0.0,0.0
1777668330.947356,33.8,3.92,0.0,0.0
1777668331.619424,33.8,3.93,0.0,0.0
1777668332.314782,33.8,3.93,0.0,0.0
1777668333.000834,33.8,3.94,0.0,0.0
1777668333.6893952,33.8,3.95,0.0,0.0
1777668334.3772628,33.8,3.96,0.0,0.0
1777668335.057082,33.8,3.96,0.0,0.0
1777668335.7356637,33.8,3.97,0.0,0.0
1777668336.411338,33.8,3.97,0.0,0.0
1777668337.0912027,33.8,3.98,0.0,0.0
1777668337.7903166,33.8,3.98,0.0,0.0
1777668338.4697223,33.8,3.98,0.0,0.0
1777668339.1426613,33.8,3.99,0.0,0.0
1777668339.8199084,33.8,3.99,0.0,0.0
1777668340.4926093,33.8,3.99,0.0,0.0
1777668341.1669934,33.8,4.0,0.0,0.0
1777668341.839734,33.8,4.0,0.0,0.0
1777668342.5129037,33.8,4.0,0.0,0.0
1777668343.1896229,33.8,4.0,0.0,0.0
1777668343.8693366,33.8,4.01,0.0,0.0
1777668344.551693,33.8,4.01,0.0,0.0
1777668345.2490635,33.8,4.01,0.0,0.0
1777668345.9385595,33.8,4.01,0.0,0.0
1777668346.6162345,33.8,4.01,0.0,0.0
1777668347.287247,33.8,4.01,0.0,0.0
1777668347.9589822,33.8,4.01,0.0,0.0
1777668348.638141,33.8,4.02,0.0,0.0
1777668349.3126535,33.8,4.02,0.0,0.0
1777668349.9949224,33.8,4.02,0.0,0.0
1777668350.691049,33.8,4.02,0.0,0.0
1777668351.3695781,33.8,4.02,0.0,0.0
1777668352.043318,33.8,4.02,0.0,0.0
1777668352.729685,33.8,4.02,0.0,0.0
1777668353.40228,33.8,4.02,0.0,0.0
1777668354.0780356,33.8,4.02,0.0,0.0
1777668354.7727683,33.8,4.02,0.0,0.0
1777668355.4493632,33.8,4.02,0.0,0.0
1777668356.1316495,33.8,4.02,0.0,0.0
1777668356.8307102,33.8,4.02,0.0,0.0
1777668357.518551,33.8,4.02,0.0,0.0
1777668358.2050045,33.8,4.02,0.0,0.0
1777668358.898764,33.8,4.02,0.0,0.0
1777668359.607405,33.8,4.02,0.0,0.0
1777668360.2884185,33.8,4.03,0.0,0.0
1777668360.9739432,33.8,4.03,0.0,0.0
1777668361.6677117,33.8,4.03,0.0,0.0
1777668362.3450382,33.8,4.03,0.0,0.0
1777668363.0621817,33.8,4.03,0.0,0.0
1777668363.751411,33.8,4.03,0.0,0.0
1777668364.4795089,33.8,4.03,0.0,0.0
1777668365.1725833,33.8,4.03,0.0,0.0
1777668365.8573022,33.8,4.03,0.0,0.0
1777668366.5354931,33.8,4.03,0.0,0.0
1777668367.2094333,33.8,4.03,0.0,0.0
1777668367.8967547,33.8,4.03,0.0,0.0
1777668368.5877764,33.8,4.03,0.0,0.0
1777668369.2638984,33.8,4.03,0.0,0.0
1777668369.957359,33.8,4.03,0.0,0.0
1777668370.634133,33.8,4.03,0.0,0.0
1777668371.3091967,33.8,3.98,0.0,0.0
1777668371.9847972,33.8,3.91,0.11,1.17
1777668372.6619134,33.8,3.86,0.21,1.16
1777668373.3398933,33.8,3.82,0.3,1.15
1777668374.0316887,33.8,3.78,0.36,1.13
1777668374.7198014,33.8,3.74,0.4,1.12
1777668375.4011667,33.8,3.71,0.43,1.11
1777668376.0774732,33.8,3.68,0.45,1.1
1777668376.7536023,33.8,3.65,0.47,1.1
1777668377.4339533,33.8,3.63,0.49,1.09
1777668378.114416,33.8,3.61,0.5,1.08
1777668378.8019881,33.8,3.59,0.51,1.08
1777668379.479734,33.8,3.57,0.51,1.07
1777668380.1537046,33.8,3.55,0.51,1.07
1777668380.8343887,33.8,3.54,0.51,1.06
1777668381.5090714,33.8,3.52,0.51,1.06
1777668382.1810837,33.8,3.51,0.52,1.05
1777668382.8678296,33.8,3.49,0.52,1.05
1777668383.550397,33.8,3.48,0.51,1.04
1777668384.2389324,33.8,3.47,0.52,1.04
1777668384.9198585,33.8,3.46,0.52,1.04
1777668385.597637,33.8,3.45,0.53,1.08
1777668386.2819502,33.8,3.44,0.53,1.11
1777668386.9793518,33.8,3.44,0.52,1.14
1777668387.6601706,33.8,3.43,0.52,1.17
1777668388.337954,33.8,3.43,0.51,1.2
1777668389.0322192,33.8,3.42,0.5,1.23
1777668389.718974,33.8,3.42,0.5,1.25
1777668390.4103296,33.8,3.42,0.5,1.27
1777668391.0949707,33.8,3.41,0.51,1.29
1777668391.7711918,33.8,3.4,0.52,1.31
1777668392.4502876,33.8,3.4,0.52,1.33
1777668393.1423717,33.8,3.39,0.51,1.35
1777668393.8290124,33.8,3.39,0.52,1.37
1777668394.5310805,33.8,3.39,0.53,1.39
1777668395.215156,33.8,3.39,0.52,1.41
1777668395.9114392,33.8,3.39,0.52,1.43
1777668396.5981355,33.8,3.39,0.51,1.44
1777668397.2819862,33.8,3.38,0.5,1.45
1777668397.9674282,33.8,3.37,0.5,1.46
1777668398.6527302,33.8,3.37,0.5,1.47
1777668399.3546278,33.8,3.38,0.49,1.48
1777668400.0386283,33.8,3.38,0.49,1.49
1777668400.7111444,33.8,3.37,0.5,1.5
1777668401.3934636,33.8,3.37,0.5,1.51
1777668402.0747435,33.8,3.37,0.5,1.52
1777668402.7628102,33.8,3.37,0.5,1.53
1777668403.4523973,33.8,3.37,0.5,1.53
1777668404.1468232,33.8,3.37,0.5,1.54
1777668404.8354187,33.8,3.37,0.5,1.55
1777668405.5172603,33.8,3.37,0.5,1.56
1777668406.2046099,33.8,3.37,0.5,1.56
1777668406.900663,33.8,3.38,0.49,1.57
1777668407.59731,33.8,3.38,0.49,1.57
1777695068.7986846,0,0,0,0
1777695071.0327854,0,0,0,0
1777695071.5514896,33.3,0.0,0.0,0.0
1777695072.1028967,33.3,0.0,0.0,0.0
1777695072.6522148,33.3,0.0,0.0,0.0
1777695073.2063005,33.3,0.0,0.0,0.0
1777695073.761471,33.3,0.0,0.0,0.0
1777695074.3058693,33.3,0.0,0.0,0.0
1777695074.856247,33.3,0.0,0.0,0.0
1777695075.409958,33.3,0.0,0.0,0.0
1777695075.961187,33.3,0.0,0.0,0.0
1777695076.5083556,33.3,0.0,0.0,0.0
1777695077.0545146,33.3,0.0,0.0,0.0
1777695077.603861,33.3,0.0,0.0,0.0
1777695078.1713014,33.3,0.0,0.0,0.0
1777695078.734052,33.3,0.0,0.0,0.0
1777695079.2980697,33.3,0.0,0.0,0.0
1777695079.859171,33.3,0.0,0.0,0.0
1777695080.4493158,33.3,0.0,0.0,0.0
1777695081.0121143,33.3,0.0,0.0,0.0
1777695081.5792787,33.3,0.0,0.0,0.0
1777695082.143194,33.3,0.0,0.0,0.0
1777695082.7283597,33.3,0.0,0.0,0.0
1777695083.292408,33.3,0.0,0.0,0.0
1777695083.8591568,33.3,0.0,0.0,0.0
1777695084.4233472,33.3,0.0,0.0,0.0
1777695085.0081522,33.3,0.0,0.0,0.0
1777695085.575411,33.3,0.0,0.0,0.0
1777695086.1394258,33.3,0.0,0.0,0.0
1777695086.7037277,33.3,0.0,0.0,0.0
1777695087.2885292,33.3,0.0,0.0,0.0
1777695087.9937618,33.3,0.0,0.0,0.0
1777695088.7072058,33.3,0.0,0.0,0.0
1777695089.4006689,33.3,0.0,0.0,0.0
1777695090.099961,33.3,0.0,0.0,0.0
1777695090.7871995,33.3,0.0,0.0,0.0
1777695091.4756658,33.3,0.0,0.0,0.0
1777695092.172527,33.3,0.0,0.0,0.0
1777695092.8651364,33.3,0.0,0.0,0.0
1777695093.5557573,33.3,0.0,0.0,0.0
1777695094.2571883,33.3,0.0,0.0,0.0
1777695094.949535,33.3,0.0,0.0,0.0
1777695095.6482658,33.3,0.0,0.0,0.0
1777695096.3371034,33.3,0.0,0.0,0.0
1777695097.0252333,33.3,0.0,0.0,0.0
1777695097.7237988,33.3,0.0,0.0,0.0
1777695098.4146385,33.3,0.0,0.0,0.0
1777695099.101038,33.3,0.0,0.0,0.0
1777695099.7924554,33.3,0.0,0.0,0.0
1777695100.4858418,33.3,0.0,0.0,0.0
1777695101.174448,33.3,0.0,0.0,0.0
1777695101.8619642,33.3,0.0,0.0,0.0
1777695102.5668736,33.3,0.0,0.0,0.0
1777695103.254462,33.3,0.0,0.0,0.0
1777695103.938403,33.3,0.0,0.0,0.0
1777695104.6336796,33.3,0.0,0.0,0.0
1777695105.3265061,33.3,0.0,0.0,0.0
1777695106.0207784,33.3,0.0,0.0,0.0
1777695106.709495,33.4,0.0,0.0,0.0
1777695107.3990011,33.4,0.0,0.0,0.0
1777695108.1089995,33.4,0.0,0.0,0.0
1777695108.796805,33.4,0.0,0.0,0.0
1777695109.5032647,33.6,0.0,0.0,0.0
1777695110.1968145,33.6,0.0,0.0,0.0
1777695110.8856494,33.6,0.0,0.0,0.0
1777695111.576121,33.6,0.0,0.0,0.0
1777695112.2598372,33.7,0.0,0.0,0.0
1777695112.9544792,33.7,0.0,0.0,0.0
1777695113.6429882,33.7,0.0,0.0,0.0
1777695114.332022,33.7,0.0,0.0,0.0
1777695115.031199,33.8,0.0,0.0,0.0
1777695115.7216759,33.8,0.0,0.0,0.0
1777695116.4288037,33.8,0.0,0.0,0.0
1777695117.1172667,33.8,0.0,0.0,0.0
1777695117.8075457,33.8,0.0,0.0,0.0
1777695118.5093517,33.8,0.0,0.0,0.0
1777695119.2044451,33.8,0.0,0.0,0.0
1777695119.8969915,33.8,0.0,0.0,0.0
1777695120.5801451,33.8,0.0,0.0,0.0
1777695121.2773373,33.8,0.0,0.0,0.0
1777695121.9700067,33.8,0.0,0.0,0.0
1777695122.6575058,33.8,0.0,0.0,0.0
1777695123.3536458,33.8,0.0,0.0,0.0
1777695124.048322,33.8,0.0,0.0,0.0
1777695124.740663,33.8,0.0,0.0,0.0
1777695125.4360337,33.8,0.0,0.0,0.0
1777695126.1217618,33.8,0.0,0.0,0.0
1777695126.8127222,33.8,0.0,0.0,0.0
1777695127.504755,33.8,0.0,0.0,0.0
1777695128.1958058,33.8,0.0,0.0,0.0
1777695128.8871663,33.8,0.0,0.0,0.0
1777695129.592793,33.8,0.0,0.0,0.0
1777695130.2995489,33.8,0.0,0.0,0.0
1777695130.987923,33.8,0.0,0.0,0.0
1777695131.6763997,33.8,0.0,0.0,0.0
1777695132.367446,33.8,0.0,0.0,0.0
1777695133.0577347,33.8,0.0,0.0,0.0
1777695133.7723682,33.8,0.0,0.0,0.0
1777695134.4700928,33.8,0.0,0.0,0.0
1777695135.1613421,33.8,0.0,0.0,0.0
1777695135.8624542,33.8,0.0,0.0,0.0
1777695136.5481656,33.8,0.0,0.0,0.0
1777695137.2378244,33.8,0.0,0.0,0.0
1777695137.9331474,33.8,0.0,0.0,0.0
1777695138.6196096,33.8,0.0,0.0,0.0
1777695139.307194,33.8,0.0,0.0,0.0
1777695140.0007253,33.8,0.0,0.0,0.0
1777695140.706185,33.8,0.0,0.0,0.0
1777695141.3957722,33.8,0.0,0.0,0.0
1777695142.0813992,33.8,0.0,0.0,0.0
1777695142.7663827,33.8,0.0,0.0,0.0
1777695143.4526868,33.8,0.0,0.0,0.0
1777695144.1521604,33.8,0.0,0.0,0.0
1777695144.8408628,33.8,0.0,0.0,0.0
1777695145.5325127,33.8,0.0,0.0,0.0
1777695146.226798,33.8,0.0,0.0,0.0
1777695146.9146411,33.8,0.24,0.0,0.0
1777695147.593757,33.8,0.46,0.0,0.0
1777695148.2744758,33.8,0.66,0.0,0.0
1777695148.9485323,33.8,0.85,0.0,0.0
1777695149.6224518,33.8,1.02,0.0,0.0
1777695150.307626,33.8,1.18,0.0,0.0
1777695150.9816864,33.8,1.32,0.0,0.0
1777695151.6618903,33.8,1.46,0.0,0.0
1777695152.344006,33.8,1.58,0.0,0.0
1777695153.0468347,33.8,1.69,0.0,0.0
1777695153.723952,33.8,1.8,0.0,0.0
1777695154.3994992,33.8,1.9,0.0,0.0
1777695155.0957203,33.8,1.98,0.0,0.0
1777695155.794113,33.8,2.06,0.0,0.0
1777695156.4963098,33.8,2.14,0.0,0.0
1777695157.178544,33.8,2.21,0.0,0.0
1777695157.8619494,33.8,2.27,0.0,0.0
1777695158.5424068,33.8,2.33,0.0,0.0
1777695159.225015,33.8,2.38,0.0,0.0
1777695159.9098735,33.8,2.43,0.0,0.0
1777695160.5941803,33.8,2.48,0.0,0.0
1777695161.2760017,33.8,2.52,0.0,0.0
1777695161.9566646,33.8,2.56,0.0,0.0
1777695162.6315322,33.8,2.59,0.0,0.0
1777695163.3382957,33.8,2.63,0.0,0.0
1777695164.0252585,33.8,2.66,0.0,0.0
1777695164.721397,33.8,2.69,0.0,0.0
1777695165.4021225,33.8,2.71,0.0,0.0
1777695166.078954,33.8,2.74,0.0,0.0
1777695166.7685943,33.8,2.76,0.0,0.0
1777695167.4553227,33.8,2.78,0.0,0.0
1777695168.1499834,33.8,2.8,0.0,0.0
1777695168.828114,33.8,2.82,0.0,0.0
1777695169.5121737,33.8,2.83,0.0,0.0
1777695170.2113595,33.8,2.85,0.0,0.0
1777695170.8929188,33.8,2.86,0.0,0.0
1777695171.5760539,33.8,2.88,0.0,0.0
1777695172.2615545,33.8,2.89,0.0,0.0
1777695172.9476037,33.8,2.9,0.0,0.0
1777695173.6309977,33.8,2.91,0.0,0.0
1777695174.3187323,33.8,2.92,0.0,0.0
1777695174.9951406,33.8,2.93,0.0,0.0
1777695175.6850526,33.8,2.93,0.0,0.0
1777695176.3687913,33.8,0.0,0.0,0.0
1777695177.0472815,33.8,0.0,0.0,0.0
1777695177.7300422,33.8,0.0,0.0,0.0
1777695178.4049823,33.8,0.0,0.0,0.0
1777695179.0859709,33.8,0.0,0.0,0.0
1777695179.7648778,33.8,0.0,0.0,0.0
1777695180.4476662,33.8,0.0,0.0,0.0
1777695181.129949,33.8,0.0,0.0,0.0
1777695181.8224688,33.8,0.0,0.0,0.0
1777695182.5214002,33.8,0.0,0.0,0.0
1777695183.2483282,33.8,0.0,0.0,0.0
1777695183.9327722,33.8,0.0,0.0,0.0
1777695184.6168838,33.8,0.0,0.0,0.0
1777695185.2976859,33.8,0.0,0.0,0.0
1777695185.9903083,33.8,0.0,0.0,0.0
1777695186.6757655,33.8,0.0,0.0,0.0
1777695187.3520205,33.8,0.0,0.0,0.0
1777695188.0355165,33.8,0.0,0.0,0.0
1777695188.7217095,33.8,0.0,0.0,0.0
1777695189.3998008,33.8,0.0,0.0,0.0
1777695190.0845513,33.8,0.0,0.0,0.0
1777695190.7685885,33.8,0.0,0.0,0.0
1777695191.4440646,33.8,0.0,0.0,0.0
1777695192.1280675,33.8,0.0,0.0,0.0
1777695192.8078487,33.8,0.0,0.0,0.0
1777695193.490765,33.8,0.0,0.0,0.0
1777695194.1788063,33.8,0.0,0.0,0.0
1777695194.8608255,33.8,0.0,0.0,0.0
1777695195.537324,33.8,0.0,0.0,0.0
1777695196.2259853,33.8,0.0,0.0,0.0
1777695196.9087317,33.8,0.0,0.0,0.0
1777695197.602588,33.8,0.0,0.0,0.0
1777695198.2880116,33.8,0.0,0.0,0.0
1777695198.9661686,33.8,0.0,0.0,0.0
1777695199.644614,33.8,0.0,0.0,0.0
1777695200.3323429,33.8,0.0,0.0,0.0
1777695201.0110683,33.8,0.0,0.0,0.0
1777695201.6893375,33.8,0.0,0.0,0.0
1777695202.3777728,33.8,0.0,0.0,0.0
1777695203.05972,33.8,0.0,0.0,0.0
1777695203.743207,33.8,0.0,0.0,0.0
1777695204.4413884,33.8,0.0,0.0,0.0
1777695205.1202726,33.8,0.0,0.0,0.0
1777695205.8036325,33.8,0.0,0.0,0.0
1777695206.4896975,33.8,0.0,0.0,0.0
1777695207.1640806,33.8,0.0,0.0,0.0
1777695207.8645508,33.8,0.0,0.0,0.0
1777695208.5471754,33.8,0.0,0.0,0.0
1777695209.2308328,33.8,0.0,0.0,0.0
1777695209.958076,33.8,0.0,0.0,0.0
1777695210.6424158,33.8,0.0,0.0,0.0
1777695211.3217118,33.8,0.0,0.0,0.0
1777695212.0021527,33.8,0.0,0.0,0.0
1777695212.680235,33.8,0.0,0.0,0.0
1777695213.3587306,33.8,0.0,0.0,0.0
1777695214.0389671,33.8,0.0,0.0,0.0
1777695214.7272353,33.8,0.0,0.0,0.0
1777695215.4226403,33.8,0.0,0.0,0.0
1777695216.1066113,33.8,0.0,0.0,0.0
1777695216.7897756,33.8,0.0,0.0,0.0
1777695217.4779217,33.8,0.0,0.0,0.0
1777695218.1549764,33.8,0.0,0.0,0.0
1777695218.8358738,33.8,0.0,0.0,0.0
1777695219.5087898,33.8,0.0,0.0,0.0
1777695220.1884701,33.8,0.0,0.0,0.0
1777695220.8753588,33.8,2.96,0.0,0.0
1777695221.5496595,33.8,3.06,0.0,0.0
1777695222.2304645,33.8,3.06,0.12,0.92
1777695222.9766035,33.8,3.06,0.19,0.92
1777695223.6528668,33.8,3.03,0.23,0.91
1777695224.3403392,33.8,3.12,0.17,0.94
1777695225.0274532,33.8,3.1,0.13,0.93
1777695225.7100575,33.8,3.19,0.1,0.0
1777695226.3969305,33.8,3.25,0.07,0.0
1777695227.092107,33.8,3.31,0.06,0.0
1777695227.7724102,33.8,3.38,0.04,0.0
1777695228.4504175,33.8,3.44,0.03,0.0
1777695229.1364863,33.8,3.5,0.02,0.0
1777695229.813856,33.8,3.56,0.02,0.0
1777695230.4911454,33.8,3.61,0.01,0.0
1777695231.178849,33.8,3.65,0.01,0.0
1777695231.855691,33.8,3.69,0.01,0.0
1777695232.5352855,33.8,3.73,0.01,0.0
1777695233.2221458,33.8,3.77,0.0,0.0
1777695233.9026194,33.8,3.8,0.0,0.0
1777695234.580061,33.8,3.83,0.0,0.0
1777695235.3046951,33.8,3.86,0.0,0.0
1777695236.0044258,33.8,3.88,0.0,0.0
1777695236.6939447,33.8,3.91,0.0,0.0
1777695237.4048061,33.8,3.93,0.0,0.0
1777695238.0950217,33.8,3.95,0.0,0.0
1777695238.7778516,33.8,3.97,0.0,0.0
1777695239.4589756,33.8,3.98,0.0,0.0
1777695240.1339288,33.8,4.0,0.0,0.0
1777695240.830837,33.8,4.01,0.0,0.0
1777695241.5236392,33.8,4.02,0.0,0.0
1777695242.204885,33.8,4.04,0.0,0.0
1777695242.8828008,33.8,4.05,0.0,0.0
1777695243.5902092,33.8,4.06,0.0,0.0
1777695244.2878537,33.8,4.06,0.0,0.0
1777695244.9947398,33.8,4.07,0.0,0.0
1777695245.6917446,33.8,4.08,0.0,0.0
1777695246.3744638,33.8,4.09,0.0,0.0
1777695247.0532107,33.8,4.1,0.0,0.0
1777695247.748073,33.8,4.12,0.04,0.0
1777695248.4382553,33.8,4.14,0.06,0.0
1777695249.1268902,33.8,4.16,0.08,0.0
1777695249.8270888,33.8,4.18,0.09,0.0
1777695250.5142975,33.8,4.2,0.1,1.26
1777695251.2111301,33.8,4.21,0.11,1.26
1777695251.9122913,33.8,4.23,0.11,1.27
1777695252.5956197,33.8,4.24,0.08,0.0
1777695253.279856,33.8,4.25,0.11,1.28
1777695253.9651155,33.8,4.26,0.11,1.28
1777695254.6426601,33.8,4.27,0.11,1.28
1777695255.3217766,33.8,4.28,0.11,1.28
1777695256.0073493,33.8,4.28,0.14,1.28
1777695256.691503,33.8,4.29,0.13,1.29
1777695257.3733711,33.8,4.3,0.13,1.29
1777695258.0660715,33.8,4.3,0.12,1.29
1777695258.7550378,33.8,4.31,0.13,1.29
1777695259.4365382,33.8,4.32,0.13,1.3
1777695260.1417809,33.8,4.32,0.13,1.3
1777695260.8356385,33.8,4.32,0.12,1.29
1777695261.5198612,33.8,4.31,0.09,0.0
1777695262.2174668,33.8,4.29,0.07,0.0
1777695262.9020948,33.8,4.29,0.05,0.0
1777695263.5848684,33.8,4.29,0.04,0.0
1777695264.2825174,33.8,4.3,0.06,0.0
1777695264.9641755,33.8,4.31,0.07,0.0
1777695265.6423378,33.8,4.31,0.05,0.0
1777695266.3277032,33.8,4.31,0.04,0.0
1777695267.0085115,33.8,4.31,0.06,0.0
1777695267.690974,33.8,4.32,0.05,0.0
1777695268.375378,33.8,4.31,0.03,0.0
1777695269.0561852,33.8,4.31,0.03,0.0
1777695269.7492056,33.8,4.31,0.02,0.0
1777695270.4355478,33.8,4.31,0.01,0.0
1777695271.1200395,33.8,4.3,0.01,0.0
1777695271.8033571,33.8,4.3,0.01,0.0
1777695272.4900057,33.8,4.25,0.01,0.0
1777695273.1908422,33.8,4.16,0.16,1.25
1777695273.8704755,33.8,4.09,0.25,1.23
1777695274.564446,33.8,4.03,0.32,1.21
1777695275.2470953,33.8,3.97,0.36,1.19
1777695275.9339418,33.8,3.92,0.4,1.18
1777695276.6203625,33.8,3.86,0.44,1.16
1777695277.3001525,33.8,3.81,0.47,1.14
1777695277.982198,33.8,3.76,0.49,1.13
1777695278.6832943,33.8,3.72,0.51,1.12
1777695279.3709548,33.8,3.68,0.52,1.1
1777695280.0519338,33.8,3.65,0.52,1.09
1777695280.7533476,33.8,3.62,0.52,1.09
1777695281.4384933,33.8,3.59,0.52,1.08
1777695282.1229413,33.8,3.56,0.53,1.07
1777695282.8171577,33.8,3.54,0.53,1.06
1777695283.5180209,33.8,3.52,0.52,1.06
1777695284.2086318,33.8,3.5,0.52,1.07
1777695284.9023788,33.8,3.49,0.52,1.11
1777695285.5924385,33.8,3.47,0.52,1.14
1777695286.2760215,33.8,3.46,0.52,1.17
1777695286.9639375,33.8,3.45,0.52,1.19
1777695287.6699166,33.8,3.43,0.52,1.22
1777695288.354033,33.8,3.42,0.52,1.24
1777695289.042113,33.8,3.41,0.51,1.26
1777695289.7316544,33.8,3.4,0.52,1.29
1777695290.4156852,33.8,3.39,0.51,1.31
1777695291.1239772,33.8,3.38,0.51,1.32
1777695291.8071077,33.8,3.38,0.51,1.34
1777695292.4918225,33.8,3.37,0.51,1.36
1777695293.1826496,33.8,3.37,0.51,1.37
1777695293.8623977,33.8,3.36,0.51,1.39
1777695294.5446558,33.8,3.36,0.51,1.4
1777695295.2294734,33.8,3.35,0.51,1.42
1777695295.912957,33.8,3.35,0.51,1.43
1777695296.6064303,33.8,3.34,0.51,1.44
1777695297.2989454,33.8,3.34,0.51,1.46
1777695297.9877133,33.8,3.34,0.5,1.47
1777695298.6747596,33.8,3.34,0.51,1.47
1777695299.3683603,33.8,3.33,0.51,1.48
1777695300.0650785,33.8,3.33,0.5,1.49
1777695300.7549732,33.8,3.33,0.51,1.5
1777695301.4478097,33.8,3.33,0.51,1.51
1777695302.147217,33.8,3.32,0.51,1.52
1777695302.8808513,33.8,3.32,0.5,1.52
1777695303.5819485,33.8,3.32,0.51,1.53
1777695304.2773635,33.8,3.31,0.51,1.54
1777695304.9590898,33.8,3.31,0.5,1.54
1777695305.6881568,33.8,3.38,0.38,1.56
1777695306.3862915,33.8,3.43,0.28,1.55
1777695307.0829976,33.8,3.49,0.21,1.54
1777695307.7748368,33.8,3.54,0.16,1.51
1777695308.4572861,33.8,3.59,0.12,1.47
1777695309.1407282,33.8,3.63,0.09,0.0
1777695309.8352873,33.8,3.67,0.07,0.0
1777695310.5193007,33.8,3.7,0.05,0.0
1777695311.213228,33.8,3.74,0.04,0.0
1777695311.9098814,33.8,3.77,0.03,0.0
1777695312.6136246,33.8,3.79,0.02,0.0
1777695313.3052928,33.8,3.82,0.02,0.0
1777695313.997025,33.8,3.84,0.01,0.0
1777695314.683246,33.8,3.87,0.01,0.0
1777695315.3675427,33.8,3.89,0.01,0.0
1777695316.0774648,33.8,3.9,0.01,0.0
1777695316.7595909,33.8,3.92,0.0,0.0
1777695317.4527156,33.8,3.94,0.0,0.0
1777695318.1696696,33.8,3.95,0.0,0.0
1777695318.8585434,33.8,3.96,0.0,0.0
1777695319.542873,33.8,3.98,0.0,0.0
1777695320.2451024,33.8,3.99,0.0,0.0
1777695320.9350019,33.8,4.0,0.0,0.0
1777695321.6318362,33.8,4.01,0.0,0.0
1777695322.326867,33.8,4.01,0.0,0.0
1777695323.054692,33.8,4.02,0.0,0.0
1777695323.7422452,33.8,4.02,0.0,0.0
1777695324.4409297,33.8,4.02,0.0,0.0
1777695325.1490755,33.8,4.03,0.0,0.0
1777695325.83183,33.8,4.03,0.0,0.0
1777695326.5280821,33.8,4.03,0.0,0.0
1777695327.2157004,33.8,4.03,0.0,0.0
1777695327.9058301,33.8,4.03,0.0,0.0
1777695328.6114938,33.8,4.03,0.0,0.0
1777695329.3131728,33.8,4.03,0.0,0.0
1777695330.014805,33.8,4.03,0.0,0.0
1777695330.7211783,33.8,4.03,0.0,0.0
1777695331.4374084,33.8,4.03,0.0,0.0
1777695332.107144,33.8,4.03,0.0,0.0
1777695332.7794402,33.8,4.03,0.0,0.0
1777695333.452968,33.8,0.0,0.0,0.0
1777695334.1420975,33.8,0.0,0.0,0.0
1777695334.8270147,33.8,4.03,0.0,0.0
1777695335.507062,33.8,4.03,0.0,0.0
1777695336.1987355,33.8,4.03,0.0,0.0
1777695336.9187691,33.8,0.0,0.0,0.0
1777695337.6307478,33.8,0.0,0.0,0.0
1777695338.3822396,33.8,0.0,0.0,0.0
1777695339.1266835,33.8,0.0,0.0,0.0
1777695339.8736932,33.8,0.0,0.0,0.0
1777695340.6338422,33.8,0.0,0.0,0.0
1777695341.3819451,33.8,0.0,0.0,0.0
1777695342.1701312,33.8,0.0,0.0,0.0
1777695342.984788,33.8,0.0,0.0,0.0
1777695343.8118708,33.8,0.0,0.0,0.0
1777695344.6053462,33.8,0.0,0.0,0.0
1777695345.3953156,33.8,0.0,0.0,0.0
1777695346.1849973,33.8,0.0,0.0,0.0
1777695346.937972,33.8,0.0,0.0,0.0
1777695347.7171836,33.8,0.0,0.0,0.0
1777695348.4237194,33.8,0.0,0.0,0.0
1777695349.1180177,33.8,0.0,0.0,0.0
1777695349.8020675,33.8,0.0,0.0,0.0
1777695350.5013876,33.8,0.0,0.0,0.0
1777695351.2283797,33.8,0.0,0.0,0.0
1777695351.916704,33.8,0.0,0.0,0.0
1777695352.6081088,33.8,0.0,0.0,0.0
1777695353.3089619,33.8,0.0,0.0,0.0
1777695353.9952884,33.8,0.0,0.0,0.0
1777695354.6848915,33.8,0.0,0.0,0.0
1777695355.3973904,33.8,0.0,0.0,0.0
1777695356.0919669,33.8,0.0,0.0,0.0
1777695356.830552,33.8,0.0,0.0,0.0
1777695357.5360527,33.8,0.0,0.0,0.0
1777695358.2531295,33.8,0.0,0.0,0.0
1777695358.9757538,33.8,0.0,0.0,0.0
1777695359.6532063,33.8,0.0,0.0,0.0
1777695360.3267717,33.8,0.0,0.0,0.0
1777695361.0020487,33.8,0.0,0.0,0.0
1777695361.684574,33.8,0.0,0.0,0.0
1777695362.3929956,33.8,0.0,0.0,0.0
1777695363.1853988,33.8,0.0,0.0,0.0
1777695364.1337342,33.8,0.0,0.0,0.0
1777695364.9541278,33.8,0.0,0.0,0.0
1777695365.708083,33.8,0.0,0.0,0.0
1777695366.4462168,33.8,0.0,0.0,0.0
1777695367.143886,33.8,0.0,0.0,0.0
1777695367.862338,33.8,0.0,0.0,0.0
1777695368.612576,33.8,0.0,0.0,0.0
1777695369.3240116,33.8,0.0,0.0,0.0
1777695370.0590036,33.8,0.0,0.0,0.0
1777695370.834713,33.8,0.0,0.0,0.0
1777695371.5366926,33.8,0.0,0.0,0.0
1777695372.2880876,33.8,0.0,0.0,0.0
1777695373.0594902,33.8,0.0,0.0,0.0
1777695373.8364284,33.8,0.0,0.0,0.0
1777695374.723201,33.8,0.0,0.0,0.0
1777695375.5212603,33.8,0.0,0.0,0.0
1777695376.2569852,33.8,0.0,0.0,0.0
1777695377.1221795,33.8,0.0,0.0,0.0
1777695377.952738,33.8,0.0,0.0,0.0
1777695378.7561014,33.8,0.0,0.0,0.0
1777695379.5445206,33.8,0.0,0.0,0.0
1777695380.3440754,33.8,0.0,0.0,0.0
1777695381.088245,33.8,0.0,0.0,0.0
1777695381.822583,33.8,0.0,0.0,0.0
1777695382.5872972,33.8,0.0,0.0,0.0
1777695383.3862796,33.8,0.0,0.0,0.0
1777695384.1927836,33.8,0.0,0.0,0.0
1777695384.984509,33.8,0.0,0.0,0.0
1777695385.7728248,33.8,0.0,0.0,0.0
1777695386.5574603,33.8,0.0,0.0,0.0
1777695387.345603,33.8,0.0,0.0,0.0
1777695388.0934732,33.8,0.0,0.0,0.0
1777695388.936254,33.8,0.0,0.0,0.0
1777695389.6946929,33.8,0.0,0.0,0.0
1777695390.4101973,33.8,0.0,0.0,0.0
1777695391.1507976,33.8,0.0,0.0,0.0
1777695391.9071283,33.8,0.0,0.0,0.0
1777695392.7665207,33.8,0.0,0.0,0.0
1777695393.7129216,33.8,0.0,0.0,0.0
1777695394.4999225,33.8,0.0,0.0,0.0
1777695395.2577813,33.8,0.0,0.0,0.0
1777695396.0352044,33.8,0.0,0.0,0.0
1777695397.1154885,33.8,0.0,0.0,0.0
1777695397.9582222,33.8,0.0,0.0,0.0
1777695398.776246,33.8,0.0,0.0,0.0
1777695399.6145127,33.8,0.0,0.0,0.0
1777695400.3915317,33.8,0.0,0.0,0.0
1777695401.5549157,33.8,0.0,0.0,0.0
1777695402.374468,33.8,0.0,0.0,0.0
1777695403.198856,33.8,0.0,0.0,0.0
1777695403.9565303,33.8,0.0,0.0,0.0
1777695404.6816876,33.8,0.0,0.0,0.0
1777695405.4195764,33.8,0.0,0.0,0.0
1777695406.1428456,33.8,0.0,0.0,0.0
1777695406.875191,33.8,0.0,0.0,0.0
1777695407.6167152,33.8,0.0,0.0,0.0
1777695408.3879495,33.8,0.0,0.0,0.0
1777695409.1328087,33.8,0.0,0.0,0.0
1777695409.943453,33.8,0.0,0.0,0.0
1777695410.7527368,33.8,0.0,0.0,0.0
1777695411.48234,33.8,0.0,0.0,0.0
1777695412.3020089,33.8,0.0,0.0,0.0
1777695413.3032267,33.8,0.0,0.0,0.0
1777695414.1444845,33.8,0.0,0.0,0.0
1777695414.9784973,33.8,0.0,0.0,0.0
1777695415.8132546,33.8,0.0,0.0,0.0
1777695416.5306082,33.8,0.0,0.0,0.0
1777695417.2709227,33.8,0.0,0.0,0.0
1777695417.9824338,33.8,0.0,0.0,0.0
1777695418.72721,33.8,0.0,0.0,0.0
1777695419.4532273,33.8,0.0,0.0,0.0
1777695420.158694,33.8,0.0,0.0,0.0
1777695420.855264,33.8,0.0,0.0,0.0
1777695421.5766006,33.8,0.0,0.0,0.0
1777695422.3670247,33.8,0.0,0.0,0.0
1777695423.094169,33.8,0.0,0.0,0.0
1777695423.8885846,33.8,0.0,0.0,0.0
1777695424.6359046,33.8,0.0,0.0,0.0
1777695425.3680112,33.8,0.0,0.0,0.0
1777695426.1029732,33.8,0.0,0.0,0.0
1777695426.8268201,33.8,0.0,0.0,0.0
1777695427.5770743,33.8,0.0,0.0,0.0
1777695428.414329,33.8,0.0,0.0,0.0
1777695429.2737443,33.8,0.0,0.0,0.0
1777695430.1502209,33.8,0.0,0.0,0.0
1777695430.9543622,33.8,0.0,0.0,0.0
1777695431.6833985,33.8,0.0,0.0,0.0
1777695432.4154232,33.8,0.0,0.0,0.0
1777695433.153017,33.8,0.0,0.0,0.0
1777695433.8834355,33.8,0.0,0.0,0.0
1777695434.6169488,33.8,0.0,0.0,0.0
1777695435.342869,33.8,0.0,0.0,0.0
1777695436.1018114,33.8,0.0,0.0,0.0
1777695436.8228633,33.8,0.0,0.0,0.0
1777695437.5580177,33.8,0.0,0.0,0.0
1777695438.2863653,33.8,0.0,0.0,0.0
1777695439.0020301,33.8,0.0,0.0,0.0
1777695439.7241867,33.8,0.0,0.0,0.0
1777695440.462961,33.8,0.0,0.0,0.0
1777695441.1872456,33.8,0.0,0.0,0.0
1777695441.9669702,33.8,0.0,0.0,0.0
1777695442.7882733,33.8,0.0,0.0,0.0
1777695443.511986,33.8,0.0,0.0,0.0
1777695444.2502143,33.8,0.0,0.0,0.0
1777695444.9877882,33.8,0.0,0.0,0.0
1777695445.704129,33.8,0.0,0.0,0.0
1777695446.4545586,33.8,0.0,0.0,0.0
1777695447.1853602,33.8,0.0,0.0,0.0
1777695447.9255307,33.8,0.0,0.0,0.0
1777695448.6659868,33.8,0.0,0.0,0.0
1777695449.4353054,33.8,0.0,0.0,0.0
1777695450.3636298,33.8,0.0,0.0,0.0
1777695451.1915362,33.8,0.0,0.0,0.0
1777695451.9926913,33.8,0.0,0.0,0.0
1777695452.8554332,33.8,0.0,0.0,0.0
1777695453.753398,33.8,0.0,0.0,0.0
1777695454.7896042,33.8,0.0,0.0,0.0
1777695455.6157103,33.8,0.0,0.0,0.0
1777695456.366095,33.8,0.0,0.0,0.0
1777695457.369192,33.8,0.0,0.0,0.0
1777695458.5356202,33.8,0.0,0.0,0.0
1777695459.30378,33.8,0.0,0.0,0.0
1777695460.106961,33.8,0.0,0.0,0.0
1777695460.9229057,33.8,0.0,0.0,0.0
1777695461.6859915,33.8,0.0,0.0,0.0
1777695462.427143,33.8,0.0,0.0,0.0
1777695463.194408,33.8,0.0,0.0,0.0
1777695463.9107037,33.8,0.0,0.0,0.0
1777695464.6395981,33.8,0.0,0.0,0.0
1777698711.820184,0,0,0,0
1777698713.4095597,0,0,0,0
1777698714.3617918,33.3,0.2,0.0,0.0
1777698714.9214547,33.3,0.39,0.0,0.0
1777698715.485762,33.3,0.39,0.0,0.0
1777698716.0495021,33.3,0.55,0.0,0.0
1777698716.6385102,33.3,0.71,0.0,0.0
1777698717.2018235,33.3,0.85,0.0,0.0
1777698717.768573,33.3,0.85,0.0,0.0
1777698718.3297021,33.3,0.85,0.0,0.0
1777698718.9218495,33.3,0.99,0.0,0.0
1777698719.48165,33.3,0.99,0.0,0.0
1777698720.0456612,33.3,0.99,0.0,0.0
1777698720.6094966,33.3,1.11,0.0,0.0
1777698721.2020066,33.3,1.11,0.0,0.0
1777698721.7614114,33.3,1.22,0.0,0.0
1777698722.326,33.3,1.32,0.0,0.0
1777698722.8938298,33.3,1.42,0.0,0.0
1777698723.4799101,33.3,1.5,0.0,0.0
1777698724.0451782,33.3,1.58,0.0,0.0
1777698724.6056693,33.3,1.58,0.0,0.0
1777698725.170404,33.3,1.58,0.0,0.0
1777698725.760027,33.3,1.58,0.0,0.0
1777698726.3226857,33.3,1.58,0.0,0.0
1777698726.8863711,33.3,1.66,0.0,0.0
1777698727.4510946,33.3,1.66,0.0,0.0
1777698728.042251,33.3,1.73,0.0,0.0
1777698728.6029322,33.3,1.73,0.0,0.0
1777698729.16995,33.3,1.73,0.0,0.0
1777698729.729888,33.3,1.73,0.0,0.0
1777698730.3186176,33.3,1.73,0.0,0.0
1777698730.9553802,33.3,1.79,0.0,0.0
1777698731.5883136,33.3,1.85,0.0,0.0
1777698732.2180698,33.3,1.9,0.0,0.0
1777698732.8490987,33.3,1.95,0.0,0.0
1777698733.4737446,33.3,1.99,0.0,0.0
1777698734.1185405,33.3,2.03,0.0,0.0
1777698734.7460775,33.3,2.07,0.0,0.0
1777698735.3729868,33.3,2.11,0.0,0.0
1777698736.005776,33.3,2.14,0.0,0.0
1777698736.6515677,33.3,2.17,0.0,0.0
1777698737.2790954,33.3,2.2,0.0,0.0
1777698737.9294584,33.3,2.23,0.0,0.0
1777698738.570523,33.3,2.25,0.0,0.0
1777698739.1992738,33.3,2.27,0.0,0.0
1777698739.8314161,33.3,2.29,0.0,0.0
1777698740.4710555,33.3,2.31,0.0,0.0
1777698741.0961585,33.3,2.33,0.0,0.0
1777698741.7332475,33.3,2.35,0.0,0.0
1777698742.3603172,33.3,2.36,0.0,0.0
1777698742.9906242,33.3,2.37,0.0,0.0
1777698743.616374,33.3,2.39,0.0,0.0
1777698744.2422304,33.3,2.51,0.0,0.0
1777698744.8789022,33.3,2.63,0.0,0.0
1777698745.5068073,33.3,2.69,0.0,0.0
1777698746.1332054,33.3,2.79,0.0,0.0
1777698746.7588882,33.3,2.85,0.0,0.0
1777698747.3872843,33.3,2.85,0.0,0.0
1777698748.018848,33.3,2.86,0.0,0.0
1777698748.6475751,33.3,2.86,0.0,0.0
1777698749.2764874,33.3,2.86,0.0,0.0
1777698749.906068,33.3,2.86,0.0,0.0
1777698750.5357165,33.3,2.86,0.0,0.0
1777698751.1625307,33.3,2.85,0.0,0.0
1777698751.7906914,33.3,2.85,0.0,0.0
1777698752.42924,33.3,2.84,0.0,0.0
1777698753.0607626,33.3,2.86,0.0,0.0
1777698753.6932185,33.3,2.89,0.0,0.0
1777698754.3222148,33.3,2.92,0.08,0.0
1777698754.951768,33.3,2.95,0.18,0.88
1777698755.5858786,33.3,2.97,0.25,0.89
1777698756.2237308,33.3,3.0,0.31,0.9
1777698756.85639,33.3,3.02,0.35,0.9
1777698757.4869466,33.3,3.03,0.39,0.91
1777698758.115343,33.3,3.05,0.41,0.92
1777698758.7456703,33.3,3.06,0.43,0.92
1777698759.3916316,33.3,3.07,0.44,0.92
1777698760.021907,33.3,3.09,0.45,0.93
1777698760.6474571,33.3,3.1,0.46,0.93
1777698761.2756553,33.3,3.11,0.47,0.93
1777698761.9071813,33.3,3.12,0.47,0.93
1777698762.5486352,33.3,3.12,0.46,0.94
1777698763.1784875,33.3,3.13,0.45,0.94
1777698763.817497,33.3,3.14,0.44,0.94
1777698764.452128,33.3,3.14,0.42,0.94
1777698765.0828452,33.3,3.15,0.41,0.95
1777698765.7140396,33.3,3.16,0.4,0.95
1777698766.3453836,33.3,3.16,0.41,0.95
1777698766.9825113,33.3,3.17,0.39,0.95
1777698767.6107602,33.3,3.17,0.39,0.95
1777698768.2462838,33.3,3.17,0.38,0.95
1777698768.885893,33.3,3.18,0.39,0.95
1777698769.52408,33.3,3.18,0.42,0.95
1777698770.1595347,33.3,3.19,0.42,0.96
1777698770.8093774,33.3,3.19,0.39,0.96
1777698771.4498856,33.3,3.19,0.37,0.96
1777698772.0879872,33.3,3.19,0.37,0.98
1777698772.7329466,33.3,3.19,0.36,0.99
1777698773.3774087,33.3,3.2,0.36,0.99
1777698774.0192626,33.3,3.2,0.35,1.0
1777698774.6607559,33.3,3.2,0.36,1.01
1777698775.2946773,33.3,3.2,0.37,1.02
1777698775.936858,33.3,3.2,0.36,1.02
1777698776.5664074,33.3,3.2,0.35,1.03
1777698777.1952918,33.3,3.2,0.35,1.04
1777698777.8298745,33.3,3.21,0.34,1.04
1777698778.4598799,33.3,3.21,0.34,1.04
1777698779.0890014,33.3,3.21,0.33,1.04
1777698779.7197978,33.3,3.21,0.32,1.04
1777698780.3603487,33.3,3.21,0.3,1.04
1777698780.9896784,33.3,3.21,0.3,1.03
1777698781.6202447,33.3,3.2,0.29,1.03
1777698782.2501748,33.3,3.2,0.28,1.02
1777698782.896537,33.3,3.2,0.29,1.02
1777698783.5445611,33.3,3.2,0.28,1.01
1777698784.1740134,33.3,3.2,0.29,1.01
1777698784.811061,33.3,3.2,0.3,1.0
1777698785.4457536,33.3,3.2,0.3,1.0
1777698786.0753844,33.3,3.2,0.3,1.0
1777698786.7180114,33.3,3.2,0.3,1.0
1777698787.390474,33.3,3.2,0.31,1.0
1777698788.0276968,33.3,3.21,0.26,0.99
1777698788.6775346,33.3,3.21,0.19,0.97
1777698789.3154814,33.3,3.21,0.14,0.96
1777698789.9479527,33.3,3.26,0.11,0.98
1777698790.5778382,33.3,3.31,0.08,0.0
1777698791.2199388,33.3,3.37,0.06,0.0
1777698791.8932686,33.3,3.41,0.05,0.0
1777698792.548512,33.3,3.46,0.03,0.0
1777698793.195716,33.3,3.49,0.03,0.0
1777698793.8828228,33.3,3.53,0.02,0.0
1777698794.527884,33.3,3.56,0.01,0.0
1777698795.173703,33.3,3.6,0.01,0.0
1777698795.8405285,33.3,3.62,0.01,0.0
1777698796.5060685,33.3,3.65,0.01,0.0
1777698797.157214,33.3,3.67,0.0,0.0
1777698797.7950225,33.3,3.7,0.0,0.0
1777698798.4439163,33.3,3.72,0.0,0.0
1777698799.0789287,33.3,3.74,0.0,0.0
1777698799.7220008,33.3,3.75,0.0,0.0
1777698800.361947,33.3,3.77,0.0,0.0
1777698801.003255,33.3,3.78,0.0,0.0
1777698801.6449277,33.3,3.8,0.0,0.0
1777698802.2799547,33.3,3.81,0.0,0.0
1777698802.9245675,33.3,3.82,0.0,0.0
1777698803.5743918,33.3,3.83,0.0,0.0
1777698804.2150126,33.3,3.84,0.0,0.0
1777698804.8611526,33.3,3.85,0.0,0.0
1777698805.5081897,33.3,3.86,0.0,0.0
1777698806.1588154,33.3,3.87,0.0,0.0
1777698806.8060222,33.3,3.87,0.0,0.0
1777698807.4505188,33.3,3.88,0.0,0.0
1777698808.090763,33.3,3.89,0.0,0.0
1777698808.73414,33.3,3.89,0.0,0.0
1777698809.3721898,33.3,3.9,0.0,0.0
1777698810.0134344,33.3,3.9,0.0,0.0
1777698810.647683,33.3,3.9,0.0,0.0
1777698811.3037078,33.3,3.91,0.0,0.0
1777698811.9989872,33.3,3.91,0.0,0.0
1777698812.688606,33.3,3.92,0.0,0.0
1777698813.3231266,33.3,3.92,0.0,0.0
1777698813.9472973,33.3,3.92,0.0,0.0
1777698814.638358,33.3,3.92,0.0,0.0
1777698815.2810187,33.3,3.93,0.0,0.0
1777698815.913301,33.3,3.93,0.0,0.0
1777698816.5369546,33.3,3.93,0.0,0.0
1777698817.2181127,33.3,3.93,0.0,0.0
1777698817.8387964,33.3,3.94,0.0,0.0
1777698818.4672804,33.3,3.94,0.0,0.0
1777698819.1322489,33.3,3.94,0.0,0.0
1777698819.8377848,33.3,3.94,0.0,0.0
1777698820.497156,33.3,3.94,0.0,0.0
1777698821.1632733,33.3,3.94,0.0,0.0
1777698821.840869,33.3,3.94,0.0,0.0
1777698822.5252929,33.3,3.94,0.0,0.0
1777698823.1909578,33.3,3.95,0.0,0.0
1777698823.8500266,33.3,3.95,0.0,0.0
1777698824.497004,33.3,3.95,0.0,0.0
1777698825.147468,33.3,3.95,0.0,0.0
1777698825.7914948,33.3,3.95,0.0,0.0
1777698826.4482415,33.3,3.95,0.0,0.0
1777698827.0957327,33.3,3.95,0.0,0.0
1777698827.7413144,33.3,3.95,0.0,0.0
1777698828.3820248,33.3,3.95,0.0,0.0
1777698829.0238364,33.3,3.95,0.0,0.0
1777698829.6861713,33.3,3.95,0.0,0.0
1777698830.3267074,33.3,3.95,0.0,0.0
1777698830.9926186,33.3,3.95,0.0,0.0
1777698831.6694965,33.3,3.95,0.0,0.0
1777698832.3164685,33.3,3.95,0.0,0.0
1777698832.9682987,33.3,3.95,0.0,0.0
1777698833.616846,33.3,3.95,0.0,0.0
1777698834.281137,33.3,3.95,0.0,0.0
1777698834.9652233,33.3,3.95,0.0,0.0
1777698835.7176337,33.3,3.96,0.0,0.0
1777698836.4113326,33.3,3.96,0.0,0.0
1777698837.141395,33.3,3.96,0.0,0.0
1777698837.8485692,33.3,3.96,0.0,0.0
1777698838.5185196,33.3,3.96,0.0,0.0
1777698839.1821249,33.3,3.96,0.0,0.0
1777698839.8701925,33.3,3.96,0.0,0.0
1777698840.5855021,33.3,3.96,0.0,0.0
1777698841.3536184,33.3,3.96,0.0,0.0
1777698842.051171,33.3,3.96,0.0,0.0
1777698842.7422287,33.3,3.96,0.0,0.0
1777698843.448063,33.3,3.96,0.0,0.0
1777698844.1421547,33.3,3.96,0.0,0.0
1777698844.8310907,33.3,3.96,0.0,0.0
1777698845.5206652,33.3,3.96,0.0,0.0
1777698846.2412243,33.3,3.96,0.0,0.0
1777698846.922032,33.3,3.96,0.0,0.0
1777698847.6334813,33.3,3.96,0.0,0.0
1777698848.3323433,33.3,3.96,0.0,0.0
1777698849.0252113,33.3,3.96,0.0,0.0
1777698849.7117703,33.3,3.96,0.0,0.0
1777698850.4103687,33.3,3.96,0.0,0.0
1777698851.0707495,33.3,3.96,0.0,0.0
1777698851.7428932,33.3,3.96,0.0,0.0
1777698852.4118235,33.3,3.96,0.0,0.0
1777698853.060042,33.3,3.96,0.0,0.0
1777698853.7212808,33.3,3.96,0.0,0.0
1777698854.3932729,33.3,3.96,0.0,0.0
1777698855.0334277,33.3,3.96,0.0,0.0
1777698855.6667402,33.3,3.96,0.0,0.0
1777698856.3116229,33.3,3.96,0.0,0.0
1777698856.9612265,33.3,3.96,0.0,0.0
1777698857.6047814,33.3,3.96,0.0,0.0
1777698858.254821,33.3,3.96,0.0,0.0
1777698858.8856416,33.3,3.96,0.0,0.0
1777698859.5260296,33.3,3.96,0.0,0.0
1777698860.166226,33.3,3.96,0.0,0.0
1777698860.8025408,33.3,3.96,0.0,0.0
1777698861.437397,33.3,3.96,0.0,0.0
1777698862.0662909,33.3,3.96,0.0,0.0
1777698862.7316487,33.3,3.96,0.0,0.0
1777698863.371287,33.3,3.96,0.0,0.0
1777698864.0061934,33.3,3.96,0.0,0.0
1777698864.6880655,33.3,3.96,0.0,0.0
1777698865.3483212,33.3,3.96,0.0,0.0
1777698866.0000012,33.3,3.96,0.0,0.0
1777698866.6856844,33.3,3.96,0.0,0.0
1777698867.3645215,33.3,3.96,0.0,0.0
1777698868.0607004,33.3,3.96,0.0,0.0
1777698868.6965127,33.3,3.96,0.0,0.0
1777698869.3365967,33.3,3.96,0.0,0.0
1777698869.9798331,33.3,3.96,0.0,0.0
1777698870.636243,33.3,3.96,0.0,0.0
1777698871.275552,33.3,3.96,0.0,0.0
1777698871.917761,33.3,3.96,0.0,0.0
1777698872.5954275,33.3,3.96,0.0,0.0
1777698873.2455692,33.3,3.96,0.0,0.0
1777698873.9073145,33.3,3.96,0.0,0.0
1777698874.5653234,33.3,3.96,0.0,0.0
1777698875.2416263,33.3,3.96,0.0,0.0
1777698875.887258,33.3,3.96,0.0,0.0
1777698876.5548375,33.3,3.96,0.0,0.0
1777698877.2261963,33.3,3.96,0.0,0.0
1777698877.8804607,33.3,3.96,0.0,0.0
1777698878.547825,33.3,3.96,0.0,0.0
1777698879.218257,33.3,3.96,0.0,0.0
1777698879.8832338,33.3,3.96,0.0,0.0
1777698880.5467095,33.3,3.96,0.0,0.0
1777698881.1986182,33.3,3.96,0.0,0.0
1777698881.8635352,33.3,3.96,0.0,0.0
1777698882.535842,33.3,3.96,0.0,0.0
1777698883.2141795,33.3,3.96,0.0,0.0
1777698883.8533726,33.3,3.96,0.0,0.0
1777698884.5164692,33.3,3.96,0.0,0.0
1777698885.1962082,33.3,3.96,0.0,0.0
1777698885.902087,33.3,3.96,0.0,0.0
1777698886.567726,33.3,3.96,0.0,0.0
1777698887.2144516,33.3,3.96,0.0,0.0
1777698887.884481,33.3,3.96,0.0,0.0
1777698888.576511,33.3,3.96,0.0,0.0
1777698889.269462,33.3,3.96,0.0,0.0
1777698889.8992023,33.3,3.96,0.0,0.0
1777698890.5161502,33.3,3.96,0.0,0.0
1777698891.1497679,33.3,3.96,0.0,0.0
1777698891.7803571,33.3,3.96,0.0,0.0
1777698892.413009,33.3,3.96,0.0,0.0
1777698893.0370498,33.3,3.96,0.0,0.0
1777698893.6658618,33.3,3.96,0.0,0.0
1777698894.303357,33.3,3.96,0.0,0.0
1777698894.9428136,33.3,3.96,0.0,0.0
1777698895.56823,33.3,3.96,0.0,0.0
1777698896.19066,33.3,3.96,0.0,0.0
1777698896.8109078,33.3,3.96,0.0,0.0
1777698897.4363065,33.3,3.96,0.0,0.0
1777698898.0551972,33.3,3.96,0.0,0.0
1777698898.673663,33.3,3.96,0.0,0.0
1777698899.2922018,33.3,3.96,0.0,0.0
1777698899.9121797,33.3,3.96,0.0,0.0
1777698900.5337875,33.3,3.96,0.0,0.0
1777698901.1512136,33.3,3.96,0.0,0.0
1777698901.7754283,33.3,3.97,0.0,0.0
1777698902.4000654,33.3,3.97,0.0,0.0
1777698903.020997,33.3,3.97,0.0,0.0
1777698903.6370263,33.3,3.97,0.0,0.0
1777698904.2604325,33.3,3.97,0.0,0.0
1777698904.8939223,33.3,3.97,0.0,0.0
1777698905.5397804,33.3,3.97,0.0,0.0
1777698906.1705554,33.3,3.97,0.0,0.0
1777698906.8034873,33.3,3.97,0.0,0.0
1777698907.4325218,33.3,3.97,0.0,0.0
1777698908.067946,33.3,3.97,0.0,0.0
1777698908.7395191,33.3,3.97,0.0,0.0
1777698909.3961,33.3,3.97,0.0,0.0
1777698910.064787,33.3,3.97,0.0,0.0
1777698910.6995625,33.3,3.97,0.0,0.0
1777698911.319868,33.3,3.97,0.0,0.0
1777698911.9482353,33.3,3.97,0.0,0.0
1777698912.5758502,33.3,3.97,0.0,0.0
1777698913.2020478,33.3,3.97,0.0,0.0
1777698913.8298542,33.3,3.97,0.0,0.0
1777698914.4571514,33.3,3.97,0.0,0.0
1777698915.088012,33.3,3.97,0.0,0.0
1777698915.7202468,33.3,3.97,0.0,0.0
1777698916.3824086,33.3,3.97,0.0,0.0
1777699300.8706412,0,0,0,0
1777699302.585927,0,0,0,0
1777699303.396817,33.8,0.32,0.0,0.0
1777699303.9573805,33.8,0.62,0.0,0.0
1777699304.5199983,33.8,0.89,0.0,0.0
1777699305.087272,33.8,1.14,0.0,0.0
1777699305.6764202,33.5,1.37,0.0,0.0
1777699306.2393959,33.5,1.59,0.0,0.0
1777699306.8001645,33.5,1.78,0.0,0.0
1777699307.3675973,33.5,1.96,0.0,0.0
1777699307.9565372,33.7,2.13,0.0,0.0
1777699308.5194707,33.7,2.28,0.0,0.0
1777699309.0835197,33.7,2.42,0.0,0.0
1777699309.6476283,33.7,2.55,0.0,0.0
1777699310.232398,33.8,2.67,0.0,0.0
1777699310.7995958,33.8,2.78,0.0,0.0
1777699311.3648248,33.8,2.88,0.0,0.0
1777699311.9273908,33.8,2.97,0.0,0.0
1777699312.516665,33.8,3.05,0.0,0.0
1777699313.0797253,33.8,3.13,0.0,0.0
1777699313.6405995,33.8,3.2,0.0,0.0
1777699314.208626,33.8,3.27,0.0,0.0
1777699314.7945843,33.8,3.33,0.0,0.0
1777699315.3607817,33.8,3.39,0.0,0.0
1777699315.9246163,33.8,3.44,0.0,0.0
1777699316.4886837,33.8,3.48,0.0,0.0
1777699317.0767388,33.8,3.53,0.0,0.0
1777699317.6406999,33.8,3.57,0.0,0.0
1777699318.204733,33.8,3.6,0.0,0.0
1777699318.7718894,33.8,3.64,0.0,0.0
1777699319.356995,33.8,3.67,0.0,0.0
1777699320.058558,33.8,3.7,0.0,0.0
1777699320.742745,33.8,3.72,0.0,0.0
1777699321.4188783,33.8,3.75,0.0,0.0
1777699322.1040325,33.8,3.77,0.0,0.0
1777699322.7803392,33.8,3.79,0.0,0.0
1777699323.4500453,33.8,3.81,0.0,0.0
1777699324.1215475,33.8,3.83,0.0,0.0
1777699324.7994945,33.8,3.84,0.0,0.0
1777699325.4713452,33.8,3.86,0.0,0.0
1777699326.1540382,33.8,3.87,0.0,0.0
1777699326.838855,33.8,3.88,0.0,0.0
1777699327.5235357,33.8,3.9,0.0,0.0
1777699328.2262092,33.8,3.91,0.0,0.0
1777699328.9058685,33.8,3.92,0.0,0.0
1777699329.5789962,33.8,3.92,0.0,0.0
1777699330.2588992,33.8,3.93,0.0,0.0
1777699330.9398751,33.8,3.94,0.0,0.0
1777699331.632958,33.8,3.95,0.0,0.0
1777699332.3178766,33.8,3.95,0.0,0.0
1777699333.0082567,33.8,3.96,0.0,0.0
1777699333.6805305,33.8,3.97,0.0,0.0
1777699334.3549418,33.8,3.97,0.0,0.0
1777699335.0693107,33.8,3.97,0.0,0.0
1777699335.744754,33.8,3.98,0.0,0.0
1777699336.4158528,33.8,3.98,0.0,0.0
1777699337.0995514,33.8,3.99,0.0,0.0
1777699337.7757363,33.8,3.99,0.0,0.0
1777699338.4465249,33.8,3.99,0.0,0.0
1777699339.134676,33.8,4.0,0.0,0.0
1777699339.8143694,33.8,4.0,0.0,0.0
1777699340.4923484,33.8,4.0,0.0,0.0
1777699341.1783533,33.8,3.92,0.0,0.0
1777699341.850219,33.8,3.84,0.0,0.0
1777699342.5389636,33.8,3.77,0.0,0.0
1777699343.221675,33.8,3.72,0.0,0.0
1777699343.894339,33.8,3.68,0.0,0.0
1777699344.572185,33.8,3.64,0.0,0.0
1777699345.2478251,33.8,3.61,0.0,0.0
1777699345.9410331,33.8,3.58,0.0,0.0
1777699346.62662,33.8,3.55,0.0,0.0
1777699347.3092628,33.8,3.53,0.0,0.0
1777699347.984217,33.8,3.51,0.0,0.0
1777699348.654105,33.8,3.49,0.0,0.0
1777699349.33585,33.8,3.47,0.0,0.0
1777699350.0225651,33.8,3.46,0.0,0.0
1777699350.6958733,33.8,3.44,0.0,0.0
1777699351.3678389,33.8,3.43,0.0,0.0
1777699352.051338,33.8,3.41,0.03,0.0
1777699352.7294717,33.8,3.41,0.08,0.0
1777699353.400463,33.8,3.4,0.11,1.02
1777699354.0902045,33.8,3.39,0.13,1.02
1777699354.7769961,33.8,3.38,0.15,1.01
1777699355.4471145,33.8,3.37,0.17,1.01
1777699356.1214252,33.8,3.37,0.18,1.01
1777699356.7995427,33.8,3.36,0.19,1.01
1777699357.4856706,33.8,3.36,0.19,1.01
1777699358.1683338,33.8,3.35,0.2,1.01
1777699358.8466191,33.8,3.35,0.2,1.0
1777699359.5358837,33.8,3.34,0.21,1.0
1777699360.212485,33.8,3.34,0.22,1.0
1777699360.901368,33.8,3.34,0.23,1.0
1777699361.586325,33.8,3.33,0.23,1.0
1777699362.280999,33.8,3.33,0.23,1.0
1777699362.968529,33.8,3.32,0.22,1.0
1777699363.6552577,33.8,3.32,0.22,1.0
1777699364.3378198,33.8,3.32,0.23,1.0
1777699365.0108826,33.8,3.32,0.25,0.99
1777699365.6905982,33.8,3.31,0.26,0.99
1777699366.3661883,33.8,3.31,0.28,0.99
1777699367.041482,33.8,3.31,0.28,0.99
1777699367.7287426,33.8,3.31,0.28,0.99
1777699368.425351,33.8,3.3,0.28,0.99
1777699369.0988503,33.8,3.3,0.28,0.99
1777699369.7797935,33.8,3.3,0.27,0.99
1777699370.4586694,33.8,3.3,0.26,0.99
1777699371.1371498,33.8,3.3,0.24,0.99
1777699371.8322105,33.8,3.3,0.24,0.99
1777699372.5078807,33.8,3.3,0.25,0.99
1777699373.1833107,33.8,3.3,0.26,0.99
1777699373.863681,33.8,3.3,0.26,0.99
1777699374.5370464,33.8,3.3,0.27,0.99
1777699375.2106075,33.8,3.3,0.28,0.99
1777699375.8881123,33.8,3.3,0.28,0.99
1777699376.5604625,33.8,3.3,0.27,0.99
1777699377.2371333,33.8,3.3,0.27,0.99
1777699377.9190757,33.8,3.3,0.25,0.99
1777699378.6021152,33.8,3.3,0.26,0.99
1777699379.276029,33.8,3.3,0.25,0.99
1777699379.9500191,33.8,3.3,0.27,0.99
1777699380.6796954,33.8,3.3,0.26,0.99
1777699381.371088,33.8,3.3,0.25,0.99
1777699382.0539706,33.8,3.3,0.25,0.99
1777699382.7376494,33.8,3.3,0.25,0.99
1777699383.409524,33.8,3.3,0.25,0.99
1777699384.088078,33.8,3.29,0.26,0.99
1777699384.7703059,33.8,3.29,0.29,0.99
1777699385.4489121,33.8,3.3,0.31,0.99
1777699386.1314437,33.8,3.3,0.3,0.99
1777699386.8064644,33.8,3.3,0.28,0.99
1777699387.496724,33.8,3.29,0.28,0.99
1777699388.1696143,33.8,3.3,0.27,0.99
1777699388.86592,33.8,3.3,0.25,0.99
1777699389.5479784,33.8,3.3,0.24,0.99
1777699390.2243385,33.8,3.3,0.23,0.99
1777699390.8960812,33.8,3.3,0.25,0.99
1777699391.5910861,33.8,3.3,0.27,0.99
1777699392.26672,33.8,3.3,0.29,0.99
1777699392.9580996,33.8,3.3,0.31,0.99
1777699393.6439579,33.8,3.3,0.33,0.99
1777699394.3208869,33.8,3.3,0.35,0.99
1777699394.9932468,33.8,3.3,0.36,0.99
1777699395.6843755,33.8,3.3,0.36,0.99
1777699396.359177,33.8,3.3,0.37,0.99
1777699397.0438535,33.8,3.3,0.34,0.99
1777699397.7270298,33.8,3.3,0.3,0.99
1777699398.406501,33.8,3.35,0.26,1.01
1777699399.0800815,33.8,3.41,0.22,1.02
1777699399.7586076,33.8,3.45,0.17,1.04
1777699400.4323428,33.8,3.5,0.13,1.05
1777699401.104361,33.8,3.54,0.09,0.0
1777699401.7860816,33.8,3.58,0.07,0.0
1777699402.4657156,33.8,3.61,0.05,0.0
1777699403.1383183,33.8,3.64,0.04,0.0
1777699405.6799076,33.8,3.68,0.03,0.0
1777699406.6498094,33.8,3.71,0.02,0.0
1777699407.7310648,33.8,3.73,0.02,0.0
1777699408.8118882,33.8,3.75,0.01,0.0
1777699409.8655875,33.8,3.77,0.01,0.0
1777699410.9141016,33.8,3.79,0.01,0.0
1777699411.9022548,33.8,3.81,0.01,0.0
1777699412.9547646,33.8,3.82,0.0,0.0
1777699414.0200126,33.8,3.83,0.0,0.0
1777699415.0850549,33.8,3.85,0.0,0.0
1777699416.1788678,33.8,3.86,0.0,0.0
1777699417.24639,33.8,3.87,0.0,0.0
1777699418.34792,33.8,3.87,0.0,0.0
1777699419.4509764,33.8,3.88,0.0,0.0
1777699420.4781663,33.8,3.89,0.0,0.0
1777699421.4950213,33.8,3.9,0.0,0.0
1777699422.5201616,33.8,3.9,0.0,0.0
1777699423.5915706,33.8,3.91,0.0,0.0
1777699424.667657,33.8,3.91,0.0,0.0
1777699425.7304437,33.8,3.92,0.0,0.0
1777699426.8217564,33.8,3.92,0.0,0.0
1777699427.911683,33.8,3.93,0.0,0.0
1777699428.9926908,33.8,3.93,0.0,0.0
1777699430.0716448,33.8,3.94,0.0,0.0
1777699431.1025488,33.8,3.94,0.0,0.0
1777699432.197374,33.8,3.94,0.0,0.0
1777699433.2918959,33.8,3.94,0.0,0.0
1777699434.395083,33.8,3.94,0.0,0.0
1777699435.4441297,33.8,3.95,0.0,0.0
1777699436.4216304,33.8,3.95,0.0,0.0
1777699437.4249852,33.8,3.95,0.0,0.0
1777699438.4954417,33.8,3.95,0.0,0.0
1777699439.5574996,33.8,3.95,0.0,0.0
1777699440.6135924,33.8,3.95,0.0,0.0
1777699441.680753,33.8,3.95,0.0,0.0
1777699442.771349,33.8,3.95,0.0,0.0
1777699443.8555818,33.8,3.96,0.0,0.0
1777699444.9556081,33.8,3.96,0.0,0.0
1777699446.0023885,33.8,3.96,0.0,0.0
1777699447.1056814,33.8,3.96,0.0,0.0
1777699448.1809525,33.8,3.96,0.0,0.0
1777699449.2595763,33.8,3.96,0.0,0.0
1777699450.332096,33.8,3.96,0.0,0.0
1777699451.4180992,33.8,3.96,0.0,0.0
1777699452.5005703,33.8,3.96,0.0,0.0
1777699453.5465448,33.8,3.96,0.0,0.0
1777699454.632375,33.8,3.96,0.0,0.0
1777699455.701668,33.8,3.96,0.0,0.0
1777699456.7957606,33.8,3.96,0.0,0.0
1777699457.881299,33.8,3.96,0.0,0.0
1777699458.9599319,33.8,3.96,0.0,0.0
1777699460.0000508,33.8,3.96,0.0,0.0
1777699461.0141053,33.8,3.96,0.0,0.0
1777699462.0178707,33.8,3.96,0.0,0.0
1777699463.1003983,33.8,3.96,0.0,0.0
1777699464.1770208,33.8,3.96,0.0,0.0
1777699465.2611659,33.8,3.96,0.0,0.0
1777699466.3273344,33.8,3.96,0.0,0.0
1777699467.4158807,33.8,3.96,0.0,0.0
1777699468.5025828,33.8,3.96,0.0,0.0
1777699469.5974824,33.8,3.96,0.0,0.0
1777699470.6864133,33.8,3.96,0.0,0.0
1777699471.7780945,33.8,3.96,0.0,0.0
1777699472.863986,33.8,3.96,0.0,0.0
1777699473.9572122,33.8,3.96,0.0,0.0
1777699475.0405238,33.8,3.96,0.0,0.0
1777699476.1358392,33.8,3.96,0.0,0.0
1777699477.2081237,33.8,3.96,0.0,0.0
1777699478.386453,33.8,3.96,0.0,0.0
1777699479.4382236,33.8,3.96,0.0,0.0
1777699480.5343459,33.8,3.96,0.0,0.0
1777699481.5887332,33.8,3.96,0.0,0.0
1777699482.6336014,33.8,3.96,0.0,0.0
1777699483.6880503,33.8,3.96,0.0,0.0
1777699484.7865188,33.8,3.96,0.0,0.0
1777699485.862117,33.8,3.96,0.0,0.0
1777699486.9662006,33.8,3.96,0.0,0.0
1777699488.03482,33.8,3.96,0.0,0.0
1777699489.1313856,33.8,3.96,0.0,0.0
1777699490.223302,33.8,3.96,0.0,0.0
1777699491.330522,33.3,3.96,0.0,0.0
1777699492.431323,33.3,3.96,0.0,0.0
1777699493.4400437,33.3,3.96,0.0,0.0
1777699494.4932106,33.3,3.96,0.0,0.0
1777699495.564068,33.3,3.96,0.0,0.0
1777699496.6109812,33.3,3.96,0.0,0.0
1777699497.688855,33.3,3.97,0.0,0.0
1777699498.7300162,33.3,3.97,0.0,0.0
1777699499.8129804,33.3,3.97,0.0,0.0
1777699500.9031718,33.3,3.97,0.0,0.0
1777699501.9876273,33.3,3.97,0.0,0.0
1777699503.071511,33.3,3.97,0.0,0.0
1777699504.1707363,33.3,3.97,0.0,0.0
1777699505.2613556,33.3,3.97,0.0,0.0
1777699506.3576283,33.3,3.97,0.0,0.0
1777699507.444134,33.3,3.97,0.0,0.0
1777699508.4233353,33.3,3.97,0.0,0.0
1777699509.4364152,33.3,3.97,0.0,0.0
1777699510.4994373,33.3,3.97,0.0,0.0
1777699511.483657,33.3,3.97,0.0,0.0
1777699512.5053701,32.8,3.97,0.0,0.0
1777699513.6013272,32.8,3.97,0.0,0.0
1777699514.6466243,32.8,3.97,0.0,0.0
1777699515.742723,32.8,3.97,0.0,0.0
1777699516.8309765,32.8,3.97,0.0,0.0
1777699517.9291885,32.8,3.97,0.0,0.0
1777699519.013065,32.8,3.97,0.0,0.0
1777699520.0974386,32.8,3.97,0.0,0.0
1777699521.1972933,32.8,3.97,0.0,0.0
1777699522.284494,32.8,3.97,0.0,0.0
1777699523.2770677,32.8,3.97,0.0,0.0
1777699524.3222241,32.8,3.97,0.0,0.0
1777699525.4023514,32.8,3.97,0.0,0.0
1777699526.4662538,32.8,3.97,0.0,0.0
1777699527.5374606,32.8,3.97,0.0,0.0
1777699528.5749824,32.8,3.97,0.0,0.0
1777699529.6315644,32.8,3.97,0.0,0.0
1777699530.70197,32.8,3.97,0.0,0.0
1777699531.7845812,32.8,3.97,0.0,0.0
1777699532.8624349,32.8,3.97,0.0,0.0
1777699533.9463258,32.6,3.97,0.0,0.0
1777699534.9427724,32.6,3.97,0.0,0.0
1777699535.9648252,32.6,3.97,0.0,0.0
1777699537.008258,32.6,3.97,0.0,0.0
1777699538.0703795,32.3,3.98,0.0,0.0
1777699539.1198494,32.3,3.98,0.0,0.0
1777699540.2004888,32.3,3.98,0.0,0.0
1777699541.3029435,32.3,3.98,0.0,0.0
1777699542.3941393,32.3,3.98,0.0,0.0
1777699543.4731956,32.3,3.98,0.0,0.0
1777699544.5604796,32.3,3.98,0.0,0.0
1777699545.6119974,32.3,3.98,0.0,0.0
1777699546.7048879,32.3,3.98,0.0,0.0
1777699547.7941933,32.3,3.98,0.0,0.0
1777699548.900348,32.3,3.98,0.0,0.0
1777699549.9649415,32.3,3.98,0.0,0.0
1777699551.035432,32.3,3.98,0.0,0.0
1777699552.1301172,32.3,3.98,0.0,0.0
1777699553.223153,32.3,3.98,0.0,0.0
1777699554.3236284,32.3,3.98,0.0,0.0
1777699555.396931,32.3,3.98,0.0,0.0
1777699556.4710894,32.3,3.98,0.0,0.0
1777699557.54353,32.3,3.98,0.0,0.0
1777699558.6192598,32.3,3.98,0.0,0.0
1777699559.6455703,31.9,3.98,0.0,0.0
1777699560.6780927,31.9,3.98,0.0,0.0
1777699561.5297651,31.9,3.98,0.0,0.0
1777699562.37365,31.9,3.98,0.0,0.0
1777699563.0483599,31.8,3.98,0.0,0.0
1777699563.709769,31.8,3.98,0.0,0.0
1777699564.370731,31.8,3.98,0.0,0.0
1777699565.0355408,31.8,3.98,0.0,0.0
1777699565.6850011,31.8,3.98,0.0,0.0
1777699566.496112,31.8,3.98,0.0,0.0
1777699567.2230759,31.8,3.98,0.0,0.0
1777699567.965612,31.8,3.98,0.0,0.0
1777699568.7208428,31.8,3.98,0.0,0.0
1777699569.4881165,31.8,3.98,0.0,0.0
1777699570.2383153,31.8,3.98,0.0,0.0
1777699570.9958534,31.8,3.98,0.0,0.0
1777699571.7582126,31.8,3.98,0.0,0.0
1777699572.5084517,31.8,3.98,0.0,0.0
1777699573.2725708,31.8,3.98,0.0,0.0
1777699574.055382,31.8,3.98,0.0,0.0
1777699574.8154032,31.8,3.98,0.0,0.0
1777699575.5622506,31.8,3.98,0.0,0.0
1777699576.3290849,31.8,3.98,0.0,0.0
1777699577.0699883,31.8,3.98,0.0,0.0
1777699577.840259,31.8,3.98,0.0,0.0
1777699578.591978,31.8,3.98,0.0,0.0
1777699579.362336,31.8,3.98,0.0,0.0
1777699580.1136184,31.8,3.98,0.0,0.0
1777699580.8733706,31.3,3.98,0.0,0.0
1777699581.6268122,31.3,3.98,0.0,0.0
1777699582.4052787,31.3,3.98,0.0,0.0
1777699583.169167,31.3,3.98,0.0,0.0
1777699583.9330864,31.3,3.98,0.0,0.0
1777699585.0288384,31.3,3.98,0.0,0.0
1777699586.1000705,31.3,3.98,0.0,0.0
1777699587.0822845,31.3,3.98,0.0,0.0
1777699588.1597168,31.3,3.98,0.0,0.0
1777699589.20474,31.3,3.98,0.0,0.0
1777699590.2738998,31.3,3.99,0.0,0.0
1777699591.3568406,31.3,3.99,0.0,0.0
1777699592.44179,31.3,3.98,0.0,0.0
1777699593.5086617,31.3,3.98,0.0,0.0
1777699594.547889,31.3,3.98,0.0,0.0
1777699595.622032,31.3,3.98,0.0,0.0
1777699596.6697388,31.3,3.98,0.0,0.0
1777699597.7106369,31.3,3.98,0.0,0.0
1777699598.7004037,31.3,3.98,0.0,0.0
1777699599.7361922,31.3,3.98,0.0,0.0
1777699600.8176339,31.3,3.98,0.0,0.0
1777699601.895057,31.3,3.98,0.0,0.0
1777699602.9576373,31.3,3.98,0.0,0.0
1777699604.0368197,31.3,3.98,0.0,0.0
1777699605.1404562,31.3,3.98,0.0,0.0
1777699606.2346916,31.3,3.98,0.0,0.0
1777699607.3104775,31.3,3.98,0.0,0.0
1777699608.3621488,31.3,3.98,0.0,0.0
1777699609.4465964,31.2,3.98,0.0,0.0
1777699610.5093174,31.2,3.98,0.0,0.0
1777699611.5369468,31.2,3.98,0.0,0.0
1777699612.5065403,31.2,3.98,0.0,0.0
1777699613.5082886,30.8,3.98,0.0,0.0
1777699614.5709622,30.8,3.98,0.0,0.0
1777699615.630292,30.8,3.98,0.0,0.0
1777699616.685458,30.8,3.98,0.0,0.0
1777699617.7707207,30.8,3.98,0.0,0.0
1777699618.873646,30.8,3.98,0.0,0.0
1777699619.8988113,30.8,3.98,0.0,0.0
1777699620.9199214,30.8,3.98,0.0,0.0
1777699622.0112846,30.8,3.98,0.0,0.0
1777699623.022939,30.8,3.98,0.0,0.0
1777699624.047116,30.8,3.98,0.0,0.0
1777699625.0635757,30.8,3.98,0.0,0.0
1777699626.065304,30.8,3.98,0.0,0.0
1777699627.091207,30.8,3.98,0.0,0.0
1777699628.0905108,30.8,3.98,0.0,0.0
1777699629.1512487,30.8,3.98,0.0,0.0
1777699630.2504423,30.8,3.98,0.0,0.0
1777699631.3362596,30.8,3.98,0.0,0.0
1777699632.4055521,30.8,3.98,0.0,0.0
1777699633.4362195,30.8,3.98,0.0,0.0
1777699634.4446328,30.8,3.98,0.0,0.0
1777699635.4805372,30.8,3.98,0.0,0.0
1777699636.4722748,30.8,3.98,0.0,0.0
1777699637.4953287,30.8,3.98,0.0,0.0
1777699638.4783719,30.8,3.98,0.0,0.0
1777699639.5011013,30.8,3.98,0.0,0.0
1777699640.548389,30.8,3.98,0.0,0.0
1777699641.5996075,30.8,3.98,0.0,0.0
1777699642.663752,30.8,3.98,0.0,0.0
1777699643.753103,30.8,3.98,0.0,0.0
1777699644.8265421,30.8,3.98,0.0,0.0
1777699645.89011,30.8,3.98,0.0,0.0
1777699646.9238117,30.2,3.98,0.0,0.0
1777699647.9819694,30.2,3.98,0.0,0.0
1777699649.065447,30.2,3.98,0.0,0.0
1777699650.147364,30.2,3.98,0.0,0.0
1777699651.2343845,30.2,3.98,0.0,0.0
1777699652.3366878,30.2,3.98,0.0,0.0
1777699653.3983767,30.2,3.98,0.0,0.0
1777699654.4249878,30.2,3.98,0.0,0.0
1777699655.4591608,30.2,3.98,0.0,0.0
1777699656.49604,30.2,3.98,0.0,0.0
1777699657.5724876,30.2,3.98,0.0,0.0
1777699658.5412278,30.2,3.98,0.0,0.0
1777699659.5725727,30.2,3.98,0.0,0.0
1777699660.623638,30.2,3.98,0.0,0.0
1777699661.62019,30.2,3.98,0.0,0.0
1777699662.6139333,30.2,3.98,0.0,0.0
1777699663.665346,30.2,3.98,0.0,0.0
1777699664.7105112,30.2,3.98,0.0,0.0
1777699665.7797124,30.2,3.98,0.0,0.0
1777699666.8600538,30.2,3.98,0.0,0.0
1777699667.9399424,30.2,3.98,0.0,0.0
1777699669.0270822,30.2,3.98,0.0,0.0
1777699670.134354,30.2,3.98,0.0,0.0
1777699671.2198937,30.2,3.98,0.0,0.0
1777699672.3076031,30.2,3.98,0.0,0.0
1777699673.3954942,30.2,3.98,0.0,0.0
1777699674.460257,30.2,3.98,0.0,0.0
1777699675.524339,30.2,3.98,0.0,0.0
1777699676.6095896,30.2,3.98,0.0,0.0
1777699677.7378716,30.2,3.98,0.0,0.0
1777699678.8155699,30.2,3.98,0.0,0.0
1777699679.898696,30.2,3.98,0.0,0.0
1777699681.0025518,30.2,3.98,0.0,0.0
1777699682.0966122,30.2,3.98,0.0,0.0
1777699683.133285,30.2,3.98,0.0,0.0
1777699684.148223,30.2,3.98,0.0,0.0
1777699685.1872227,30.2,3.98,0.0,0.0
1777699686.2188883,30.2,3.98,0.0,0.0
1777699687.215288,30.2,3.98,0.0,0.0
1777699688.2027483,30.2,3.98,0.0,0.0
1777699689.2603652,0.0,3.98,0.0,0.0
1777699690.3312325,0.0,3.98,0.0,0.0
1777699691.4080565,0.0,3.98,0.0,0.0
1777699692.4592497,0.0,3.98,0.0,0.0
1777699693.530165,0.0,3.98,0.0,0.0
1777699694.5586107,0.0,3.98,0.0,0.0
1777699695.620359,0.0,3.98,0.0,0.0
1777699696.6278312,0.0,3.98,0.0,0.0
1777699697.6424427,30.2,3.98,0.0,0.0
1777699698.731269,30.2,3.98,0.0,0.0
1777699699.7394142,30.2,3.97,0.0,0.0
1777699700.766133,30.2,3.96,0.0,0.0
1777699701.7791028,29.8,3.96,0.0,0.0
1777699702.891342,29.8,3.96,0.0,0.0
1777699703.99034,29.8,3.96,0.0,0.0
1777699705.0404944,29.8,3.96,0.0,0.0
1777699706.0794291,29.8,3.96,0.0,0.0
1777699707.0801015,29.8,3.96,0.05,0.0
1777699708.0644367,29.8,3.96,0.1,1.19
1777699709.0510564,29.8,3.96,0.13,1.19
1777699710.0491183,0.0,3.96,0.14,1.19
1777699711.0541918,0.0,3.96,0.13,1.19
1777699712.0925264,0.0,3.96,0.1,0.0
1777699713.0841112,0.0,3.96,0.07,0.0
1777699714.1338012,0.0,3.96,0.05,0.0
1777699715.12381,0.0,3.96,0.04,0.0
1777699716.142276,0.0,3.96,0.03,0.0
1777699717.2029574,0.0,3.96,0.02,0.0
1777699718.2444317,0.0,3.96,0.02,0.0
1777699719.2882004,0.0,3.96,0.01,0.0
1777699720.3465426,0.0,3.96,0.01,0.0
1777699721.3857894,0.0,3.96,0.01,0.0
1777699722.417079,0.0,3.97,0.01,0.0
1777699723.441344,0.0,3.97,0.0,0.0
1777699724.473439,0.0,3.97,0.0,0.0
1777699725.5403767,0.0,3.97,0.0,0.0
1777699726.5398219,29.8,3.97,0.0,0.0
1777699727.6028016,29.8,3.97,0.0,0.0
1777699728.6967382,29.8,3.98,0.0,0.0
1777699729.720307,29.8,3.98,0.0,0.0
1777699730.7535255,29.4,3.98,0.0,0.0
1777699731.8174882,29.4,3.98,0.0,0.0
1777699732.8920512,29.4,3.98,0.0,0.0
1777699734.0147052,29.4,3.98,0.0,0.0
1777699735.0873084,29.3,3.98,0.0,0.0
1777699736.1649415,29.3,3.98,0.0,0.0
1777699737.1996632,29.3,3.98,0.0,0.0
1777699738.2413623,29.3,3.98,0.0,0.0
1777699739.2702882,29.3,3.98,0.0,0.0
1777699740.267236,29.3,3.98,0.0,0.0
1777699741.300167,29.3,3.98,0.0,0.0
1777699742.486832,29.3,3.98,0.0,0.0
1777699743.535624,29.3,3.98,0.0,0.0
1777699744.6168685,29.3,3.98,0.0,0.0
1777699745.665335,29.3,3.98,0.0,0.0
1777699747.7293494,29.3,3.98,0.0,0.0
1777699749.7326167,29.3,3.98,0.0,0.0
1777699751.780527,29.3,3.98,0.0,0.0
1777699753.7793055,29.3,3.98,0.0,0.0
1777699755.7726877,29.3,3.98,0.0,0.0
1777699757.7576625,29.3,3.98,0.0,0.0
1777699759.738627,29.3,3.98,0.0,0.0
1777699761.73419,29.3,3.98,0.0,0.0
1777699763.7242956,29.3,3.98,0.0,0.0
1777699765.7440684,29.3,3.98,0.0,0.0
1777699767.784382,29.3,3.98,0.0,0.0
1777699769.801543,29.3,3.98,0.0,0.0
1777699771.8436093,29.3,3.98,0.0,0.0
1777699773.8576996,29.3,3.98,0.0,0.0
1777699775.8671792,29.3,3.98,0.0,0.0
1777699777.8954356,29.3,3.98,0.0,0.0
1777699779.9306242,29.3,3.98,0.0,0.0
1777699781.973823,29.3,3.98,0.0,0.0
1777699783.967615,29.3,3.98,0.0,0.0
1777699786.045491,29.3,3.98,0.0,0.0
1777699788.0687556,29.3,3.98,0.0,0.0
1777699790.078877,29.3,3.98,0.0,0.0
1777699792.1671698,29.3,3.98,0.0,0.0
1777699794.243814,29.3,3.98,0.0,0.0
1777699796.2556055,29.3,3.98,0.0,0.0
1777699798.2701342,29.3,3.98,0.0,0.0
1777699800.2778134,29.3,3.98,0.0,0.0
1777699802.3543665,29.3,3.98,0.0,0.0
1777699804.347936,29.3,3.98,0.0,0.0
1777699806.3512175,29.3,3.98,0.0,0.0
1777699808.391721,29.3,3.98,0.0,0.0
1777699810.3747036,29.3,3.98,0.0,0.0
1777699812.367927,29.3,3.98,0.0,0.0
1777699814.3675847,29.3,3.98,0.0,0.0
1777699816.3646631,29.3,3.98,0.0,0.0
1777699818.3526597,29.3,3.98,0.0,0.0
1777699820.3412154,29.3,3.98,0.0,0.0
1777699822.3540573,29.3,3.98,0.0,0.0
1777699824.3441365,29.3,3.98,0.0,0.0
1777699826.3368602,29.3,3.98,0.0,0.0
1777699828.394929,29.3,3.98,0.0,0.0
1777699830.4672832,29.3,3.98,0.0,0.0
1777699832.4500504,29.3,3.98,0.0,0.0
1777699834.439332,29.3,3.98,0.0,0.0
1777699836.4314241,29.3,3.98,0.0,0.0
1777699838.4509258,29.3,3.98,0.0,0.0
1777699840.4597893,29.3,3.98,0.0,0.0
1777699842.4338431,29.3,3.98,0.0,0.0
1777699844.4171853,29.3,3.98,0.0,0.0
1777699846.4078243,29.3,3.98,0.0,0.0
1777699848.424256,29.3,3.98,0.0,0.0
1777699850.4314468,29.3,3.98,0.0,0.0
1777699852.4326217,29.3,3.98,0.0,0.0
1777699854.452398,29.3,3.98,0.0,0.0
1777699856.4588764,29.3,3.98,0.0,0.0
1777699858.4552712,29.3,3.98,0.0,0.0
1777699860.4389353,29.3,3.98,0.0,0.0
1777699862.4520965,29.3,3.98,0.0,0.0
1777699864.4506059,29.3,3.98,0.0,0.0
1777699866.439355,29.3,3.98,0.0,0.0
1777699868.4224205,29.3,3.98,0.0,0.0
1777699870.4119444,29.3,3.98,0.0,0.0
1777699872.4335053,29.3,3.98,0.0,0.0
1777699874.4445233,29.3,3.98,0.0,0.0
1777699876.4539986,29.3,3.98,0.0,0.0
1777699878.456081,29.3,3.98,0.0,0.0
1777699880.4421494,29.3,3.98,0.0,0.0
1777699882.433575,29.3,3.98,0.0,0.0
1777699884.425037,29.3,3.98,0.0,0.0
1777699886.4281814,29.3,3.98,0.0,0.0
1777699888.4446852,29.3,3.98,0.0,0.0
1777699890.4328468,29.3,3.98,0.0,0.0
1777699892.457066,29.3,3.98,0.0,0.0
1777699894.4587958,29.3,3.98,0.0,0.0
1777699896.4463756,29.3,3.98,0.0,0.0
1777699898.4546676,29.3,3.98,0.0,0.0
1777699900.4516332,29.3,3.98,0.0,0.0
1777699902.4398396,29.3,3.98,0.0,0.0
1777699904.4414372,29.3,3.98,0.0,0.0
1777699906.4655669,29.3,3.98,0.0,0.0
1777699908.4685605,29.3,3.98,0.0,0.0
1777699910.4783309,29.3,3.98,0.0,0.0
1777699912.4989898,29.3,3.98,0.0,0.0
1777699914.5570326,29.3,3.98,0.0,0.0
1777699916.6362953,29.3,3.98,0.0,0.0
1777699918.655717,29.3,3.98,0.0,0.0
1777699920.6767926,29.3,3.98,0.0,0.0
1777699922.6848078,29.3,3.98,0.0,0.0
1777699924.7534068,29.3,3.98,0.0,0.0
1777699926.767711,29.3,3.98,0.0,0.0
1777699928.7865465,29.3,3.98,0.0,0.0
1777699930.8466377,29.3,3.98,0.0,0.0
1777699932.8844526,29.3,3.98,0.0,0.0
1777699934.882043,29.3,3.98,0.0,0.0
1777699936.8981557,29.3,3.98,0.0,0.0
1777699938.8933096,29.3,3.98,0.0,0.0
1777699940.9691563,29.3,3.98,0.0,0.0
1777699943.001853,29.3,3.98,0.0,0.0
1777699945.0633273,29.3,3.98,0.0,0.0
1777699947.089268,29.3,3.98,0.0,0.0
1777699949.0927613,29.3,3.98,0.0,0.0
1777699951.151335,29.3,3.98,0.0,0.0
1777699953.1462643,29.3,3.98,0.0,0.0
1777699955.1793506,29.3,3.98,0.0,0.0
1777699957.1871412,29.3,3.98,0.0,0.0
1777699959.2251415,29.3,3.98,0.0,0.0
1777699961.2458835,29.3,3.98,0.0,0.0
1777699963.2522542,29.3,3.98,0.0,0.0
1777699965.2652807,29.3,3.98,0.0,0.0
1777699967.306428,29.3,3.98,0.0,0.0
1777699969.3376892,29.3,3.98,0.0,0.0
1777699971.3531234,29.3,3.98,0.0,0.0
1777699973.3614216,29.3,3.98,0.0,0.0
1777699975.3550584,29.3,3.98,0.0,0.0
1777699977.3533602,29.3,3.98,0.0,0.0
1777699979.3433528,29.3,3.98,0.0,0.0
1777699981.3325846,29.3,3.98,0.0,0.0
1777699983.3747816,29.3,3.98,0.0,0.0
1777699985.3814065,29.3,3.98,0.0,0.0
1777699987.3835707,29.3,3.98,0.0,0.0
1777699989.3983793,29.3,3.98,0.0,0.0
1777699991.4144027,29.3,3.98,0.0,0.0
1777699993.4190466,29.3,3.98,0.0,0.0
1777699995.447369,29.3,3.98,0.0,0.0
1777699997.5191176,29.3,3.98,0.0,0.0
1777699999.6326554,29.3,3.98,0.0,0.0
1777700001.7729392,29.3,3.98,0.0,0.0
1777700003.7899158,29.3,3.98,0.0,0.0
1777700005.8549695,29.3,3.98,0.0,0.0
1777700007.8403492,29.3,3.98,0.0,0.0
1777700009.8223531,29.3,3.98,0.0,0.0
1777700011.803423,29.3,3.98,0.0,0.0
1777700013.8753293,29.3,3.98,0.0,0.0
1777700015.9916868,29.3,3.98,0.0,0.0
1777700017.9904475,29.3,3.98,0.0,0.0
1777700019.9885008,29.3,3.98,0.0,0.0
1777700021.9978523,29.3,3.98,0.0,0.0
1777700023.9750645,29.3,3.98,0.0,0.0
1777700025.9577723,29.3,3.98,0.0,0.0
1777700027.9372952,29.3,3.98,0.0,0.0
1777700029.9165783,29.3,3.98,0.0,0.0
1777700031.905328,29.3,3.98,0.0,0.0
1777700033.871907,29.3,3.98,0.0,0.0
1777700035.8530903,29.3,3.98,0.0,0.0
1777700038.0324965,29.3,3.98,0.0,0.0
1777700040.0218399,29.3,3.98,0.0,0.0
1777700042.015418,29.3,3.98,0.0,0.0
1777700044.002004,29.3,3.98,0.0,0.0
1777700045.993198,29.3,3.98,0.0,0.0
1777700047.9819007,29.3,3.98,0.0,0.0
1777700049.989452,29.3,3.98,0.0,0.0
1777700051.970106,29.3,3.98,0.0,0.0
1777700053.9612465,29.3,3.98,0.0,0.0
1777700055.942009,29.3,3.98,0.0,0.0
1777700057.9435587,29.3,3.98,0.0,0.0
1777700059.929992,29.3,3.98,0.0,0.0
1777700061.8998692,29.3,3.98,0.0,0.0
1777700063.9007423,29.3,3.98,0.0,0.0
1777700065.9197047,29.3,3.98,0.0,0.0
1777700068.0477839,29.3,3.98,0.0,0.0
1777700070.1183534,29.3,3.98,0.0,0.0
1777700072.2840497,29.3,3.98,0.0,0.0
1777700074.2872527,29.3,3.98,0.0,0.0
1777700076.448858,29.3,3.98,0.0,0.0
1777700078.581908,29.3,3.98,0.0,0.0
1777700080.7784371,29.3,3.98,0.0,0.0
1777700082.8109555,29.3,3.98,0.0,0.0
1777700084.81372,29.3,3.98,0.0,0.0
1777700086.8008575,29.3,3.98,0.0,0.0
1777700088.7930326,29.3,3.98,0.0,0.0
1777700090.905999,29.3,3.98,0.0,0.0
1777700093.173634,29.3,3.98,0.0,0.0
1777700095.2457361,29.3,3.98,0.0,0.0
1777700097.355456,29.3,3.98,0.0,0.0
1777700099.4215271,29.3,3.98,0.0,0.0
1777700101.4297473,29.3,3.98,0.0,0.0
1777700103.3989308,29.3,3.98,0.0,0.0
1777700105.4408333,29.3,3.98,0.0,0.0
1777700107.4408967,29.3,3.98,0.0,0.0
1777700109.4607854,29.3,3.98,0.0,0.0
1777700111.4779317,29.3,3.98,0.0,0.0
1777700113.4749274,29.3,3.98,0.0,0.0
1777700115.5049026,29.3,3.98,0.0,0.0
1777700117.4740562,29.3,3.98,0.0,0.0
1777702505.931269,0,0,0,0
1777702508.4567268,0,0,0,0
1777702509.110769,28.9,0.62,0.0,0.0
1777702509.7839491,28.9,0.89,0.0,0.0
1777702510.4985094,28.9,1.14,0.0,0.0
1777702511.2496502,28.9,1.38,0.0,0.0
1777702512.0261993,28.9,1.59,0.0,0.0
1777702512.8043115,28.9,1.78,0.0,0.0
1777702513.5730264,28.9,1.96,0.0,0.0
1777702514.3241901,28.9,2.13,0.0,0.0
1777702515.0704691,28.9,2.28,0.0,0.0
1777702515.8525286,28.9,2.42,0.0,0.0
1777702516.5015287,28.9,2.55,0.0,0.0
1777702517.252174,28.9,2.67,0.0,0.0
1777702517.9722457,28.9,2.78,0.0,0.0
1777702518.6671112,28.9,2.88,0.0,0.0
1777702519.3687963,28.9,2.97,0.0,0.0
1777702520.0720527,28.9,3.06,0.0,0.0
1777702520.8210828,28.9,3.14,0.0,0.0
1777702521.5168402,28.9,3.21,0.0,0.0
1777702522.3384707,28.9,3.27,0.0,0.0
1777702523.1210313,28.9,3.33,0.0,0.0
1777702523.8491757,28.9,3.39,0.0,0.0
1777702524.6522617,28.9,3.44,0.0,0.0
1777702525.367434,28.9,3.49,0.0,0.0
1777702526.071141,28.9,3.53,0.0,0.0
1777702526.8263159,28.9,3.57,0.0,0.0
1777702527.5214732,28.9,3.61,0.0,0.0
1777702528.2517605,28.9,3.64,0.0,0.0
1777702528.9977474,28.9,3.68,0.0,0.0
1777702529.682772,28.9,3.7,0.0,0.0
1777702530.8310063,28.9,3.73,0.0,0.0
1777702531.941352,28.9,3.76,0.0,0.0
1777702533.0468473,28.9,3.78,0.0,0.0
1777702534.1465316,28.9,3.8,0.0,0.0
1777702535.2097218,28.9,3.82,0.0,0.0
1777702536.282173,28.9,3.83,0.0,0.0
1777702537.3580282,28.9,3.85,0.0,0.0
1777702538.3575838,28.9,3.87,0.0,0.0
1777702539.3707325,28.9,3.88,0.0,0.0
1777702540.4039168,28.9,3.89,0.0,0.0
1777702541.417457,28.9,3.9,0.0,0.0
1777702542.4537573,28.9,3.91,0.0,0.0
1777702543.4974966,28.9,3.92,0.0,0.0
1777702544.49519,28.9,3.93,0.0,0.0
1777702545.5209022,28.9,3.94,0.0,0.0
1777702546.5703127,28.9,3.95,0.0,0.0
1777702547.7144637,28.9,3.96,0.0,0.0
1777702548.7528076,28.9,3.96,0.0,0.0
1777702549.7870631,28.9,3.97,0.0,0.0
1777702550.8902242,28.9,3.97,0.0,0.0
1777702551.9485054,28.9,3.98,0.0,0.0
1777702552.944679,28.9,3.98,0.0,0.0
1777702554.0135128,28.9,3.99,0.0,0.0
1777702555.0598445,28.9,3.99,0.0,0.0
1777702556.0970392,28.9,3.99,0.0,0.0
1777702557.1378589,28.9,4.0,0.0,0.0
1777702558.1733356,28.9,4.0,0.0,0.0
1777702559.1997416,28.9,4.0,0.0,0.0
1777702560.2158842,28.9,4.01,0.0,0.0
1777702561.2423823,28.9,4.01,0.0,0.0
1777702562.270061,28.9,4.01,0.0,0.0
1777702563.316868,28.9,4.01,0.0,0.0
1777702564.355781,28.9,4.02,0.0,0.0
1777702565.4011824,28.9,4.02,0.0,0.0
1777702566.3952785,28.9,3.95,0.15,1.18
1777702567.39656,28.9,3.89,0.27,1.17
1777702568.3718925,28.9,3.84,0.34,1.15
1777702569.3959575,28.9,3.79,0.4,1.14
1777702570.423738,28.9,3.75,0.43,1.13
1777702571.509149,28.9,3.72,0.46,1.12
1777702572.5562441,28.9,3.68,0.48,1.1
1777702573.6054423,28.9,3.65,0.49,1.1
1777702574.605183,28.9,3.62,0.5,1.09
1777702575.6360593,28.9,3.6,0.51,1.08
1777702576.6705182,28.9,3.57,0.52,1.07
1777702577.6836329,28.9,3.55,0.52,1.07
1777702578.801138,28.9,3.53,0.52,1.06
1777702579.897082,28.9,3.52,0.52,1.05
1777702580.9496462,28.9,3.5,0.52,1.05
1777702582.0196111,28.9,3.48,0.52,1.04
1777702583.125134,28.9,3.46,0.53,1.04
1777702584.2286496,28.9,3.45,0.53,1.04
1777702585.3110127,28.9,3.44,0.53,1.03
1777702586.4085429,28.9,3.43,0.53,1.07
1777702587.3970542,29.1,3.42,0.53,1.1
1777702588.4044306,29.1,3.41,0.53,1.13
1777702589.458294,29.1,3.4,0.53,1.16
1777702590.4722953,29.1,3.39,0.53,1.19
1777702591.5239797,29.3,3.38,0.53,1.22
1777702592.6102064,29.3,3.37,0.53,1.25
1777702593.6848617,29.3,3.36,0.54,1.27
1777702594.7694252,29.3,3.36,0.54,1.3
1777702595.8622465,29.3,3.35,0.54,1.32
1777702597.0492983,29.3,3.35,0.53,1.34
1777702598.1337268,29.3,3.34,0.54,1.36
1777702599.1159596,29.3,3.34,0.54,1.38
1777702600.1605303,29.3,3.33,0.54,1.4
1777702601.2400634,29.3,3.33,0.53,1.42
1777702602.347743,29.3,3.32,0.54,1.43
1777702603.4177635,29.3,3.32,0.54,1.45
1777702604.49654,29.3,3.31,0.55,1.46
1777702605.555167,29.3,3.31,0.56,1.48
1777702606.6740797,29.3,3.3,0.56,1.5
1777702607.7701027,29.3,3.29,0.57,1.51
1777702608.8285415,29.3,3.29,0.57,1.53
1777702609.8746347,29.3,3.29,0.57,1.54
1777702610.871124,29.3,3.28,0.57,1.56
1777702611.8926346,29.3,3.28,0.57,1.57
1777702612.8886027,29.3,3.28,0.56,1.58
1777702613.9390557,29.3,3.27,0.56,1.6
1777702614.9912367,29.3,3.27,0.56,1.61
1777702616.0571635,29.3,3.27,0.56,1.62
1777702617.1050916,29.3,3.27,0.57,1.63
1777702618.0871265,29.3,3.26,0.57,1.64
1777702619.145357,29.3,3.26,0.57,1.65
1777702620.1788595,29.3,3.26,0.57,1.66
1777702621.2025058,29.3,3.26,0.57,1.66
1777702622.2642574,29.3,3.26,0.56,1.67
1777702623.3187673,29.3,3.25,0.56,1.68
1777702624.364625,29.3,3.25,0.56,1.69
1777702625.3671873,29.3,3.25,0.56,1.69
1777702626.3510756,29.3,3.25,0.56,1.7
1777702627.4027045,29.3,3.25,0.56,1.7
1777702628.4847898,29.3,3.25,0.56,1.71
1777702629.556996,29.3,3.25,0.56,1.72
1777702630.5350273,29.3,3.25,0.56,1.72
1777702631.5284173,29.3,3.25,0.56,1.72
1777702632.5912123,29.3,3.25,0.56,1.73
1777702633.6382535,29.3,3.24,0.56,1.73
1777702634.715375,29.3,3.24,0.56,1.74
1777702635.839995,29.3,3.24,0.56,1.74
1777702636.959723,29.3,3.24,0.56,1.74
1777702638.0348792,29.3,3.24,0.56,1.75
1777702639.0753608,29.3,3.24,0.56,1.75
1777702640.149992,29.3,3.24,0.56,1.76
1777702641.23657,29.3,3.24,0.56,1.76
1777702642.2994962,29.3,3.24,0.56,1.76
1777702643.3099658,29.3,3.24,0.56,1.76
1777702644.3277812,29.3,3.24,0.56,1.77
1777702645.3532174,29.3,3.24,0.56,1.77
1777702646.4043822,29.3,3.24,0.56,1.77
1777702647.4461744,29.3,3.24,0.56,1.77
1777702648.5394993,29.3,3.23,0.56,1.77
1777702649.5900748,29.3,3.23,0.56,1.77
1777702650.6078126,29.3,3.23,0.56,1.77
1777702651.6499064,29.3,3.22,0.56,1.77
1777702652.712438,29.3,3.22,0.57,1.77
1777702653.7350473,29.3,3.22,0.56,1.78
1777702654.7555728,29.3,3.22,0.56,1.78
1777702655.8197317,29.3,3.22,0.56,1.78
1777702656.851576,29.3,3.22,0.56,1.78
1777702657.949336,29.3,3.21,0.56,1.78
1777702658.969832,29.3,3.21,0.56,1.78
1777702660.0471754,29.3,3.21,0.56,1.78
1777702661.1494622,29.3,3.21,0.56,1.78
1777702662.190175,29.3,3.21,0.56,1.78
1777702663.2146745,29.3,3.21,0.56,1.78
1777702664.2586792,29.3,3.21,0.56,1.78
1777702665.3680778,29.3,3.21,0.56,1.78
1777702666.4193835,29.3,3.21,0.55,1.78
1777702667.4927084,29.3,3.21,0.55,1.78
1777702668.4972694,29.3,3.21,0.55,1.78
1777702669.5339437,29.3,3.21,0.55,1.78
1777702670.590687,29.3,3.21,0.55,1.78
1777702671.6230395,29.3,3.21,0.55,1.78
1777702672.676946,29.3,3.21,0.55,1.78
1777702673.7216883,29.3,3.21,0.55,1.78
1777702674.785029,29.3,3.21,0.55,1.78
1777702675.8011339,29.3,3.21,0.55,1.78
1777702676.8306887,29.3,3.21,0.55,1.78
1777702677.8656435,29.3,3.21,0.55,1.78
1777702678.9282196,29.3,3.21,0.55,1.78
1777702679.996806,29.3,3.21,0.55,1.78
1777702681.0912886,29.3,3.21,0.55,1.78
1777702682.197394,29.3,3.21,0.55,1.78
1777702683.2789445,29.3,3.21,0.55,1.78
1777702684.3808906,29.3,3.21,0.55,1.78
1777702685.473007,29.3,3.21,0.55,1.78
1777702686.4894981,29.3,3.21,0.55,1.78
1777702687.5360732,29.3,3.21,0.55,1.78
1777702688.6119883,29.3,3.21,0.55,1.78
1777702689.659071,29.3,3.21,0.55,1.78
1777702690.7109334,29.3,3.21,0.55,1.78
1777702691.7149417,29.3,3.21,0.55,1.78
1777702692.7467704,29.3,3.21,0.55,1.78
1777702693.7520072,29.3,3.21,0.55,1.78
1777702694.8549843,29.3,3.21,0.56,1.78
1777702695.9307377,29.3,3.21,0.56,1.78
1777702697.0052845,29.3,3.21,0.56,1.78
1777702698.1107745,29.3,3.21,0.55,1.78
1777702699.173544,29.3,3.21,0.55,1.78
1777702700.3011262,29.3,3.21,0.55,1.78
1777702701.3545015,29.3,3.21,0.55,1.78
1777702702.4035044,29.3,3.21,0.55,1.78
1777702703.4880223,29.3,3.21,0.55,1.78
1777702704.5472298,29.3,3.21,0.55,1.78
1777702705.6175466,29.3,3.21,0.55,1.78
1777702706.6312525,29.3,3.21,0.55,1.78
1777702707.699854,29.3,3.21,0.55,1.77
1777702708.7281976,29.3,3.21,0.55,1.77
1777702709.7623966,29.3,3.21,0.55,1.77
1777702710.8031447,29.3,3.21,0.55,1.77
1777702711.768402,29.3,3.21,0.55,1.77
1777702712.7551515,29.3,3.21,0.55,1.77
1777702713.7368345,29.3,3.21,0.54,1.77
1777702714.7583284,29.3,3.21,0.54,1.77
1777702715.8337739,29.3,3.21,0.54,1.77
1777702716.8177898,29.3,3.18,0.59,1.76
1777702717.7678776,29.3,3.15,0.66,1.76
1777705321.1133578,0,0,0,0
1777705323.6394336,0,0,0,0
1777705324.293571,38.5,0.46,0.0,0.0
1777705324.9908729,38.5,0.66,0.0,0.0
1777705325.7090054,38.5,0.85,0.0,0.0
1777705326.4916523,38.0,1.02,0.0,0.0
1777705327.266507,38.0,1.18,0.0,0.0
1777705328.0947194,38.0,1.32,0.0,0.0
1777705328.8845038,38.0,1.46,0.0,0.0
1777705329.6625044,38.0,1.58,0.0,0.0
1777705330.4794457,38.0,1.69,0.0,0.0
1777705331.279165,38.0,1.8,0.0,0.0
1777705332.0510795,38.0,1.89,0.0,0.0
1777705333.0285664,38.0,1.98,0.0,0.0
1777705333.8451307,38.0,2.06,0.0,0.0
1777705334.6273344,38.0,2.14,0.0,0.0
1777705335.4821177,38.0,2.21,0.0,0.0
1777705336.3799715,38.5,2.27,0.0,0.0
1777705337.1011963,38.5,2.33,0.0,0.0
1777705337.8345711,38.5,2.38,0.0,0.0
1777705338.567572,38.5,2.43,0.0,0.0
1777705339.4272697,38.5,2.48,0.0,0.0
1777705340.1867337,38.5,2.52,0.0,0.0
1777705340.9603171,38.5,2.56,0.0,0.0
1777705341.6617198,38.5,2.59,0.0,0.0
1777705342.3625174,38.5,2.63,0.0,0.0
1777705343.1335874,38.5,2.66,0.0,0.0
1777705343.9206524,38.5,2.68,0.0,0.0
1777705344.6178083,38.5,2.71,0.0,0.0
1777705345.3622248,38.5,2.73,0.0,0.0
1777705346.1263785,38.5,2.75,0.0,0.0
1777705347.1925015,38.5,2.77,0.0,0.0
1777705348.2088387,38.5,2.79,0.0,0.0
1777705349.2234507,38.5,2.81,0.0,0.0
1777705350.2453847,38.5,2.82,0.0,0.0
1777705351.2994275,38.5,2.84,0.0,0.0
1777705352.4412508,38.5,2.85,0.0,0.0
1777705353.4985628,38.5,2.86,0.0,0.0
1777705354.5271144,38.5,2.87,0.0,0.0
1777705355.5332851,38.5,2.88,0.0,0.0
1777705356.548099,38.5,2.89,0.0,0.0
1777705357.5942576,38.5,2.9,0.0,0.0
1777705358.717187,38.5,2.91,0.0,0.0
1777705359.7733624,38.5,2.91,0.0,0.0
1777705360.7990837,38.5,2.92,0.0,0.0
1777705361.8253224,38.5,2.93,0.0,0.0
1777705362.9741466,38.5,2.93,0.0,0.0
1777705364.1341348,38.5,2.94,0.0,0.0
1777705365.2849443,38.5,2.94,0.0,0.0
1777705366.4322605,38.5,2.95,0.0,0.0
1777705367.4956667,38.5,2.95,0.0,0.0
1777705368.5629468,38.5,2.96,0.0,0.0
1777705369.5998676,38.5,2.96,0.0,0.0
1777705370.6967645,38.5,2.96,0.0,0.0
1777705371.7557988,38.5,2.96,0.0,0.0
1777705372.8291738,38.5,2.97,0.0,0.0
1777705373.9132075,38.5,2.97,0.0,0.0
1777705375.018418,38.5,2.97,0.0,0.0
1777705376.0554628,38.5,2.98,0.0,0.0
1777705377.0480447,38.5,2.98,0.0,0.0
1777705378.1436388,38.5,2.98,0.0,0.0
1777705379.141216,38.5,2.98,0.0,0.0
1777705380.1653194,38.5,2.98,0.0,0.0
1777705381.1730053,38.5,2.98,0.0,0.0
1777705382.2705383,38.5,2.98,0.0,0.0
1777705383.3345218,38.5,2.98,0.0,0.0
1777705384.5208898,38.5,2.99,0.0,0.0
1777705385.5832217,38.5,2.99,0.0,0.0
1777705386.7316768,38.5,2.99,0.0,0.0
1777705387.9356205,38.5,2.99,0.0,0.0
1777705388.9489985,38.5,2.99,0.0,0.0
1777705389.934848,38.5,2.99,0.0,0.0
1777705390.9962306,38.5,2.99,0.0,0.0
1777705392.0768714,38.5,2.99,0.0,0.0
1777705393.1508837,38.5,2.99,0.0,0.0
1777705394.3749158,38.5,2.99,0.0,0.0
1777705395.5070748,38.5,2.99,0.0,0.0
1777705396.6061175,38.5,2.99,0.0,0.0
1777705397.868033,38.5,2.99,0.0,0.0
1777705398.954378,38.5,2.99,0.0,0.0
1777705399.9671144,38.5,2.99,0.0,0.0
1777705401.005516,38.5,2.99,0.0,0.0
1777705402.0381393,38.5,2.99,0.0,0.0
1777705403.0584877,38.5,2.99,0.0,0.0
1777705404.1414757,38.5,2.99,0.0,0.0
1777705405.247847,38.5,2.99,0.0,0.0
1777705406.3539703,38.5,2.99,0.0,0.0
1777705407.3930624,38.5,3.0,0.0,0.0
1777705408.4312503,38.5,3.0,0.0,0.0
1777705409.5062027,38.5,3.0,0.0,0.0
1777705410.8549645,38.5,3.0,0.0,0.0
1777705412.086226,38.5,3.0,0.0,0.0
1777705413.2801995,38.5,3.0,0.0,0.0
1777705414.5357215,38.5,3.0,0.0,0.0
1777705415.590176,38.5,3.0,0.0,0.0
1777705416.628077,38.5,3.0,0.0,0.0
1777705417.6602006,38.5,3.0,0.0,0.0
1777705418.7338212,38.5,3.0,0.0,0.0
1777705419.796909,38.5,3.0,0.0,0.0
1777705420.8284044,38.5,3.0,0.0,0.0
1777705421.8678095,38.5,3.0,0.0,0.0
1777705422.9345052,38.5,3.0,0.0,0.0
1777705423.9991636,38.5,3.0,0.0,0.0
1777705425.0366018,38.5,3.0,0.0,0.0
1777705426.1269817,38.5,3.0,0.0,0.0
1777705427.2457068,38.5,3.0,0.0,0.0
1777705428.4676228,38.5,3.0,0.0,0.0
1777705429.5832508,38.5,3.0,0.0,0.0
1777705430.6847353,38.5,3.0,0.0,0.0
1777705431.7804458,38.5,3.0,0.0,0.0
1777705432.902689,38.5,3.0,0.0,0.0
1777705434.040835,38.5,3.0,0.0,0.0
1777705435.164499,38.5,3.0,0.0,0.0
1777705436.5131812,38.5,3.0,0.0,0.0
1777705437.7052674,38.5,3.0,0.0,0.0
1777705438.8833225,38.5,3.0,0.0,0.0
1777705440.0384388,38.5,3.0,0.0,0.0
1777705441.1537435,38.5,3.0,0.0,0.0
1777705442.2680814,38.5,3.0,0.0,0.0
1777705443.4540193,38.5,3.0,0.0,0.0
1777705444.5476286,38.5,3.0,0.0,0.0
1777705445.65358,38.5,3.0,0.0,0.0
1777705446.7353072,38.5,3.0,0.0,0.0
1777705447.8659701,38.5,3.0,0.0,0.0
1777705448.9601038,38.5,3.0,0.0,0.0
1777705450.0385602,38.5,3.0,0.0,0.0
1777705451.099633,38.5,3.0,0.0,0.0
1777705452.2020695,38.5,3.0,0.0,0.0
1777705453.3225477,38.5,3.0,0.0,0.0
1777705454.4254854,38.5,3.0,0.0,0.0
1777705455.516124,38.5,3.0,0.0,0.0
1777705456.598449,38.5,3.0,0.0,0.0
1777705457.6936839,38.5,3.0,0.0,0.0
1777705458.795583,38.5,3.0,0.0,0.0
1777705459.894567,38.5,3.0,0.0,0.0
1777705461.011578,38.5,3.0,0.0,0.0
1777705462.111241,38.5,3.0,0.0,0.0
1777705463.240824,38.5,3.0,0.0,0.0
1777705464.3477106,38.5,3.0,0.0,0.0
1777705465.4736483,38.5,3.0,0.0,0.0
1777705466.5923934,38.5,3.01,0.0,0.0
1777705467.7081704,38.5,3.01,0.0,0.0
1777705468.833956,38.5,3.01,0.0,0.0
1777705469.8689933,38.5,3.01,0.0,0.0
1777705470.9270816,38.5,3.01,0.0,0.0
1777705472.1722145,38.5,3.01,0.0,0.0
1777705473.2872524,38.5,3.01,0.0,0.0
1777705474.3571148,38.5,3.01,0.0,0.0
1777705475.5990045,38.5,3.01,0.0,0.0
1777705476.7120395,38.5,3.01,0.0,0.0
1777705477.8458622,38.5,3.01,0.0,0.0
1777705478.9522448,38.5,3.01,0.0,0.0
1777705480.0598092,38.5,3.01,0.0,0.0
1777705481.2010996,38.5,3.01,0.0,0.0
1777705482.2408738,38.5,3.01,0.0,0.0
1777705483.3109035,38.5,3.01,0.0,0.0
1777705484.382248,38.5,3.01,0.0,0.0
1777705485.4487376,38.5,3.01,0.0,0.0
1777705486.501002,38.5,3.01,0.0,0.0
1777705487.5908685,38.5,3.01,0.0,0.0
1777705488.6623268,38.5,3.01,0.0,0.0
1777705489.7309773,38.5,3.01,0.0,0.0
1777705490.8159559,38.5,3.01,0.0,0.0
1777705491.924883,38.5,3.01,0.0,0.0
1777705492.9777431,38.5,3.01,0.0,0.0
1777705494.0240886,38.5,3.01,0.0,0.0
1777705495.0450711,38.5,3.01,0.0,0.0
1777705496.0890074,38.5,3.01,0.0,0.0
1777705497.1603332,38.5,3.01,0.0,0.0
1777705498.1994174,38.5,3.01,0.0,0.0
1777705499.3108714,38.5,3.01,0.0,0.0
1777705500.3670757,38.5,3.01,0.0,0.0
1777705501.435915,38.5,3.01,0.0,0.0
1777705502.4963267,38.5,3.01,0.0,0.0
1777705503.7094388,38.5,3.01,0.0,0.0
1777705504.9567964,38.5,3.01,0.0,0.0
1777705506.1950796,38.5,3.01,0.0,0.0
1777705507.5238378,38.5,3.01,0.0,0.0
1777705508.7157104,38.5,3.01,0.0,0.0
1777705509.8631797,38.5,3.01,0.0,0.0
1777705511.0317788,38.5,3.01,0.0,0.0
1777705512.1569095,38.5,3.01,0.0,0.0
1777705513.2314467,38.5,3.01,0.0,0.0
1777705514.3192701,38.5,3.01,0.0,0.0
1777705515.3858151,38.5,3.02,0.0,0.0
1777705516.4641047,38.5,3.02,0.0,0.0
1777705517.5622823,38.5,3.03,0.0,0.0
1777705518.7010407,38.5,3.03,0.0,0.0
1777705519.90908,38.5,3.04,0.0,0.0
1777705520.9823956,38.5,3.04,0.0,0.0
1777705522.045579,38.5,3.04,0.0,0.0
1777705523.1813211,38.5,3.04,0.0,0.0
1777705524.2318642,38.5,3.05,0.0,0.0
1777705525.3216803,38.5,3.05,0.0,0.0
1777705526.405983,38.5,3.06,0.0,0.0
1777705527.4580283,38.5,3.06,0.0,0.0
1777705528.561066,38.5,3.06,0.0,0.0
1777705529.8123474,38.5,3.07,0.0,0.0
1777705530.9329221,38.5,3.14,0.13,0.94
1777705532.0756583,38.5,3.18,0.23,0.95
1777705533.2297409,38.5,3.15,0.21,0.95
1777705534.2874267,38.5,3.15,0.16,0.94
1777705535.3792946,38.5,3.14,0.12,0.94
1777705536.4319885,38.5,3.14,0.09,0.0
1777705537.5142448,38.5,3.14,0.07,0.0
1777705538.6169603,38.5,3.14,0.05,0.0
1777705539.7152536,38.5,3.13,0.04,0.0
1777705540.8264735,38.5,3.13,0.03,0.0
1777705541.8990254,38.5,3.12,0.02,0.0
1777705542.9855275,38.4,3.12,0.02,0.0
1777705544.1103754,38.4,3.12,0.01,0.0
1777705545.190698,38.4,3.12,0.01,0.0
1777705546.230296,38.4,3.12,0.01,0.0
1777705547.3201022,38.4,3.12,0.0,0.0
1777705548.670576,38.4,3.12,0.0,0.0
1777705550.0147784,38.4,3.12,0.0,0.0
1777705551.2659574,38.4,3.11,0.0,0.0
1777705552.4742615,38.3,3.11,0.0,0.0
1777705553.5956073,38.3,3.11,0.0,0.0
1777705554.7066028,38.3,3.11,0.0,0.0
1777705555.8154128,38.3,3.11,0.0,0.0
1777705556.8653347,38.2,3.11,0.0,0.0
1777705557.9160292,38.2,3.11,0.0,0.0
1777705559.0450659,38.2,3.11,0.0,0.0
1777705560.1525402,38.2,3.11,0.0,0.0
1777705561.2511287,38.1,3.11,0.0,0.0
1777705562.3302066,38.1,3.11,0.0,0.0
1777705563.3718894,38.1,3.11,0.0,0.0
1777705564.5318046,38.1,3.11,0.0,0.0
1777705565.6612995,38.1,3.11,0.0,0.0
1777705566.7542877,38.1,3.11,0.0,0.0
1777705567.9002244,38.1,3.11,0.0,0.0
1777705569.033425,38.1,3.11,0.0,0.0
1777705570.1302972,38.1,3.11,0.0,0.0
1777705571.187304,38.1,3.11,0.0,0.0
1777705572.276822,38.1,3.11,0.0,0.0
1777705573.3425446,38.1,3.11,0.0,0.0
1777705574.387312,38.0,3.11,0.0,0.0
1777705575.4272316,38.0,3.11,0.0,0.0
1777705576.543724,38.0,3.11,0.0,0.0
1777705577.7965846,38.0,3.11,0.0,0.0
1777705578.9411085,38.0,3.11,0.0,0.0
1777705579.9953651,38.0,3.11,0.0,0.0
1777705581.0355012,38.0,3.11,0.0,0.0
1777705582.1593595,38.0,3.11,0.0,0.0
1777705583.2572026,38.0,3.11,0.0,0.0
1777705584.309967,38.0,3.11,0.0,0.0
1777705585.3932486,38.0,3.11,0.0,0.0
1777705586.4706917,38.0,3.12,0.0,0.0
1777705587.5932937,38.0,3.12,0.0,0.0
1777705588.7216654,38.0,3.12,0.0,0.0
1777705589.9167116,38.0,3.12,0.0,0.0
1777705591.0528111,38.0,3.12,0.0,0.0
1777705592.261523,38.0,3.12,0.0,0.0
1777705593.467088,38.0,3.12,0.0,0.0
1777705594.5904965,38.0,3.12,0.0,0.0
1777705595.685024,38.0,3.12,0.0,0.0
1777705596.8434541,38.0,3.12,0.0,0.0
1777705597.9765902,38.0,3.12,0.0,0.0
1777705599.2186153,38.0,3.12,0.0,0.0
1777705600.4521759,38.0,3.12,0.0,0.0
1777705601.5665581,38.0,3.12,0.0,0.0
1777705602.6481938,38.0,3.12,0.0,0.0
1777705603.8952343,38.0,3.12,0.0,0.0
1777705604.9543338,38.0,3.12,0.0,0.0
1777705606.0452435,38.0,3.12,0.0,0.0
1777705607.1170475,38.0,3.12,0.0,0.0
1777705608.1970174,38.0,3.12,0.0,0.0
1777705608.535857,38.0,3.12,0.0,0.0
1777705609.1992133,38.0,3.12,0.0,0.0
1777705609.9041882,38.0,3.13,0.0,0.0
1777705610.5903063,38.0,3.13,0.0,0.0
1777705611.2518904,38.0,3.12,0.0,0.0
1777705611.9273639,38.0,3.12,0.0,0.0
1777705612.6215699,38.0,3.13,0.0,0.0
1777705613.3469481,38.0,3.13,0.0,0.0
1777705614.1539876,38.0,3.13,0.0,0.0
1777705614.9461875,38.0,3.13,0.0,0.0
1777705615.72256,38.0,3.13,0.0,0.0
1777705616.51407,38.0,3.13,0.0,0.0
1777705617.3271883,38.0,3.13,0.0,0.0
1777705618.1039057,38.0,3.13,0.0,0.0
1777705618.9250462,38.0,3.13,0.0,0.0
1777705619.704316,38.0,3.13,0.0,0.0
1777705620.5352147,38.0,3.13,0.0,0.0
1777705621.282213,38.0,3.13,0.0,0.0
1777705622.0215793,38.0,3.13,0.0,0.0
1777705622.764915,38.0,3.13,0.0,0.0
1777705623.508971,38.0,3.13,0.0,0.0
1777705624.2786765,38.0,3.13,0.0,0.0
1777705625.0602465,38.0,3.13,0.0,0.0
1777705625.8367536,38.0,3.13,0.0,0.0
1777705626.6173673,38.0,3.13,0.0,0.0
1777705627.3978918,38.0,3.13,0.0,0.0
1777705628.1664941,38.0,3.13,0.0,0.0
1777705628.9437711,38.0,3.13,0.0,0.0
1777705629.721418,38.0,3.13,0.0,0.0
1777705630.508699,38.0,3.13,0.0,0.0
1777705631.2845123,38.0,3.13,0.0,0.0
1777705632.3931904,38.0,3.13,0.0,0.0
1777705633.4423048,38.0,3.13,0.0,0.0
1777705634.5215955,38.0,3.13,0.0,0.0
1777705635.5317655,38.0,3.13,0.0,0.0
1777705636.613142,38.0,3.13,0.0,0.0
1777705637.7189302,38.0,3.13,0.0,0.0
1777705638.8021462,38.0,3.13,0.0,0.0
1777705639.8994932,38.0,3.13,0.0,0.0
1777705641.0338988,38.0,3.13,0.0,0.0
1777705642.1729777,38.0,3.13,0.0,0.0
1777705643.21503,38.0,3.12,0.0,0.0
1777705644.2671657,38.0,3.13,0.0,0.0
1777705645.3077986,38.0,3.13,0.0,0.0
1777705646.3799915,38.0,3.12,0.0,0.0
1777705647.4828858,38.0,3.12,0.0,0.0
1777705676.0521436,0,0,0,0
1777705678.5700262,0,0,0,0
1777705679.2277427,38.5,0.42,0.0,0.0
1777705680.016435,38.5,0.61,0.0,0.0
1777705680.7451298,38.5,0.77,0.0,0.0
1777705681.5099237,38.5,0.93,0.0,0.0
1777705682.2153375,38.5,1.08,0.0,0.0
1777705682.9837108,38.5,1.21,0.0,0.0
1777705683.7252629,38.5,1.32,0.0,0.0
1777705684.434178,38.5,0.0,0.15,0.0
1777705685.1716104,38.5,0.0,0.29,0.0
1777705685.9508107,38.5,1.43,0.22,0.43
1777705686.7750652,38.5,1.52,0.16,0.45
1777705687.584476,38.5,1.6,0.12,0.48
1777705688.4041092,38.5,1.68,0.09,0.0
1777705689.2025378,38.5,1.77,0.07,0.0
1777705689.9854753,38.5,1.84,0.05,0.0
1777705690.842922,38.5,0.0,0.2,0.0
1777705691.6337574,38.5,1.84,0.33,0.55
1777705692.403536,38.5,1.91,0.25,0.57
1777705693.208065,38.5,1.96,0.18,0.59
1777705693.9900153,38.5,2.02,0.14,0.61
1777705694.7855787,38.5,2.07,0.1,0.62
1777705695.57864,38.5,2.12,0.08,0.0
1777705696.4751801,38.5,2.16,0.06,0.0
1777705697.1983616,38.5,2.2,0.04,0.0
1777705697.9797912,38.5,2.23,0.03,0.0
1777705698.7761393,38.5,2.26,0.02,0.0
1777705699.5452914,38.5,2.29,0.02,0.0
1777705700.3217862,38.5,0.0,0.17,0.0
1777705701.119513,38.5,0.0,0.3,0.0
1777705702.1639977,38.5,2.32,0.23,0.7
1777705703.2174723,38.5,2.35,0.17,0.71
1777705704.3014953,38.5,2.38,0.13,0.71
1777705705.3786368,38.5,2.41,0.1,0.0
1777705706.489553,38.5,2.43,0.07,0.0
1777705707.6148405,38.5,2.46,0.05,0.0
1777705708.7265477,38.5,2.48,0.04,0.0
1777705709.8278987,38.5,2.5,0.03,0.0
1777705710.9117517,38.5,2.52,0.02,0.0
1777705711.9978204,38.5,2.54,0.02,0.0
1777705713.0759163,38.5,2.55,0.01,0.0
1777705714.1936383,38.5,2.57,0.01,0.0
1777705715.3171494,38.5,2.58,0.01,0.0
1777705716.4342072,38.5,2.59,0.01,0.0
1777705717.453126,38.5,2.61,0.0,0.0
1777705718.5258944,38.5,2.62,0.0,0.0
1777705719.6144242,38.5,2.63,0.0,0.0
1777705720.7023714,38.5,2.63,0.0,0.0
1777705721.81205,38.5,2.64,0.0,0.0
1777705722.936815,38.5,2.65,0.0,0.0
1777705724.0591576,38.5,2.66,0.0,0.0
1777705725.17478,38.5,2.66,0.0,0.0
1777705726.273821,38.5,2.67,0.0,0.0
1777705727.3819287,38.5,2.68,0.0,0.0
1777705728.5331056,38.5,2.68,0.0,0.0
1777705729.6411908,38.5,2.69,0.0,0.0
1777705730.7331252,38.5,2.7,0.0,0.0
1777705731.8427012,38.5,2.7,0.0,0.0
1777705732.9401212,38.5,2.71,0.0,0.0
1777705734.0315597,38.5,2.71,0.0,0.0
1777705735.1520128,38.5,2.71,0.0,0.0
1777705736.2708514,38.5,2.72,0.0,0.0
1777705737.3832815,38.5,2.72,0.0,0.0
1777705738.5625043,38.5,2.72,0.0,0.0
1777705739.6565259,38.5,2.73,0.0,0.0
1777705740.821506,38.5,2.73,0.0,0.0
1777705741.9164147,38.5,2.73,0.0,0.0
1777705743.024821,38.5,2.73,0.0,0.0
1777705744.3086398,38.5,2.74,0.0,0.0
1777705745.4700003,38.5,2.74,0.0,0.0
1777705746.5853102,38.5,2.74,0.0,0.0
1777705747.979656,38.5,2.74,0.0,0.0
1777705749.176875,38.5,2.74,0.0,0.0
1777705750.3907917,38.5,2.74,0.0,0.0
1777705751.4262803,38.5,2.74,0.0,0.0
1777705752.484785,38.5,2.74,0.0,0.0
1777705753.4954615,38.5,2.74,0.0,0.0
1777705754.5535812,38.5,2.74,0.0,0.0
1777705755.6277678,38.5,2.74,0.0,0.0
1777705756.7994528,38.5,2.74,0.0,0.0
1777705757.8875868,38.5,2.74,0.0,0.0
1777705758.9368773,38.5,2.74,0.0,0.0
1777705760.012633,38.5,2.74,0.0,0.0
1777705761.1064188,38.5,2.75,0.0,0.0
1777705762.2161062,38.5,2.75,0.0,0.0
1777705763.4097252,38.5,2.75,0.0,0.0
1777705764.5352182,38.5,2.75,0.0,0.0
1777705765.651778,38.5,2.74,0.0,0.0
1777705766.7838824,38.5,2.74,0.0,0.0
1777705767.9276018,38.5,2.73,0.0,0.0
1777705768.976049,38.5,2.74,0.0,0.0
1777705770.085967,38.5,2.74,0.0,0.0
1777705771.2041802,38.5,2.74,0.0,0.0
1777705772.3149247,38.5,2.74,0.0,0.0
1777705773.4402819,38.5,2.74,0.0,0.0
1777705774.5321965,38.5,2.73,0.0,0.0
1777705775.6613264,38.5,2.73,0.0,0.0
1777705776.796041,38.5,2.73,0.0,0.0
1777705777.8013382,38.5,0.0,0.15,0.0
1777705778.892656,38.5,0.0,0.29,0.0
1777705779.7228317,38.5,2.73,0.39,0.82
1777705780.3866746,38.5,2.73,0.33,0.82
1777705781.121577,38.5,2.72,0.25,0.82
1777705781.8227508,38.5,2.72,0.19,0.81
1777705782.4889193,38.5,2.71,0.14,0.81
1777705783.1554477,38.5,2.7,0.1,0.81
1777705783.8214245,38.5,2.7,0.08,0.0
1777705784.4864266,38.5,2.69,0.06,0.0
1777705785.404146,38.5,0.0,0.21,0.0
1777705786.2429605,38.5,2.7,0.16,0.81
1777705787.1000986,38.5,2.69,0.12,0.81
1777705787.9186096,38.5,2.69,0.09,0.0
1777705788.649301,38.5,2.69,0.07,0.0
1777705789.424474,38.5,2.7,0.05,0.0
1777705790.1791544,38.5,2.7,0.04,0.0
1777705790.9930403,38.5,2.7,0.03,0.0
1777705791.8588626,38.5,2.7,0.02,0.0
1777705792.5964363,38.5,2.69,0.02,0.0
1777705793.4331343,38.5,2.69,0.01,0.0
1777705794.2099051,38.5,0.0,0.16,0.0
1777705794.9206257,38.5,0.0,0.3,0.0
1777705795.7338195,38.5,0.0,0.4,0.0
1777705796.5544686,38.5,0.0,0.48,0.0
1777705797.3173246,38.5,0.0,0.53,0.0
1777705798.0782957,38.5,0.0,0.58,0.0
1777705798.8340516,38.5,0.0,0.61,0.0
1777705799.6140893,38.5,2.69,0.46,0.81
1777705800.40474,38.5,0.0,0.52,0.0
1777705801.1552124,38.5,0.0,0.57,0.0
1777705801.947246,38.5,2.69,0.61,0.81
1777705802.765835,38.5,2.69,0.48,0.82
1777705803.8919022,38.5,2.69,0.36,0.83
1777705804.9224854,38.5,2.69,0.27,0.83
1777705806.0483615,38.5,2.69,0.2,0.81
1777705807.1740863,38.5,2.69,0.18,0.81
1777705808.294399,38.5,2.69,0.13,0.81
1777705809.3642602,38.5,2.69,0.13,0.81
1777705810.4126184,38.5,2.69,0.1,0.0
1777705811.5720878,38.5,2.69,0.07,0.0
1777705812.6673243,38.5,2.69,0.05,0.0
1777705813.7581544,38.5,2.7,0.04,0.0
1777705814.815835,38.5,2.7,0.03,0.0
1777705815.8524916,38.5,2.7,0.02,0.0
1777705816.9444482,38.5,2.7,0.02,0.0
1777705818.0707664,38.5,2.7,0.01,0.0
1777705819.1468294,38.5,2.7,0.01,0.0
1777705820.162763,38.5,2.7,0.03,0.0
1777705821.2330484,38.5,2.7,0.02,0.0
1777705822.3322883,38.5,2.71,0.02,0.0
1777705823.4121523,38.5,2.71,0.01,0.0
1777705824.4415464,38.5,2.72,0.01,0.0
1777705825.5796804,38.5,2.73,0.01,0.0
1777705826.746361,38.5,2.73,0.01,0.0
1777705827.808465,38.5,2.73,0.0,0.0
1777705828.8572683,38.5,2.73,0.0,0.0
1777705829.9271703,38.5,2.72,0.0,0.0
1777705831.0582356,38.5,2.72,0.0,0.0
1777705832.1614282,38.5,2.72,0.0,0.0
1777705833.2309291,38.5,2.71,0.0,0.0
1777705834.3249629,38.5,2.7,0.03,0.0
1777705835.436194,38.5,2.8,0.18,0.84
1777705836.5427227,38.5,2.89,0.31,0.87
1777705837.634205,38.5,2.97,0.41,0.89
1777705838.7556891,38.5,3.05,0.48,0.91
1777705839.8728845,38.5,3.12,0.54,0.95
1777705840.9537997,38.5,3.18,0.58,1.02
1777705842.0533829,38.5,3.24,0.61,1.08
1777705843.1505802,38.5,3.3,0.63,1.15
1777705844.2920833,38.5,3.35,0.65,1.22
1777705845.4033194,38.5,3.29,0.52,1.22
1777705846.5081365,38.5,3.23,0.43,1.21
1777705847.6217415,38.5,3.17,0.36,1.19
1777705848.7418756,38.5,3.12,0.31,1.16
1777705849.8491392,38.5,3.07,0.28,1.13
1777705850.947892,38.5,3.03,0.25,1.09
1777705852.0378916,38.5,2.99,0.23,1.06
1777705853.1540375,38.5,2.95,0.21,1.02
1777705854.2343035,38.5,2.92,0.2,0.99
1777705855.341718,38.5,2.89,0.19,0.96
1777705856.459824,38.5,2.86,0.17,0.93
1777705857.5693405,38.5,2.84,0.16,0.9
1777705858.6831477,38.5,2.82,0.15,0.87
1777705859.751036,38.5,2.8,0.14,0.84
1777705860.8348675,38.5,2.78,0.14,0.83
1777705861.9901278,38.5,2.77,0.13,0.83
1777705863.0835598,38.5,2.75,0.13,0.83
1777705864.1908963,38.5,2.74,0.13,0.82
1777705865.2999465,38.5,2.73,0.13,0.82
1777705866.442215,38.5,2.71,0.13,0.81
1777705867.5563645,38.5,2.7,0.12,0.81
1777705868.6670167,38.5,2.69,0.12,0.81
1777705869.7726781,38.5,2.68,0.12,0.8
1777705870.8703287,38.5,2.67,0.13,0.8
1777705871.9763532,38.5,2.67,0.13,0.8
1777705873.075794,38.5,2.66,0.13,0.8
1777705874.185112,38.5,2.65,0.13,0.8
1777705875.3088355,38.5,2.65,0.13,0.79
1777705876.4326923,38.5,2.64,0.13,0.79
1777705877.551072,38.5,2.64,0.13,0.79
1777705878.6433222,38.5,2.63,0.13,0.79
1777705879.7463589,38.5,2.63,0.13,0.79
1777705880.8308983,38.5,2.62,0.13,0.79
1777705881.9350336,38.5,2.62,0.13,0.79
1777705883.0673997,38.5,2.61,0.13,0.78
1777705884.1666217,38.5,2.61,0.13,0.78
1777705885.300865,38.5,2.61,0.13,0.78
1777705886.560666,38.5,2.61,0.13,0.78
1777705887.6918008,38.5,2.6,0.13,0.78
1777705888.810963,38.5,2.6,0.13,0.78
1777705889.8998866,38.5,2.6,0.13,0.78
1777705890.9880154,38.5,2.6,0.12,0.78
1777705892.0694544,38.5,2.6,0.12,0.78
1777705893.166285,38.5,2.59,0.12,0.78
1777705894.2357738,38.5,2.59,0.12,0.78
1777705895.3374534,38.5,2.59,0.12,0.78
1777705896.4582524,38.5,2.59,0.13,0.78
1777705897.5446577,38.5,2.59,0.12,0.78
1777705898.6507778,38.5,2.58,0.12,0.78
1777705899.7620711,38.5,2.61,0.09,0.0
1777705900.8728437,38.5,2.64,0.1,0.0
1777705901.9623053,38.5,2.68,0.12,0.8
1777705903.0250814,38.5,2.71,0.13,0.81
1777705904.1675916,38.5,2.74,0.14,0.82
1777705905.2628808,38.5,2.77,0.15,0.83
1777705906.3641312,38.5,2.79,0.16,0.84
1777705907.5249128,38.5,2.82,0.16,0.85
1777705908.5791843,38.5,2.84,0.16,0.85
1777705909.6575704,38.5,2.86,0.17,0.86
1777705910.7787437,38.5,2.88,0.18,0.86
1777705911.8835897,38.5,2.9,0.18,0.87
1777705912.9832802,38.5,2.91,0.18,0.87
1777705914.0924313,38.5,2.93,0.18,0.88
1777705915.2253802,38.5,2.95,0.18,0.88
1777705916.3582902,38.5,3.03,0.31,0.91
1777705917.4693718,38.5,3.1,0.41,0.93
1777705918.62975,38.5,3.16,0.48,0.95
1777705919.7526329,38.5,3.22,0.54,0.97
1777705920.863644,38.5,3.28,0.58,0.98
1777705921.98339,38.5,3.33,0.61,1.0
1777705923.0987787,38.5,3.38,0.63,1.01
1777705924.2075205,38.5,3.42,0.65,1.03
1777705925.330935,38.5,3.46,0.66,1.06
1777705926.4389546,38.5,3.42,0.51,1.08
1777705927.5711384,38.5,3.39,0.42,1.09
1777705928.697094,38.5,3.36,0.36,1.09
1777705929.7898583,38.5,3.34,0.32,1.08
1777705930.887028,38.5,3.32,0.29,1.07
1777705932.0036633,38.5,3.31,0.27,1.05
1777705933.1217773,38.5,3.29,0.25,1.04
1777705934.162533,38.5,3.28,0.23,1.02
1777705935.2742202,38.5,3.26,0.22,1.0
1777705936.3860538,38.5,3.25,0.21,0.98
1777705937.505302,38.5,3.24,0.21,0.97
1777705938.5989108,38.5,3.23,0.21,0.97
1777705939.7102199,38.5,3.22,0.2,0.96
1777705940.8287542,38.5,3.21,0.2,0.96
1777705941.935054,38.5,3.2,0.2,0.96
1777705943.065347,38.5,3.19,0.2,0.96
1777705944.1925566,38.5,3.18,0.2,0.96
1777705945.301279,38.5,3.18,0.2,0.95
1777705946.403609,38.5,3.17,0.2,0.95
1777705947.5533156,38.5,3.17,0.2,0.95
1777705948.6643767,38.5,3.16,0.2,0.95
1777705949.768944,38.5,3.16,0.19,0.95
1777705950.8681545,38.5,3.15,0.19,0.95
1777705951.9586437,38.5,3.15,0.2,0.94
1777705953.1122022,38.5,3.15,0.19,0.94
1777705954.22373,38.5,3.14,0.19,0.94
1777705955.3526406,38.5,3.14,0.19,0.94
1777705956.4594576,38.5,3.14,0.19,0.94
1777705957.564342,38.5,3.13,0.19,0.94
1777705958.6993809,38.5,3.13,0.19,0.94
1777705959.8512268,38.5,3.13,0.19,0.94
1777705960.9519455,38.5,3.13,0.19,0.94
1777705962.0535862,38.5,3.12,0.19,0.94
1777705963.1633523,38.5,3.12,0.19,0.94
1777705964.27283,38.5,3.12,0.19,0.94
1777705965.3701158,38.5,3.12,0.19,0.94
1777705966.4763434,38.5,3.12,0.19,0.94
1777705967.5791757,38.5,3.12,0.19,0.93
1777705968.695451,38.5,3.11,0.2,0.93
1777705969.8389597,38.5,3.11,0.2,0.93
1777705970.95493,38.5,3.11,0.2,0.93
1777705972.1000156,38.5,3.11,0.2,0.93
1777705973.2195768,38.5,3.11,0.2,0.93
1777705974.3726206,38.5,3.11,0.2,0.93
1777705975.4914665,38.5,3.11,0.2,0.93
1777705976.5945559,38.5,3.11,0.2,0.93
1777705977.7038305,38.5,3.11,0.2,0.93
1777705978.8152158,38.5,3.11,0.2,0.93
1777705979.938692,38.5,3.11,0.2,0.93
1777705981.0660772,38.5,3.11,0.19,0.93
1777705982.1852531,38.5,3.11,0.19,0.93
1777705983.2943802,38.5,3.11,0.2,0.93
1777705984.4605942,38.5,3.1,0.19,0.93
1777705985.6409214,38.5,3.1,0.2,0.93
1777705986.725728,38.5,3.1,0.2,0.93
1777705987.8592472,38.5,3.1,0.2,0.93
1777705988.9423833,38.5,3.1,0.19,0.93
1777705990.07745,38.5,3.1,0.2,0.93
1777705991.2441194,38.5,3.1,0.2,0.93
1777705992.3666556,38.5,3.1,0.2,0.93
1777705993.5260193,38.5,3.1,0.2,0.93
1777705994.657504,38.5,3.1,0.19,0.93
1777705995.7931745,38.5,3.1,0.19,0.93
1777705996.9570644,38.5,3.1,0.2,0.93
1777705998.1296184,38.5,3.1,0.2,0.93
1777705999.295576,38.5,3.1,0.2,0.93
1777706000.4056277,38.5,3.1,0.2,0.93
1777706001.501158,38.5,3.1,0.2,0.93
1777706002.6678565,38.5,3.1,0.2,0.93
1777706003.8052382,38.5,3.1,0.2,0.93
1777706005.0081577,38.5,3.1,0.2,0.93
1777706006.1462686,38.5,3.1,0.2,0.93
1777706007.3151667,38.5,3.1,0.2,0.93
1777706008.5152354,38.5,3.1,0.19,0.93
1777706009.6822863,38.5,3.1,0.2,0.93
1777706010.8340483,38.5,3.1,0.2,0.93
1777706011.9958708,38.5,3.1,0.2,0.93
1777706013.1476486,38.5,3.1,0.2,0.93
1777706014.321514,38.5,3.1,0.2,0.93
1777706015.4750557,38.5,3.1,0.2,0.93
1777706016.5582786,38.5,3.1,0.2,0.93
1777706017.6775675,38.5,3.1,0.19,0.93
1777706018.8003619,38.5,3.1,0.19,0.93
1777706019.9590416,38.5,3.1,0.19,0.93
1777706021.1299763,38.5,3.1,0.19,0.93
1777706022.2337863,38.5,3.1,0.19,0.93
1777706023.3663921,38.5,3.1,0.2,0.93
1777706024.526079,38.5,3.1,0.19,0.93
1777706025.7069707,38.5,3.1,0.19,0.93
1777706026.8565166,38.5,3.1,0.19,0.93
1777706028.0304425,38.5,3.1,0.19,0.93
1777706029.2039075,38.5,3.09,0.19,0.93
1777706030.3371096,38.5,3.09,0.19,0.93
1777706031.4881685,38.5,3.09,0.19,0.93
1777706032.5835974,38.5,3.09,0.19,0.93
1777706033.6966646,38.5,3.09,0.19,0.93
1777706034.8247368,38.5,3.09,0.19,0.93
1777706035.9558733,38.5,3.09,0.19,0.93
1777706037.1644468,38.5,3.09,0.19,0.93
1777706038.347578,38.5,3.09,0.19,0.93
1777706039.4502442,38.5,3.09,0.19,0.93
1777706040.6050208,38.5,3.09,0.19,0.93
1777706041.7626605,38.5,3.09,0.19,0.93
1777706042.9557998,38.5,3.09,0.2,0.93
1777706044.1030264,38.5,3.09,0.2,0.93
1777706045.2695632,38.5,3.09,0.19,0.93
1777706046.432185,38.5,3.09,0.19,0.93
1777706047.6061249,38.5,3.09,0.19,0.93
1777706048.783498,38.5,3.09,0.19,0.93
1777706049.9867203,38.5,3.09,0.19,0.93
1777706051.1323957,38.5,3.1,0.2,0.93
1777706052.2912621,38.5,3.1,0.2,0.93
1777706053.450271,38.5,3.1,0.2,0.93
1777706054.6000984,38.5,3.1,0.2,0.93
1777706055.7580237,38.5,3.1,0.2,0.93
1777706056.8782144,38.5,3.1,0.19,0.93
1777706058.080793,38.5,3.1,0.19,0.93
1777706059.2398705,38.5,3.1,0.2,0.93
1777706060.402296,38.5,3.1,0.19,0.93
1777706061.5374165,38.5,3.1,0.2,0.93
1777706062.598017,38.5,3.1,0.2,0.93
1777706063.7077742,38.5,3.09,0.2,0.93
1777706064.8738356,38.5,3.09,0.2,0.93
1777706066.0108104,38.5,3.09,0.2,0.93
1777706067.1776597,38.5,3.09,0.2,0.93
1777706068.3578188,38.5,3.09,0.2,0.93
1777706069.4815161,38.5,3.09,0.2,0.93
1777706070.6529875,38.5,3.09,0.2,0.93
1777706071.8340917,38.5,3.09,0.2,0.93
1777706073.0462282,38.5,3.09,0.2,0.93
1777706074.1522605,38.5,3.09,0.19,0.93
1777706075.2957585,38.5,3.09,0.2,0.93
1777706076.4059424,38.5,3.09,0.2,0.93
1777706077.574144,38.5,3.09,0.2,0.93
1777706078.8360412,38.5,3.09,0.19,0.93
1777706079.9632924,38.5,3.09,0.19,0.93
1777706081.161981,38.5,3.09,0.19,0.93
1777706082.3150463,38.5,3.09,0.19,0.93
1777706083.477418,38.5,3.09,0.19,0.93
1777706084.6406069,38.5,3.09,0.19,0.93
1777706085.7952676,38.5,3.09,0.19,0.93
1777706086.9922922,38.5,3.09,0.19,0.93
1777706088.1622703,38.5,3.09,0.19,0.93
1777706089.3903148,38.5,3.09,0.19,0.93
1777706090.5080092,38.5,3.09,0.19,0.93
1777706091.6835616,38.5,3.09,0.19,0.93
1777706092.9426694,38.5,3.09,0.19,0.93
1777706094.0008018,38.5,3.09,0.19,0.93
1777706095.1440775,38.5,3.09,0.19,0.93
1777706096.2875817,38.5,3.09,0.19,0.93
1777706097.4289682,38.5,3.09,0.19,0.93
1777706098.5863624,38.5,3.09,0.19,0.93
1777706099.7426121,38.5,3.09,0.19,0.93
1777706100.9412978,38.5,3.09,0.19,0.93
1777706102.1578145,38.5,3.09,0.19,0.93
1777706103.3276598,38.5,3.1,0.19,0.93
1777706104.4984026,38.5,3.1,0.19,0.93
1777706105.7041588,38.5,3.1,0.19,0.93
1777706106.8101964,38.5,3.1,0.19,0.93
1777706107.9223835,38.5,3.1,0.2,0.93
1777706109.0848246,38.5,3.1,0.2,0.93
1777706110.201959,38.5,3.1,0.2,0.93
1777706111.3129683,38.5,3.1,0.2,0.93
1777706112.4641244,38.5,3.1,0.2,0.93
1777706113.637479,38.5,3.1,0.2,0.93
1777706114.7878516,38.5,3.1,0.19,0.93
1777706115.9492998,38.5,3.1,0.19,0.93
1777706117.1145756,38.5,3.1,0.2,0.93
1777706118.2756078,38.5,3.1,0.2,0.93
1777706119.4507012,38.5,3.1,0.2,0.93
1777706120.6085553,38.5,3.1,0.2,0.93
1777706121.783463,38.5,3.1,0.2,0.93
1777706122.9320407,38.5,3.1,0.2,0.93
1777706124.0679862,38.5,3.1,0.2,0.93
1777706125.2238219,38.5,3.1,0.2,0.93
1777706126.3004148,38.5,3.1,0.2,0.93
1777706127.3939352,38.5,3.1,0.2,0.93
1777706128.4627333,38.5,3.1,0.2,0.93
1777706129.5621595,38.5,3.1,0.2,0.93
1777706130.7141728,38.5,3.1,0.2,0.93
1777706131.8253918,38.5,3.1,0.2,0.93
1777706132.9874988,38.5,3.1,0.2,0.93
1777706134.1275947,38.5,3.1,0.2,0.93
1777706135.2716858,38.5,3.1,0.2,0.93
1777706136.427127,38.5,3.1,0.2,0.93
1777706137.5722876,38.5,3.1,0.2,0.93
1777706138.7423964,38.5,3.09,0.19,0.93
1777706139.889034,38.5,3.1,0.2,0.93
1777706141.0788908,38.5,3.1,0.2,0.93
1777706142.167124,38.5,3.09,0.19,0.93
1777706143.2659674,38.5,3.09,0.19,0.93
1777706144.3851597,38.5,3.09,0.19,0.93
1777706145.5709047,38.5,3.09,0.19,0.93
1777706146.7214553,38.5,3.09,0.19,0.93
1777706147.8711512,38.5,3.09,0.19,0.93
1777706149.0995286,38.5,3.09,0.19,0.93
1777706150.2539968,38.5,3.09,0.19,0.93
1777706151.4071844,38.5,3.09,0.19,0.93
1777706152.5143027,38.5,3.09,0.19,0.93
1777706153.692256,38.5,3.09,0.19,0.93
1777706154.8251522,38.5,3.09,0.19,0.93
1777706155.9915721,38.5,3.09,0.19,0.93
1777706157.1730785,38.5,3.09,0.19,0.93
1777706158.2750094,38.5,3.09,0.19,0.93
1777706159.4117522,38.5,3.09,0.19,0.93
1777706160.5153193,38.5,3.09,0.19,0.93
1777706161.670479,38.5,3.09,0.19,0.93
1777706162.788967,38.5,3.09,0.19,0.93
1777706163.9486039,38.5,3.09,0.19,0.93
1777706165.123422,38.5,3.09,0.19,0.93
1777706166.3262284,38.5,3.09,0.19,0.93
1777706167.4584005,38.5,3.1,0.19,0.93
1777706168.6383388,38.5,3.1,0.19,0.93
1777706169.6764987,38.5,3.1,0.19,0.93
1777706170.8592906,38.5,3.1,0.19,0.93
1777706171.9743466,38.5,3.1,0.2,0.93
1777706173.07465,38.5,3.1,0.2,0.93
1777706174.138271,38.5,3.1,0.2,0.93
1777706175.220394,38.5,3.1,0.2,0.93
1777706176.3368397,38.5,3.1,0.2,0.93
1777706177.4508886,38.5,3.1,0.2,0.93
1777706178.6439464,38.5,3.1,0.2,0.93
1777706179.7607384,38.5,3.1,0.2,0.93
1777706180.9746706,38.5,3.1,0.19,0.93
1777706182.1629376,38.5,3.1,0.2,0.93
1777706183.2641695,38.5,3.1,0.2,0.93
1777706184.3928561,38.5,3.1,0.19,0.93
1777706185.519436,38.5,3.1,0.2,0.93
1777706186.6868806,38.5,3.1,0.2,0.93
1777706187.8147132,38.5,3.1,0.2,0.93
1777706189.0347922,38.5,3.1,0.19,0.93
1777706190.115942,38.5,3.1,0.2,0.93
1777706191.188263,38.5,3.1,0.2,0.93
1777706192.305126,38.5,3.1,0.2,0.93
1777706193.4915493,38.5,3.1,0.19,0.93
1777706194.6428647,38.5,3.1,0.19,0.93
1777706195.8026752,38.5,3.1,0.19,0.93
1777706196.934274,38.5,3.1,0.2,0.93
1777706198.112561,38.5,3.1,0.2,0.93
1777706199.1655855,38.5,3.1,0.2,0.93
1777706200.2921076,38.5,3.1,0.2,0.93
1777706201.4430177,38.5,3.1,0.19,0.93
1777706202.67333,38.5,3.1,0.19,0.93
1777706203.773993,38.5,3.1,0.19,0.93
1777706204.9090893,38.5,3.1,0.2,0.93
1777706206.0337694,38.5,3.1,0.2,0.93
1777706207.174191,38.5,3.1,0.19,0.93
1777706208.3171155,38.5,3.1,0.2,0.93
1777706209.5111017,38.5,3.1,0.2,0.93
1777706210.6742902,38.5,3.1,0.2,0.93
1777706211.8158412,38.5,3.1,0.2,0.93
1777706212.993165,38.5,3.1,0.2,0.93
1777706214.1211133,38.5,3.1,0.2,0.93
1777706215.3014014,38.5,3.1,0.2,0.93
1777706216.4884117,38.5,3.1,0.2,0.93
1777706217.63955,38.5,3.1,0.2,0.93
1777706218.7524886,38.5,3.1,0.2,0.93
1777706219.8099668,38.5,3.1,0.2,0.93
1777706220.8632402,38.5,3.1,0.2,0.93
1777706221.927596,38.5,3.1,0.2,0.93
1777706223.0592153,38.5,3.1,0.2,0.93
1777706224.2761183,38.5,3.1,0.2,0.93
1777706225.4119623,38.5,3.1,0.19,0.93
1777706226.5511627,38.5,3.1,0.19,0.93
1777706227.6953611,38.5,3.1,0.19,0.93
1777706228.7984176,38.5,3.1,0.19,0.93
1777706229.949486,38.5,3.1,0.19,0.93
1777706231.0615516,38.5,3.1,0.19,0.93
1777706232.2377079,38.5,3.1,0.19,0.93
1777706233.3072689,38.5,3.1,0.19,0.93
1777706234.3410788,38.5,3.1,0.19,0.93
1777706235.4553328,38.5,3.1,0.19,0.93
1777706236.5635047,38.5,3.1,0.2,0.93
1777706237.670614,38.5,3.1,0.2,0.93
1777706238.7259724,38.5,3.1,0.2,0.93
1777706239.832644,38.5,3.1,0.2,0.93
1777706240.9552593,38.5,3.1,0.19,0.93
1777706242.0840738,38.5,3.1,0.2,0.93
1777706243.2093182,38.5,3.1,0.2,0.93
1777706244.374769,38.5,3.1,0.2,0.93
1777706245.5027206,38.5,3.1,0.2,0.93
1777706246.6861966,38.5,3.13,0.2,0.94
1777706247.8435557,38.5,3.19,0.33,0.96
1777706248.9674702,38.5,3.19,0.42,0.96
1777706250.041347,38.5,3.19,0.36,0.96
1777706251.1056094,38.5,3.19,0.3,0.96
1777706252.227776,38.5,3.19,0.28,0.96
1777706253.4039009,38.5,3.19,0.26,0.96
1777706254.531373,38.5,3.19,0.29,0.96
1777706255.6436465,38.5,3.25,0.39,0.98
1777706256.7808428,38.5,3.3,0.47,0.99
1777706257.8351746,38.5,3.35,0.52,1.01
1777706258.9976625,38.5,3.4,0.57,1.02
1777706260.1524339,38.5,3.44,0.6,1.03
1777706261.2842596,38.5,3.48,0.62,1.09
1777706262.4415572,38.5,3.52,0.64,1.16
1777706263.58916,38.5,3.55,0.66,1.23
1777706264.6526701,38.5,3.58,0.67,1.29
1777706265.737792,38.5,3.61,0.67,1.36
1777706266.880483,38.5,3.63,0.68,1.42
1777706268.0049913,38.5,3.65,0.68,1.49
1777706269.1774864,38.5,3.68,0.69,1.55
1777706270.3513727,38.5,3.7,0.69,1.6
1777706271.505583,38.5,3.71,0.69,1.66
1777706272.6582947,38.5,3.73,0.69,1.71
1777706273.8154862,38.5,3.75,0.69,1.76
1777706274.935764,38.5,3.76,0.69,1.81
1777706276.0881534,38.5,3.77,0.69,1.86
1777706277.2182975,38.5,3.79,0.69,1.9
1777706278.3763945,38.5,3.8,0.69,1.94
1777706279.5127206,38.5,3.81,0.69,1.98
1777706280.6081953,38.5,3.82,0.69,2.02
1777706281.7125502,38.5,3.83,0.69,2.05
1777706282.8332124,38.5,3.83,0.69,2.09
1777706283.8998787,38.5,3.84,0.69,2.12
1777706285.0247636,38.5,3.85,0.69,2.15
1777706286.2068312,38.5,3.85,0.69,2.18
1777706287.3619723,38.5,3.86,0.69,2.21
1777706288.50329,38.5,3.87,0.7,2.24
1777706289.7059176,38.5,3.87,0.7,2.26
1777706290.873899,38.5,3.87,0.7,2.29
1777706292.060811,38.5,3.88,0.69,2.31
1777706293.2257905,38.5,3.88,0.69,2.33
1777706294.350076,38.5,3.89,0.7,2.35
1777706295.550622,38.5,3.89,0.69,2.37
1777706296.714379,38.5,3.89,0.69,2.39
1777706297.8669298,38.5,3.9,0.69,2.41
1777706299.099361,38.5,3.9,0.7,2.42
1777706300.176107,38.5,3.9,0.7,2.44
1777706301.2239282,38.5,3.9,0.69,2.45
1777706302.3522148,38.5,3.9,0.69,2.47
1777706303.5267956,38.5,3.91,0.7,2.48
1777706304.701799,38.5,3.91,0.69,2.49
1777706305.8607728,38.5,3.91,0.69,2.51
1777706307.0198672,38.5,3.91,0.7,2.52
1777706308.2024074,38.5,3.91,0.7,2.53
1777706309.3710315,38.5,3.91,0.69,2.54
1777706310.594193,38.5,3.92,0.69,2.55
1777706311.7524881,38.5,3.92,0.69,2.56
1777706312.9636621,38.5,3.92,0.69,2.57
1777706314.1393301,38.5,3.92,0.69,2.58
1777706315.311522,38.5,3.92,0.69,2.58
1777706316.3933852,38.5,3.92,0.69,2.59
1777706317.522115,38.5,3.92,0.69,2.6
1777706318.7003555,38.5,3.92,0.69,2.6
1777706319.9300277,38.5,3.92,0.69,2.61
1777706321.1260543,38.5,3.92,0.69,2.62
1777706322.337387,38.5,3.92,0.7,2.62
1777706323.47161,38.5,3.92,0.7,2.63
1777706324.612919,38.5,3.92,0.69,2.63
1777706325.8092544,38.5,3.93,0.69,2.64
1777706326.9835858,38.5,3.93,0.69,2.64
1777706328.1140492,38.5,3.93,0.69,2.65
1777706329.319969,38.5,3.93,0.69,2.65
1777706330.4945784,38.5,3.93,0.69,2.65
1777706331.7249928,38.5,3.93,0.69,2.66
1777706332.8683789,38.5,3.93,0.69,2.66
1777706334.0313835,38.5,3.93,0.69,2.66
1777706335.1630144,38.5,3.93,0.69,2.67
1777706336.2150853,38.5,3.93,0.69,2.67
1777706337.2900693,38.5,3.93,0.7,2.67
1777706338.436646,38.5,3.93,0.69,2.68
1777706339.5178154,38.5,3.93,0.69,2.68
1777706340.6957083,38.5,3.93,0.7,2.68
1777706341.8242857,38.5,3.93,0.7,2.68
1777706342.9272141,38.5,3.93,0.7,2.69
1777706344.1170642,38.5,3.93,0.69,2.69
1777706345.1589415,38.5,3.93,0.7,2.69
1777706346.1592655,38.5,3.93,0.7,2.69
1777706347.1755867,38.5,3.93,0.7,2.7
1777706348.2630901,38.5,3.93,0.7,2.7
1777706349.3533437,38.5,3.93,0.7,2.7
1777706350.3789265,38.5,3.93,0.7,2.71
1777706351.4478362,38.5,3.93,0.7,2.71
1777706352.533523,38.5,3.93,0.7,2.71
1777706353.6239533,38.5,3.93,0.7,2.71
1777706354.6976233,38.5,3.93,0.7,2.71
1777706355.763659,38.5,3.93,0.7,2.71
1777706356.8548465,38.5,3.93,0.69,2.71
1777706357.9338188,38.5,3.93,0.7,2.72
1777706359.033628,38.5,3.93,0.7,2.72
1777706360.0933278,38.5,3.93,0.69,2.72
1777706361.1855185,38.5,3.93,0.69,2.72
1777706362.2731946,38.5,3.93,0.7,2.72
1777706363.3538444,38.5,3.93,0.7,2.72
1777706364.4239116,38.5,3.93,0.69,2.72
1777706365.5200734,38.5,3.93,0.69,2.72
1777706366.5982745,38.5,3.93,0.7,2.72
1777706367.6314058,38.5,3.93,0.7,2.72
1777706368.6776814,38.5,3.93,0.69,2.72
1777706369.7922788,38.5,3.93,0.69,2.72
1777706370.8739114,38.5,3.93,0.7,2.73
1777706371.955719,38.5,3.93,0.7,2.73
1777706373.0337312,38.5,3.93,0.7,2.73
1777706374.1379552,38.5,3.93,0.69,2.73
1777706375.2175336,38.5,3.93,0.69,2.73
1777706376.291078,38.5,3.93,0.7,2.73
1777706377.380478,38.5,3.93,0.7,2.73
1777706378.4698548,38.5,3.93,0.69,2.73
1777706379.5339727,38.5,3.93,0.7,2.73
1777706380.617484,38.5,3.93,0.69,2.73
1777706381.7079859,38.5,3.93,0.69,2.73
1777706382.8122158,38.5,3.93,0.69,2.73
1777706383.8668585,38.5,3.93,0.7,2.73
1777706384.9576297,38.5,3.93,0.7,2.73
1777706385.987926,38.5,3.93,0.7,2.73
1777706387.0515041,38.5,3.93,0.7,2.73
1777706388.1039639,38.5,3.93,0.7,2.73
1777706389.159936,38.5,3.93,0.7,2.73
1777706390.2148235,38.5,3.93,0.7,2.73
1777706391.288521,38.5,3.93,0.7,2.73
1777706392.3800256,38.5,3.94,0.7,2.74
1777706393.4542296,38.5,3.94,0.7,2.74
1777706394.5312116,38.5,3.93,0.7,2.74
1777706395.6366096,38.5,3.93,0.7,2.74
1777706396.7215059,38.5,3.94,0.7,2.74
1777706397.8167205,38.5,3.94,0.7,2.74
1777706398.8985136,38.5,3.94,0.69,2.74
1777706399.9715097,38.5,3.94,0.69,2.74
1777706401.0623186,38.5,3.94,0.69,2.74
1777706402.1381843,38.5,3.94,0.69,2.74
1777706403.2195876,38.5,3.94,0.69,2.74
1777706404.3122752,38.5,3.94,0.69,2.73
1777706405.391399,38.5,3.94,0.69,2.73
1777706406.4586487,38.5,3.94,0.69,2.73
1777706407.655373,38.5,3.94,0.69,2.73
1777706408.71495,38.5,3.94,0.69,2.73
1777706409.778569,38.5,3.94,0.69,2.73
1777706410.8504274,38.5,3.94,0.69,2.73
1777706411.9171038,38.5,3.94,0.69,2.73
1777706412.9721956,38.5,3.94,0.69,2.73
1777706414.0462976,38.5,3.94,0.69,2.73
1777706415.1309752,38.5,3.94,0.69,2.73
1777706416.2139344,38.5,3.94,0.69,2.73
1777706417.283624,38.5,3.94,0.69,2.73
1777706418.352585,38.5,3.94,0.69,2.73
1777706419.4506538,38.5,3.94,0.7,2.73
1777706420.528063,38.5,3.94,0.69,2.73
1777706421.6308842,38.5,3.94,0.7,2.73
1777706422.7674994,38.5,3.94,0.7,2.73
1777706423.8737361,38.5,3.94,0.7,2.73
1777706424.9442647,38.5,3.94,0.7,2.73
1777706426.027637,38.5,3.94,0.69,2.73
1777706427.1028082,38.5,3.94,0.7,2.73
1777706428.1665556,38.5,3.94,0.69,2.73
1777706429.249562,38.5,3.94,0.69,2.73
1777706430.3251712,38.6,3.94,0.69,2.73
1777706431.39824,38.6,3.94,0.69,2.73
1777706432.4850528,38.6,3.94,0.69,2.73
1777706433.5624673,38.6,3.94,0.69,2.73
1777706434.6455202,38.5,3.94,0.69,2.73
1777706435.7314477,38.5,3.94,0.69,2.73
1777706436.7995908,38.5,3.94,0.69,2.73
1777706437.867599,38.5,3.94,0.69,2.73
1777706438.9377694,38.5,3.94,0.69,2.73
1777706440.0205333,38.5,3.94,0.69,2.73
1777706441.1039715,38.5,3.94,0.69,2.73
1777706442.1855452,38.5,3.94,0.69,2.73
1777706443.275485,38.5,3.94,0.69,2.73
1777706444.3693113,38.5,3.94,0.69,2.73
1777706445.4235833,38.5,3.94,0.69,2.72
1777706446.4998307,38.5,3.94,0.69,2.72
1777706447.584203,38.5,3.94,0.69,2.72
1777706448.645365,38.5,3.94,0.69,2.72
1777706449.709026,38.5,3.94,0.69,2.72
1777706450.7908423,38.5,3.94,0.69,2.72
1777706451.876776,38.5,3.94,0.69,2.72
1777706452.9660718,38.5,3.94,0.69,2.72
1777706454.0463307,38.5,3.94,0.69,2.72
1777706455.1034555,38.5,3.94,0.69,2.72
1777706456.1761856,38.5,3.94,0.69,2.72
1777706457.240678,38.5,3.94,0.69,2.72
1777706458.306231,38.5,3.94,0.69,2.72
1777706459.4098437,38.5,3.94,0.69,2.72
1777706460.5052552,38.5,3.94,0.69,2.72
1777706461.567393,38.5,3.94,0.7,2.72
1777706462.6640048,38.5,3.94,0.69,2.72
1777706463.7563257,38.5,3.94,0.69,2.72
1777706464.903519,38.5,3.94,0.69,2.72
1777706466.0655587,38.5,3.94,0.69,2.72
1777706467.2378535,38.5,3.94,0.69,2.72
1777706468.2676318,38.5,3.94,0.69,2.72
1777706469.346086,38.5,3.94,0.69,2.72
1777706470.4177814,38.5,3.94,0.69,2.72
1777706471.4565303,38.5,3.94,0.69,2.72
1777706472.5346968,38.5,3.94,0.69,2.72
1777706473.6162171,38.5,3.94,0.7,2.73
1777706474.6975198,38.5,3.94,0.69,2.73
1777706475.754854,38.5,3.94,0.7,2.73
1777706476.8452573,38.5,3.94,0.69,2.73
1777706477.919749,38.5,3.94,0.69,2.73
1777706478.995143,38.5,3.94,0.69,2.73
1777706480.1183505,38.5,3.94,0.69,2.73
1777706481.1732528,38.5,3.94,0.69,2.73
1777706482.261027,38.5,3.94,0.69,2.73
1777706483.3061764,38.5,3.94,0.7,2.73
1777706484.4023802,38.5,3.94,0.69,2.73
1777706485.47227,38.5,3.94,0.69,2.73
1777706486.5481312,38.5,3.94,0.69,2.73
1777706487.6166263,38.5,3.94,0.69,2.73
1777706488.7096443,38.5,3.94,0.69,2.73
1777706489.7783015,38.5,3.94,0.69,2.73
1777706490.8555272,38.5,3.94,0.7,2.73
1777706491.9266136,38.5,3.94,0.7,2.73
1777706493.0060139,38.5,3.94,0.7,2.73
1777706494.0820901,38.5,3.94,0.7,2.73
1777706495.1575668,38.5,3.94,0.7,2.73
1777706496.2478125,38.5,3.94,0.7,2.73
1777706497.2848237,38.5,3.94,0.7,2.73
1777706498.3724325,38.5,3.94,0.7,2.73
1777706499.4558332,38.5,3.94,0.7,2.74
1777706500.5260866,38.5,3.94,0.7,2.74
1777706501.57945,38.5,3.94,0.7,2.74
1777706502.6591167,38.5,3.94,0.7,2.74
1777706503.743298,38.5,3.94,0.7,2.74
1777706504.79257,38.5,3.94,0.7,2.74
1777706505.8507154,38.5,3.94,0.7,2.74
1777706506.909155,38.5,3.94,0.7,2.74
1777706507.99166,38.5,3.94,0.7,2.74
1777706509.0515513,38.5,3.94,0.7,2.74
1777706510.1244607,38.5,3.94,0.7,2.74
1777706511.1957824,38.5,3.94,0.7,2.74
1777706512.276326,38.5,3.94,0.7,2.74
1777706513.330681,38.5,3.94,0.69,2.74
1777706514.4277976,38.5,3.94,0.69,2.74
1777706515.5081189,38.5,3.94,0.69,2.74
1777706516.563786,38.5,3.94,0.7,2.74
1777706517.6461086,38.5,3.94,0.69,2.74
1777706518.726052,38.5,3.94,0.7,2.74
1777706519.7897828,38.5,3.94,0.7,2.74
1777706520.8726673,38.5,3.94,0.7,2.74
1777706521.9376247,38.5,3.94,0.7,2.74
1777706523.0195,38.5,3.94,0.7,2.74
1777706524.0968664,38.5,3.94,0.7,2.74
1777706525.1784916,38.5,3.94,0.7,2.74
1777706526.2230074,38.5,3.94,0.69,2.74
1777706527.301972,38.5,3.94,0.69,2.74
1777706528.3698459,38.5,3.94,0.69,2.74
1777706529.4380672,38.5,3.94,0.69,2.74
1777706530.4959621,38.5,3.94,0.69,2.74
1777706531.5552697,38.5,3.94,0.69,2.74
1777706532.617305,38.5,3.94,0.69,2.74
1777706533.689667,38.5,3.94,0.69,2.74
1777706534.778402,38.5,3.94,0.69,2.74
1777706535.8747673,38.5,3.94,0.69,2.73
1777706536.9583175,38.5,3.94,0.69,2.73
1777706538.0066576,38.5,3.94,0.69,2.73
1777706539.117332,38.5,3.94,0.69,2.73
1777706540.1669946,38.5,3.94,0.69,2.73
1777706541.2269073,38.5,3.94,0.69,2.73
1777706542.3030822,38.5,3.94,0.69,2.73
1777706543.3884661,38.5,3.94,0.7,2.73
1777706544.475404,38.5,3.94,0.69,2.73
1777706545.549576,38.5,3.94,0.69,2.73
1777706546.6120691,38.5,3.94,0.69,2.73
1777706547.6809719,38.5,3.94,0.7,2.73
1777706548.768541,38.5,3.94,0.7,2.74
1777706549.8339448,38.5,3.94,0.7,2.74
1777706550.906086,38.5,3.94,0.7,2.74
1777706551.9791117,38.5,3.94,0.7,2.74
1777706553.062986,38.5,3.94,0.7,2.74
1777706554.1666355,38.5,3.94,0.7,2.74
1777706555.2377787,38.5,3.94,0.7,2.74
1777706556.3055844,38.5,3.94,0.7,2.74
1777706557.3651197,38.5,3.94,0.7,2.74
1777706558.4516726,38.5,3.94,0.7,2.74
1777706559.5404277,38.5,3.94,0.7,2.74
1777706560.6162734,38.5,3.94,0.7,2.74
1777706561.6775336,38.5,3.94,0.7,2.74
1777706562.641359,38.5,3.94,0.7,2.74
1777706563.6730359,38.5,3.94,0.7,2.74
1777706564.7411294,38.5,3.94,0.7,2.75
1777706565.8123255,38.5,3.94,0.7,2.75
1777706566.8857818,38.5,3.94,0.7,2.75
1777706567.904056,38.5,3.94,0.7,2.75
1777706568.9942467,38.5,3.94,0.7,2.75
1777706570.0886075,38.5,3.94,0.7,2.75
1777706571.14182,38.5,3.94,0.7,2.75
1777706572.204782,38.5,3.94,0.7,2.75
1777706573.27163,38.5,3.94,0.7,2.75
1777706574.327577,38.5,3.94,0.7,2.75
1777706575.3922987,38.5,3.94,0.7,2.75
1777706576.500996,38.5,3.94,0.7,2.75
1777706577.5570264,38.5,3.94,0.7,2.75
1777706578.6325054,38.5,3.94,0.7,2.75
1777706579.7095785,38.5,3.94,0.7,2.75
1777706580.784349,38.5,3.94,0.7,2.75
1777706581.8362415,38.5,3.94,0.7,2.75
1777706582.9173675,38.5,3.94,0.7,2.75
1777706583.989999,38.5,3.94,0.7,2.75
1777706585.0494967,38.5,3.94,0.7,2.75
1777706586.1116765,38.5,3.94,0.7,2.75
1777706587.1699653,38.5,3.94,0.7,2.75
1777706588.233658,38.5,3.94,0.7,2.75
1777706589.3034081,38.5,3.94,0.7,2.75
1777706590.4249175,38.5,3.94,0.7,2.75
1777706591.4924293,38.5,3.94,0.71,2.75
1777706592.5507267,38.5,3.94,0.7,2.75
1777706593.6327126,38.5,3.94,0.7,2.75
1777706594.7000494,38.5,3.94,0.7,2.76
1777706595.7759237,38.5,3.94,0.7,2.76
1777706596.8793895,38.5,3.94,0.7,2.76
1777706597.9391098,38.5,3.94,0.7,2.76
1777706599.0346482,38.5,3.94,0.7,2.76
1777706600.0973074,38.5,3.94,0.7,2.76
1777706601.1836119,38.5,3.94,0.7,2.76
1777706602.2713442,38.5,3.94,0.7,2.76
1777706603.3485215,38.5,3.94,0.7,2.76
1777706604.4160657,38.5,3.94,0.7,2.76
1777706605.4986942,38.5,3.94,0.7,2.76
1777706606.5542934,38.5,3.94,0.7,2.76
1777706607.6081443,38.5,3.94,0.7,2.76
1777706608.6792488,38.5,3.94,0.7,2.76
1777706609.7393866,38.5,3.94,0.7,2.76
1777706610.7983594,38.5,3.94,0.7,2.76
1777706611.8964403,38.5,3.94,0.7,2.76
1777706612.942831,38.5,3.94,0.7,2.76
1777706614.0069122,38.5,3.94,0.7,2.76
1777706615.060878,38.5,3.94,0.7,2.76
1777706616.1210375,38.5,3.94,0.7,2.76
1777706617.1942384,38.5,3.94,0.7,2.76
1777706618.260463,38.5,3.94,0.7,2.76
1777706619.3335903,38.5,3.94,0.7,2.75
1777706620.442522,38.5,3.94,0.7,2.76
1777706621.52007,38.5,3.94,0.7,2.76
1777706622.591983,38.5,3.94,0.7,2.76
1777706623.6711733,38.5,3.94,0.7,2.76
1777706624.7287734,38.5,3.94,0.7,2.76
1777706625.8077455,38.5,3.94,0.7,2.76
1777706626.8273244,38.5,3.94,0.7,2.76
1777706627.8748996,38.5,3.94,0.7,2.76
1777706628.9755106,38.5,3.94,0.7,2.76
1777706630.053445,38.5,3.94,0.7,2.76
1777706631.1192472,38.5,3.94,0.7,2.76
1777706632.1984303,38.5,3.94,0.7,2.76
1777706633.2577026,38.5,3.94,0.71,2.76
1777706634.3335116,38.5,3.94,0.71,2.76
1777706635.4035532,38.5,3.94,0.71,2.76
1777706636.5156312,38.5,3.94,0.7,2.76
1777706637.6671548,38.5,3.94,0.7,2.76
1777706638.7427926,38.5,3.94,0.7,2.76
1777706639.8042173,38.5,3.94,0.7,2.76
1777706640.9097605,38.5,3.94,0.7,2.76
1777706641.973146,38.5,3.94,0.7,2.76
1777706643.063357,38.5,3.94,0.7,2.76
1777706644.1723568,38.5,3.94,0.7,2.76
1777706645.2426255,38.5,3.94,0.7,2.76
1777706646.3629518,38.5,3.94,0.7,2.76
1777706647.4271803,38.5,3.94,0.7,2.76
1777706648.486142,38.5,3.94,0.7,2.76
1777706649.6189342,38.5,3.94,0.7,2.76
1777706650.7223551,38.5,3.94,0.7,2.76
1777706651.7932796,38.5,3.94,0.7,2.76
1777706652.8618724,38.5,3.94,0.7,2.76
1777706653.9413586,38.5,3.94,0.7,2.76
1777706655.0099158,38.5,3.94,0.7,2.76
1777706656.0693865,38.5,3.94,0.7,2.76
1777706657.1338685,38.5,3.94,0.7,2.76
1777706658.2203155,38.5,3.94,0.7,2.76
1777706659.2832081,38.5,3.94,0.7,2.76
1777706660.3417602,38.5,3.94,0.7,2.76
1777706661.4423587,38.5,3.94,0.7,2.76
1777706662.5084631,38.5,3.94,0.7,2.76
1777706663.6802142,38.5,3.94,0.7,2.76
1777706664.7552722,38.5,3.94,0.7,2.76
1777706665.8138065,38.5,3.94,0.7,2.76
1777706666.9139817,38.5,3.94,0.7,2.76
1777706667.9844158,38.5,3.94,0.7,2.76
1777706669.0542064,38.5,3.94,0.7,2.76
1777706670.119803,38.5,3.94,0.7,2.76
1777706671.1878061,38.5,3.94,0.7,2.76
1777706672.279987,38.5,3.94,0.7,2.76
1777706673.3464448,38.5,3.94,0.7,2.76
1777706674.4233258,38.5,3.94,0.7,2.76
1777706675.4857802,38.5,3.94,0.7,2.76
1777706676.538703,38.5,3.94,0.7,2.76
1777706677.5996826,38.5,3.94,0.7,2.76
1777706678.672652,38.5,3.94,0.7,2.76
1777706679.7690825,38.5,3.94,0.7,2.76
1777706680.8308883,38.5,3.94,0.7,2.76
1777706681.9119081,38.5,3.94,0.7,2.76
1777706682.984075,38.5,3.94,0.7,2.76
1777706684.0642262,38.5,3.94,0.7,2.76
1777706685.145373,38.5,3.94,0.7,2.76
1777706686.2213893,38.5,3.94,0.7,2.76
1777706687.2764354,38.5,3.94,0.7,2.76
1777706688.3488839,38.5,3.94,0.7,2.76
1777706689.4272888,38.5,3.94,0.7,2.76
1777706690.5049913,38.5,3.94,0.7,2.76
1777706691.58305,38.5,3.94,0.7,2.76
1777706692.6728227,38.5,3.94,0.7,2.76
1777706693.694607,38.5,3.94,0.71,2.76
1777706694.741122,38.5,3.94,0.7,2.76
1777706695.8426414,38.5,3.94,0.7,2.76
1777706696.906507,38.5,3.94,0.7,2.76
1777706698.002929,38.5,3.94,0.7,2.76
1777706699.085106,38.5,3.94,0.7,2.76
1777706700.161898,38.5,3.94,0.69,2.76
1777706701.2294962,38.5,3.94,0.69,2.76
1777706702.3035276,38.5,3.94,0.69,2.76
1777706703.3063822,38.5,3.94,0.7,2.76
1777706704.3579674,38.5,3.94,0.69,2.75
1777706705.4020448,38.5,3.94,0.7,2.75
1777706706.4920878,38.5,3.94,0.7,2.75
1777706707.5613189,38.5,3.94,0.7,2.75
1777706708.630606,38.5,3.94,0.7,2.75
1777706709.7175438,38.5,3.94,0.7,2.75
1777706710.79929,38.5,3.94,0.7,2.75
1777706711.8554482,38.5,3.94,0.7,2.76
1777706712.9454536,38.5,3.94,0.7,2.76
1777706714.0074646,38.5,3.94,0.7,2.76
1777706715.1103168,38.5,3.94,0.7,2.76
1777706716.1821787,38.5,3.94,0.7,2.76
1777706717.2511978,38.5,3.94,0.7,2.76
1777706718.3160822,38.5,3.94,0.7,2.76
1777706719.3836193,38.5,3.94,0.7,2.76
1777706720.4735146,38.5,3.94,0.7,2.76
1777706721.538355,38.5,3.94,0.7,2.76
1777706722.632385,38.5,3.94,0.7,2.76
1777706723.7284164,38.5,3.94,0.7,2.76
1777706724.7617924,38.5,3.94,0.7,2.76
1777706725.814641,38.5,3.94,0.7,2.76
1777706726.8886902,38.5,3.94,0.7,2.75
1777706727.9706266,38.5,3.94,0.7,2.76
1777706729.052325,38.5,3.94,0.7,2.76
1777706730.1340437,38.5,3.94,0.7,2.76
1777706731.253547,38.5,3.94,0.7,2.76
1777706732.3071902,38.5,3.94,0.7,2.76
1777706733.383165,38.5,3.94,0.7,2.76
1777706734.4654424,38.5,3.94,0.7,2.75
1777706735.536698,38.5,3.94,0.7,2.76
1777706736.6310382,38.5,3.94,0.7,2.76
1777706737.729835,38.5,3.94,0.7,2.76
1777706738.80585,38.5,3.94,0.7,2.76
1777706739.877316,38.5,3.94,0.7,2.76
1777706740.834552,38.5,3.94,0.7,2.76
1777706741.884203,38.5,3.94,0.7,2.76
1777706742.9726963,38.5,3.94,0.7,2.76
1777706744.0999296,38.5,3.94,0.7,2.76
1777706745.1186686,38.5,3.94,0.7,2.76
1777706746.2196004,38.5,3.94,0.7,2.76
1777706747.2893915,38.5,3.94,0.7,2.76
1777706748.4003322,38.5,3.94,0.7,2.76
1777706749.4815614,38.5,3.94,0.7,2.76
1777706750.563169,38.5,3.94,0.7,2.76
1777706751.6408875,38.5,3.94,0.7,2.76
1777706752.702368,38.5,3.94,0.7,2.76
1777706753.7725348,38.5,3.94,0.7,2.76
1777706754.8623204,38.5,3.94,0.7,2.76
1777706755.9476092,38.5,3.94,0.7,2.76
1777706757.0271847,38.5,3.94,0.7,2.76
1777706758.1595764,38.5,3.94,0.7,2.76
1777706759.22954,38.5,3.94,0.7,2.76
1777706760.2901149,38.5,3.94,0.7,2.76
1777706761.3598282,38.5,3.94,0.7,2.76
1777706762.4447563,38.5,3.94,0.7,2.76
1777706763.5735173,38.5,3.94,0.7,2.76
1777706764.6780386,38.5,3.94,0.7,2.76
1777706765.7838259,38.5,3.94,0.7,2.76
1777706766.8144155,38.5,3.94,0.7,2.76
1777706767.8339615,38.5,3.94,0.7,2.76
1777706768.8813715,38.5,3.94,0.7,2.76
1777706769.9398966,38.5,3.94,0.7,2.76
1777706770.9793131,38.5,3.94,0.7,2.76
1777706772.003709,38.5,3.94,0.7,2.76
1777706773.042978,38.5,3.94,0.7,2.76
1777706774.071528,38.5,3.94,0.7,2.76
1777706775.1680884,38.5,3.94,0.7,2.76
1777706776.208065,38.5,3.94,0.7,2.76
1777706777.2659879,38.5,3.94,0.7,2.76
1777706778.3053463,38.5,3.94,0.7,2.76
1777706779.3355622,38.5,3.94,0.7,2.76
1777706780.3722808,38.5,3.94,0.7,2.76
1777706781.4024901,38.5,3.94,0.71,2.76
1777706782.4313428,38.5,3.94,0.7,2.76
1777706783.4650755,38.5,3.94,0.71,2.76
1777706784.4866889,38.5,3.94,0.7,2.76
1777706785.4946775,38.5,3.94,0.7,2.76
1777706786.506781,38.5,3.94,0.7,2.76
1777706787.5491996,38.5,3.94,0.7,2.76
1777706788.5993521,38.5,3.94,0.7,2.76
1777706789.6533337,38.5,3.94,0.7,2.76
1777706790.718317,38.5,3.94,0.7,2.76
1777706791.7830524,38.5,3.94,0.7,2.76
1777706792.861686,38.5,3.94,0.7,2.76
1777706793.9324255,38.5,3.94,0.7,2.76
1777706795.0188153,38.5,3.94,0.7,2.76
1777706796.0788722,38.5,3.94,0.7,2.76
1777706797.1522946,38.5,3.94,0.7,2.76
1777706798.2303011,38.5,3.94,0.7,2.76
1777706799.330884,38.5,3.94,0.7,2.76
1777706800.3933806,38.5,3.94,0.7,2.76
1777706801.4789958,38.5,3.94,0.7,2.76
1777706802.5481148,38.5,3.94,0.69,2.76
1777706803.6442723,38.5,3.94,0.69,2.76
1777706804.7216325,38.5,3.94,0.69,2.76
1777706805.7979248,38.5,3.94,0.69,2.76
1777706806.836799,38.5,3.94,0.69,2.75
1777706807.9349825,38.5,3.94,0.69,2.75
1777706809.007133,38.5,3.94,0.69,2.75
1777706810.0714955,38.5,3.94,0.69,2.75
1777706811.155996,38.5,3.94,0.69,2.75
1777706812.2402363,38.5,3.94,0.69,2.75
1777706813.3213625,38.5,3.94,0.7,2.75
1777706814.3945618,38.5,3.94,0.7,2.75
1777706815.4564168,38.5,3.94,0.7,2.75
1777706816.522911,38.5,3.94,0.7,2.75
1777706817.6106791,38.5,3.94,0.7,2.75
1777706818.6808312,38.5,3.94,0.7,2.75
1777706819.749747,38.5,3.94,0.7,2.75
1777706820.8138356,38.5,3.94,0.7,2.75
1777706821.9043152,38.5,3.94,0.7,2.75
1777706822.9875429,38.5,3.94,0.7,2.75
1777706824.0779426,38.5,3.94,0.7,2.75
1777706825.177993,38.5,3.94,0.69,2.75
1777706826.2580173,38.5,3.94,0.7,2.75
1777706827.3286474,38.5,3.94,0.7,2.75
1777706828.4192317,38.5,3.94,0.69,2.75
1777706829.487066,38.5,3.94,0.69,2.75
1777706830.5704634,38.5,3.94,0.69,2.75
1777706831.6523228,38.5,3.94,0.69,2.74
1777706832.7267485,38.5,3.94,0.69,2.74
1777706833.7937534,38.5,3.94,0.69,2.74
1777706834.8590813,38.5,3.94,0.69,2.74
1777706835.927653,38.5,3.94,0.69,2.74
1777706836.9878514,38.5,3.94,0.69,2.74
1777706838.0505483,38.5,3.94,0.69,2.74
1777706839.107064,38.5,3.94,0.69,2.74
1777706840.2386274,38.5,3.94,0.69,2.74
1777706841.3197415,38.5,3.94,0.69,2.74
1777706842.3892162,38.5,3.94,0.69,2.74
1777706843.495588,38.5,3.94,0.69,2.74
1777706844.5770042,38.5,3.94,0.69,2.74
1777706845.6577744,38.5,3.94,0.69,2.74
1777706846.7519565,38.5,3.94,0.7,2.74
1777706847.839467,38.5,3.94,0.7,2.74
1777706848.9119065,38.5,3.94,0.7,2.74
1777706850.0115526,38.5,3.94,0.69,2.74
1777706851.1178212,38.5,3.94,0.7,2.74
1777706852.2498245,38.5,3.94,0.7,2.74
1777706853.4283135,38.5,3.94,0.7,2.74
1777706854.508099,38.5,3.94,0.7,2.74
1777706855.595162,38.5,3.94,0.69,2.74
1777706856.750173,38.5,3.94,0.69,2.74
1777706857.8317852,38.5,3.94,0.69,2.74
1777706858.9220679,38.5,3.94,0.69,2.74
1777706860.004645,38.5,3.94,0.69,2.74
1777706861.1046786,38.5,3.94,0.69,2.73
1777706862.189454,38.5,3.94,0.69,2.73
1777706863.2868783,38.5,3.94,0.69,2.73
1777706864.3985834,38.5,3.94,0.69,2.73
1777706865.48424,38.5,3.94,0.69,2.73
1777706866.5563393,38.5,3.94,0.69,2.73
1777706867.662747,38.5,3.94,0.69,2.73
1777706868.750016,38.5,3.94,0.69,2.73
1777706869.8323193,38.5,3.94,0.7,2.73
1777706870.9101362,38.5,3.94,0.7,2.74
1777706872.0090659,38.5,3.94,0.7,2.74
1777706873.0992684,38.5,3.94,0.7,2.74
1777706874.1972446,38.5,3.94,0.7,2.74
1777706875.3323612,38.5,3.94,0.7,2.74
1777706876.4041321,38.5,3.94,0.69,2.74
1777706877.4871974,38.5,3.94,0.7,2.74
1777706878.5808156,38.5,3.94,0.69,2.74
1777706879.6808882,38.5,3.94,0.69,2.74
1777706880.8177621,38.5,3.94,0.69,2.74
1777706881.9042113,38.5,3.94,0.69,2.74
1777706883.0836594,38.5,3.94,0.69,2.74
1777706884.18886,38.5,3.94,0.69,2.74
1777706885.299806,38.5,3.94,0.69,2.73
1777706886.3889906,38.5,3.94,0.69,2.73
1777706887.520584,38.5,3.94,0.69,2.74
1777706888.5402012,38.5,3.94,0.7,2.74
1777706889.5443978,38.5,3.94,0.7,2.74
1777706890.4867077,38.5,3.94,0.7,2.74
1777706891.5082498,38.5,3.94,0.7,2.74
1777706892.5430589,38.5,3.94,0.7,2.74
1777706893.5333517,38.5,3.94,0.7,2.74
1777706894.4800444,38.5,3.94,0.7,2.74
1777706895.4758697,38.5,3.94,0.69,2.74
1777706896.5092723,38.5,3.94,0.69,2.74
1777706897.5952957,38.5,3.94,0.69,2.74
1777706898.6111352,38.5,3.94,0.69,2.74
1777706899.6122746,38.5,3.94,0.7,2.74
1777706900.6388361,38.5,3.94,0.7,2.74
1777706901.610012,38.5,3.94,0.69,2.74
1777706902.6203053,38.5,3.94,0.69,2.74
1777706903.6778152,38.5,3.94,0.7,2.74
1777706904.689843,38.5,3.94,0.69,2.74
1777706905.7267032,38.5,3.94,0.69,2.74
1777706906.7870646,38.5,3.94,0.7,2.74
1777706907.79625,38.5,3.94,0.69,2.74
1777706908.8108668,38.5,3.94,0.69,2.74
1777706909.8569925,38.5,3.94,0.69,2.74
1777706910.8887727,38.5,3.94,0.69,2.74
1777706911.9353929,38.5,3.94,0.69,2.74
1777706912.9605033,38.5,3.94,0.69,2.74
1777706914.002393,38.5,3.94,0.69,2.74
1777706915.0511332,38.5,3.94,0.69,2.74
1777706916.091149,38.5,3.94,0.69,2.73
1777706917.118982,38.5,3.94,0.69,2.73
1777706918.1301496,38.5,3.94,0.69,2.73
1777706919.1672382,38.5,3.94,0.69,2.73
1777706920.1979172,38.5,3.94,0.69,2.73
1777706921.2266147,38.5,3.94,0.69,2.73
1777706922.2661593,38.5,3.94,0.69,2.73
1777706923.314181,38.5,3.94,0.69,2.73
1777706924.3526855,38.5,3.94,0.69,2.73
1777706925.386266,38.5,3.94,0.69,2.73
1777706926.4962637,38.5,3.94,0.69,2.73
1777706927.5128505,38.5,3.94,0.69,2.73
1777706928.544947,38.5,3.94,0.69,2.73
1777706929.5525453,38.5,3.94,0.69,2.73
1777706930.5930927,38.5,3.94,0.69,2.73
1777706931.6308317,38.5,3.94,0.69,2.73
1777706932.6567411,38.5,3.94,0.69,2.73
1777706933.6807382,38.5,3.94,0.69,2.72
1777706934.7073271,38.5,3.9,0.69,2.7
1777706935.7424011,38.5,3.76,0.44,2.53
1777706936.8538425,38.5,3.76,0.38,2.43
1777706937.882554,38.5,3.61,0.29,2.25
1777706938.934798,38.5,3.52,0.25,2.07
1777706939.9677274,38.5,3.45,0.23,1.91
1777706941.0363052,38.5,3.4,0.21,1.77
1777706942.0735135,38.5,3.35,0.21,1.64
1777706943.1158433,38.5,3.3,0.2,1.52
1777706944.3142788,38.5,3.27,0.2,1.42
1777706945.3699574,38.5,3.24,0.19,1.33
1777706946.409467,38.5,3.21,0.2,1.26
1777706947.4249954,38.5,3.19,0.19,1.19
1777706948.4544747,38.5,3.18,0.19,1.15
1777706949.4824934,38.5,3.15,0.19,1.07
1777706950.578854,38.5,3.15,0.2,1.04
1777706951.602467,38.5,3.13,0.19,1.0
1777706952.6527388,38.5,3.12,0.19,0.95
1777706953.6882734,38.5,3.11,0.19,0.93
1777706954.727389,38.5,3.11,0.2,0.93
1777706955.741036,38.5,3.1,0.2,0.93
1777706956.7842398,38.5,3.1,0.2,0.93
1777706957.821848,38.5,3.09,0.2,0.93
1777706958.8889353,38.5,3.09,0.2,0.93
1777706959.9423823,38.5,3.08,0.2,0.93
1777706960.987967,38.5,3.08,0.2,0.92
1777706962.0210822,38.5,3.08,0.2,0.92
1777706963.062014,38.5,3.07,0.2,0.92
1777706964.1081007,38.5,3.07,0.2,0.92
1777706965.1554556,38.5,3.07,0.2,0.92
1777706966.1862254,38.5,3.07,0.2,0.92
1777706967.22069,38.5,3.07,0.19,0.92
1777706968.2279508,38.5,3.06,0.2,0.92
1777706969.2628481,38.5,3.06,0.19,0.92
1777706970.303506,38.5,3.06,0.19,0.92
1777706971.3440583,38.5,3.06,0.2,0.92
1777706972.3851073,38.5,3.06,0.19,0.92
1777706973.4366975,38.5,3.06,0.19,0.92
1777706974.4676042,38.5,3.06,0.19,0.92
1777706975.5120509,38.5,3.06,0.2,0.92
1777706976.5476542,38.5,3.06,0.2,0.92
1777706977.5873454,38.5,3.06,0.2,0.92
1777706978.6419606,38.5,3.06,0.2,0.92
1777706979.675895,38.5,3.06,0.2,0.92
1777706980.697149,38.5,3.06,0.2,0.92
1777706981.6934786,38.5,3.06,0.2,0.92
1777706982.7022538,38.5,3.06,0.2,0.92
1777706983.7340798,38.5,3.06,0.2,0.92
1777706984.7671533,38.5,3.06,0.2,0.92
1777706985.7853181,38.5,3.06,0.2,0.92
1777706986.8243442,38.5,3.06,0.2,0.92
1777706987.86617,38.5,3.06,0.2,0.92
1777706988.9108295,38.5,3.06,0.2,0.92
1777706989.947399,38.5,3.06,0.2,0.92
1777706991.052035,38.5,3.06,0.2,0.92
1777706992.107088,38.5,3.06,0.2,0.92
1777706993.1286259,38.5,3.06,0.2,0.92
1777706994.158592,38.5,3.06,0.2,0.92
1777706995.1779943,38.5,3.06,0.2,0.92
1777706996.2096806,38.5,3.06,0.19,0.92
1777706997.2393742,38.5,3.06,0.19,0.92
1777706998.2676468,38.5,3.06,0.19,0.92
1777706999.3007686,38.5,3.06,0.19,0.92
1777707000.3372688,38.5,3.06,0.18,0.92
1777707001.3704572,38.5,3.06,0.18,0.92
1777707002.4047186,38.5,3.05,0.19,0.92
1777707003.4344287,38.5,3.06,0.19,0.92
1777707004.4595754,38.5,3.06,0.2,0.92
1777707005.4925253,38.5,3.06,0.2,0.92
1777707006.5366921,38.5,3.05,0.2,0.92
1777707007.5700502,38.5,3.06,0.2,0.92
1777707008.5856874,38.5,3.06,0.2,0.92
1777707009.64036,38.5,3.06,0.2,0.92
1777707010.6678724,38.5,3.06,0.2,0.92
1777707011.696288,38.5,3.06,0.2,0.92
1777707012.7366753,38.5,3.06,0.2,0.92
1777707013.7545714,38.5,3.06,0.2,0.92
1777707014.8345761,38.5,3.05,0.2,0.92
1777707015.8516405,38.5,3.12,0.32,0.94
1777707016.9017587,38.5,3.24,0.48,0.97
1777707018.0115175,38.5,3.35,0.58,1.0
1777707019.0652428,38.5,3.43,0.63,1.03
1777707020.113042,38.5,3.47,0.64,1.08
1777707021.2870305,38.5,3.54,0.67,1.23
1777707022.3661232,38.5,3.6,0.68,1.36
1777707023.3830786,38.5,3.65,0.69,1.49
1777707024.4838774,38.5,3.69,0.69,1.61
1777707025.5091312,38.5,3.72,0.69,1.72
1777707026.538151,38.5,3.75,0.69,1.81
1777707027.577722,38.5,3.78,0.69,1.9
1777707028.6175618,38.5,3.8,0.69,1.99
1777707029.6858952,38.5,3.81,0.69,2.02
1777707030.7189012,38.5,3.83,0.69,2.09
1777707031.7486951,38.5,3.84,0.69,2.15
1777707032.782432,38.5,3.85,0.69,2.21
1777707033.8169556,38.5,3.86,0.7,2.26
1777707034.8774164,38.5,3.87,0.69,2.31
1777707035.991096,38.5,3.88,0.7,2.35
1777707037.0307229,38.5,3.89,0.7,2.39
1777707038.0510316,38.5,3.89,0.7,2.42
1777707039.0887928,38.5,3.89,0.7,2.44
1777707040.1516232,38.5,3.9,0.69,2.47
1777707041.1875174,38.5,3.9,0.69,2.49
1777707042.217917,38.5,3.9,0.69,2.52
1777707043.2482996,38.5,3.91,0.69,2.54
1777707044.3673637,38.5,3.91,0.69,2.55
1777707045.405197,38.5,3.91,0.7,2.57
1777707046.435105,38.5,3.91,0.69,2.59
1777707047.4088197,38.5,3.91,0.69,2.59
1777707048.4128165,38.5,3.92,0.7,2.61
1777707049.450322,38.5,3.92,0.7,2.62
1777707050.4748597,38.5,3.92,0.7,2.63
1777707051.5216846,38.5,3.92,0.7,2.64
1777707052.555391,38.5,3.92,0.69,2.65
1777707053.5929012,38.5,3.92,0.69,2.66
1777707054.619495,38.5,3.92,0.69,2.66
1777707055.6440046,38.5,3.92,0.69,2.67
1777707056.6591284,38.5,3.92,0.69,2.67
1777707057.6866212,38.5,3.92,0.69,2.67
1777707058.7052705,38.5,3.92,0.69,2.68
1777707059.7278745,38.5,3.92,0.69,2.68
1777707060.7636366,38.5,3.92,0.69,2.68
1777707061.805945,38.5,3.92,0.69,2.68
1777707062.8307164,38.5,3.92,0.69,2.69
1777707063.818606,38.5,3.92,0.69,2.69
1777707064.8343022,38.5,3.92,0.69,2.69
1777707065.9203372,38.5,3.92,0.69,2.69
1777707066.9971895,38.5,3.92,0.69,2.69
1777707068.0475247,38.5,3.92,0.69,2.7
1777707069.066184,38.5,3.92,0.69,2.7
1777707070.088734,38.5,3.92,0.69,2.7
1777707071.1197135,38.5,3.92,0.69,2.7
1777707072.1510427,38.5,3.92,0.69,2.7
1777707073.1830955,38.5,3.92,0.68,2.7
1777707074.2098556,38.5,3.92,0.68,2.7
1777707075.2735007,38.5,3.92,0.69,2.7
1777707076.3094776,38.5,3.92,0.69,2.7
1777707077.3386452,38.5,3.92,0.69,2.7
1777707078.3653677,38.5,3.92,0.69,2.7
1777707079.446656,38.5,3.92,0.69,2.7
1777707080.48768,38.5,3.92,0.69,2.7
1777707081.5156417,38.5,3.92,0.69,2.7
1777707082.5366707,38.5,3.92,0.69,2.71
1777707083.5307698,38.5,3.92,0.69,2.71
1777707084.5111716,38.5,3.92,0.69,2.71
1777707085.5398378,38.5,3.92,0.69,2.71
1777707086.5705674,38.5,3.92,0.69,2.71
1777707087.612912,38.5,3.92,0.69,2.71
1777707088.6427317,38.5,3.93,0.69,2.71
1777707089.6739292,38.5,3.93,0.69,2.71
1777707090.6964262,38.5,3.93,0.69,2.71
1777707091.7329519,38.5,3.93,0.69,2.71
1777707092.7535017,38.5,3.93,0.69,2.71
1777707093.7798204,38.5,3.93,0.69,2.71
1777707094.7942748,38.5,3.93,0.69,2.71
1777707095.831928,38.5,3.93,0.69,2.71
1777707096.8713574,38.5,3.93,0.69,2.71
1777707097.9005644,38.5,3.93,0.69,2.71
1777707098.9222126,38.5,3.93,0.69,2.71
1777707099.938327,38.5,3.93,0.69,2.71
1777707100.9604797,38.5,3.93,0.69,2.71
1777707101.9904773,38.5,3.93,0.69,2.71
1777707103.0140107,38.5,3.93,0.69,2.71
1777707104.0403607,38.5,3.93,0.7,2.71
1777707105.0691001,38.5,3.93,0.69,2.71
1777707106.108949,38.5,3.93,0.69,2.71
1777707107.1529276,38.5,3.93,0.69,2.71
1777707108.1966813,38.5,3.93,0.69,2.71
1777707109.246613,38.5,3.93,0.69,2.71
1777707110.2804718,38.5,3.93,0.69,2.72
1777707111.3197422,38.5,3.93,0.7,2.72
1777707112.3554063,38.5,3.93,0.69,2.72
1777707113.3841176,38.5,3.93,0.7,2.72
1777707114.419753,38.5,3.93,0.7,2.72
1777707115.4566,38.5,3.93,0.7,2.72
1777707116.48183,38.5,3.93,0.7,2.72
1777707117.5179584,38.5,3.93,0.7,2.72
1777707118.6360614,38.5,3.93,0.69,2.72
1777707119.6658754,38.5,3.93,0.69,2.72
1777707120.6533575,38.5,3.93,0.69,2.72
1777707121.720374,38.5,3.93,0.69,2.72
1777707122.7669017,38.5,3.93,0.69,2.72
1777707123.8020275,38.5,3.93,0.69,2.72
1777707124.8342159,38.5,3.93,0.69,2.72
1777707125.8564563,38.5,3.93,0.69,2.72
1777707126.9483557,38.5,3.93,0.69,2.72
1777707127.989236,38.5,3.93,0.69,2.72
1777707129.020329,38.5,3.93,0.7,2.72
1777707130.0689828,38.5,3.93,0.7,2.72
1777707131.1113007,38.5,3.93,0.7,2.73
1777707132.144198,38.5,3.93,0.7,2.73
1777707133.1903956,38.5,3.93,0.7,2.73
1777707134.228747,38.5,3.93,0.7,2.73
1777707135.2598357,38.5,3.93,0.7,2.73
1777707136.301322,38.5,3.93,0.69,2.73
1777707137.3444943,38.5,3.93,0.69,2.73
1777707138.3731601,38.5,3.93,0.69,2.73
1777707139.411472,38.5,3.93,0.69,2.73
1777707140.4444032,38.5,3.93,0.69,2.73
1777707141.478151,38.5,3.93,0.69,2.73
1777707142.5076709,38.5,3.93,0.69,2.73
1777707143.541977,38.5,3.93,0.69,2.73
1777707144.5586143,38.5,3.93,0.69,2.73
1777707145.5928216,38.5,3.93,0.69,2.73
1777707146.6163387,38.5,3.93,0.7,2.73
1777707147.6309803,38.5,3.93,0.7,2.73
1777707148.656577,38.5,3.93,0.7,2.73
1777707149.6965628,38.5,3.93,0.7,2.73
1777707150.7246358,38.5,3.93,0.7,2.73
1777707151.7316513,38.5,3.93,0.7,2.73
1777707152.7646801,38.5,3.93,0.7,2.73
1777707153.7937706,38.5,3.93,0.69,2.73
1777707154.8167832,38.5,3.93,0.69,2.73
1777707155.8311508,38.5,3.93,0.69,2.73
1777707156.811615,38.5,3.93,0.69,2.73
1777707157.8266716,38.5,3.93,0.69,2.73
1777707158.850879,38.5,3.93,0.69,2.73
1777707159.9012463,38.5,3.93,0.69,2.73
1777707160.9327242,38.5,3.93,0.69,2.73
1777707161.9535334,38.5,3.93,0.69,2.73
1777707162.9847069,38.5,3.93,0.69,2.73
1777707164.0215893,38.5,3.93,0.7,2.73
1777707165.06084,38.5,3.93,0.7,2.73
1777707166.0934584,38.5,3.93,0.7,2.73
1777707167.1168387,38.5,3.93,0.7,2.74
1777707168.153856,38.5,3.93,0.7,2.74
1777707169.1830332,38.5,3.93,0.7,2.74
1777707170.2104833,38.5,3.94,0.7,2.74
1777707171.2353961,38.5,3.94,0.7,2.74
1777707172.281392,38.5,3.94,0.7,2.74
1777707173.3155444,38.5,3.94,0.7,2.74
1777707174.3496995,38.5,3.94,0.7,2.74
1777707175.385371,38.5,3.94,0.7,2.75
1777707176.4264898,38.5,3.94,0.7,2.75
1777707177.4598336,38.5,3.94,0.7,2.75
1777707178.494258,38.5,3.94,0.7,2.75
1777707179.5480905,38.5,3.94,0.7,2.75
1777707180.5636358,38.5,3.94,0.7,2.75
1777707181.5880659,38.5,3.94,0.69,2.74
1777707182.6551192,38.5,3.93,0.69,2.74
1777707183.6870284,38.5,3.94,0.7,2.74
1777707184.7220566,38.5,3.94,0.69,2.74
1777707185.8188927,38.5,3.94,0.7,2.74
1777707186.8596933,38.5,3.94,0.7,2.74
1777707187.8981738,38.5,3.94,0.7,2.74
1777707188.928735,38.5,3.94,0.7,2.74
1777707189.9983497,38.5,3.94,0.7,2.74
1777707191.0715933,38.5,3.93,0.7,2.74
1777707192.113493,38.5,3.94,0.7,2.74
1777707193.140966,38.5,3.93,0.7,2.74
1777707194.1719465,38.5,3.94,0.7,2.74
1777707195.1975477,38.5,3.93,0.7,2.74
1777707196.2207623,38.5,3.93,0.7,2.74
1777707197.3009462,38.5,3.93,0.7,2.75
1777707198.3356824,38.5,3.93,0.7,2.74
1777707199.3680553,38.5,3.93,0.7,2.75
1777707200.3999593,38.5,3.93,0.7,2.74
1777707201.4297304,38.5,3.93,0.7,2.74
1777707202.4602368,38.5,3.93,0.7,2.74
1777707203.5028055,38.5,3.93,0.7,2.74
1777707204.5430603,38.5,3.93,0.69,2.74
1777707205.5855298,38.5,3.93,0.69,2.74
1777707206.6086545,38.5,3.93,0.7,2.74
1777707207.6484532,38.5,3.93,0.7,2.74
1777707208.6785152,38.5,3.93,0.7,2.74
1777707209.721306,38.5,3.93,0.7,2.74
1777707210.7527874,38.5,3.93,0.7,2.74
1777707211.7388914,38.5,3.93,0.7,2.74
1777707212.6925833,38.5,3.93,0.7,2.74
1777707213.703197,38.5,3.93,0.7,2.74
1777707214.6716013,38.5,3.94,0.7,2.74
1777707215.6255882,38.5,3.93,0.7,2.74
1777707216.628938,38.5,3.93,0.7,2.74
1777707217.6691823,38.5,3.93,0.7,2.74
1777707218.6924498,38.5,3.94,0.7,2.74
1777707219.780499,38.5,3.94,0.7,2.75
1777707220.7983913,38.5,3.94,0.7,2.75
1777707221.8374653,38.5,3.94,0.7,2.75
1777707222.8684666,38.5,3.94,0.7,2.75
1777707223.971189,38.5,3.94,0.7,2.75
1777707224.9377234,38.5,3.94,0.7,2.75
1777707225.9046495,38.5,3.94,0.7,2.75
1777707226.8792753,38.5,3.94,0.7,2.75
1777707227.838546,38.5,3.94,0.7,2.75
1777707228.7854223,38.5,3.94,0.7,2.75
1777707229.819459,38.5,3.94,0.7,2.75
1777707230.7682018,38.5,3.94,0.7,2.75
1777707231.7097144,38.5,3.94,0.7,2.75
1777707232.6509356,38.5,3.94,0.7,2.75
1777707233.592515,38.5,3.94,0.7,2.75
1777707234.5349872,38.5,3.94,0.7,2.75
1777707235.5048645,38.5,3.94,0.7,2.75
1777707236.4465237,38.5,3.94,0.7,2.75
1777707237.4056828,38.5,3.94,0.7,2.75
1777707238.3760018,38.5,3.94,0.7,2.75
1777707239.328095,38.5,3.94,0.7,2.75
1777707240.344335,38.5,3.94,0.7,2.75
1777707241.3979664,38.5,3.94,0.7,2.75
1777707242.440851,38.5,3.94,0.7,2.75
1777707243.3852046,38.5,3.94,0.7,2.75
1777707244.3595161,38.5,3.93,0.7,2.75
1777707245.3459585,38.5,3.94,0.7,2.75
1777707246.3628726,38.5,3.94,0.7,2.75
1777707247.4124305,38.5,3.94,0.7,2.75
1777707248.400643,38.5,3.93,0.7,2.75
1777707249.3979573,38.5,3.94,0.7,2.75
1777707250.3819158,38.5,3.93,0.69,2.75
1777707251.3895862,38.5,3.94,0.69,2.75
1777707252.4139175,38.5,3.93,0.69,2.74
1777707253.4352422,38.5,3.94,0.69,2.74
1777707254.4203076,38.5,3.94,0.69,2.74
1777707255.3781126,38.5,3.94,0.7,2.74
1777707256.3382685,38.5,3.94,0.69,2.74
1777707257.3059487,38.5,3.94,0.69,2.74
1777707258.2840068,38.5,3.94,0.69,2.74
1777707259.2644393,38.5,3.94,0.69,2.74
1777707260.2123537,38.5,3.94,0.69,2.74
1777707261.1777315,38.5,3.94,0.7,2.74
1777707262.1308248,38.5,3.94,0.69,2.74
1777707263.0734303,38.5,3.94,0.69,2.73
1777707264.0306509,38.5,3.94,0.69,2.73
1777707265.081789,38.5,3.94,0.69,2.73
1777707266.0710812,38.5,3.94,0.69,2.73
1777707267.0231924,38.5,3.94,0.7,2.73
1777707268.0084395,38.5,3.94,0.7,2.73
1777707268.9782586,38.5,3.94,0.7,2.73
1777707269.957853,38.5,3.94,0.7,2.74
1777707270.9385338,38.5,3.93,0.69,2.73
1777707271.8966625,38.5,3.93,0.7,2.73
1777707272.8669302,38.5,3.93,0.69,2.73
1777707273.832276,38.5,3.94,0.7,2.74
1777707274.8120832,38.5,3.94,0.7,2.74
1777707275.7999096,38.5,3.94,0.7,2.74
1777707276.7445385,38.5,3.93,0.69,2.74
1777707277.710651,38.5,3.94,0.7,2.74
1777707278.6731224,38.5,3.93,0.7,2.74
1777707279.6483052,38.5,3.93,0.7,2.74
1777707280.598962,38.5,3.94,0.7,2.74
1777707281.5679832,38.5,3.93,0.7,2.74
1777707282.55769,38.5,3.93,0.7,2.74
1777707283.491421,38.5,3.93,0.7,2.74
1777707284.4406788,38.5,3.94,0.69,2.74
1777707285.4141643,38.5,3.93,0.69,2.74
1777707286.392598,38.5,3.94,0.69,2.74
1777707287.3489347,38.5,3.93,0.69,2.74
1777707288.317545,38.5,3.93,0.69,2.74
1777707289.2774158,38.5,3.93,0.69,2.74
1777707290.2448459,38.5,3.93,0.69,2.74
1777707291.1971083,38.5,3.93,0.69,2.74
1777707292.1655812,38.5,3.94,0.7,2.74
1777707293.1381872,38.5,3.93,0.69,2.74
1777707294.0932324,38.5,3.93,0.69,2.73
1777707295.0521262,38.5,3.93,0.69,2.73
1777707295.9986043,38.5,3.93,0.7,2.73
1777707296.9653492,38.5,3.93,0.7,2.73
1777707297.9136097,38.5,3.93,0.7,2.73
1777707298.8830285,38.5,3.93,0.69,2.73
1777707299.844296,38.5,3.93,0.7,2.74
1777707300.803251,38.5,3.93,0.7,2.74
1777707301.7418637,38.5,3.93,0.7,2.74
1777707302.7367215,38.5,3.93,0.7,2.74
1777707303.7135587,38.5,3.94,0.7,2.74
1777707304.6586504,38.5,3.94,0.7,2.74
1777707305.6533258,38.5,3.93,0.69,2.74
1777707306.63026,38.5,3.94,0.69,2.74
1777707307.5946078,38.5,3.94,0.7,2.74
1777707308.568367,38.5,3.94,0.69,2.74
1777707309.5264761,38.5,3.94,0.69,2.74
1777707310.4895048,38.5,3.94,0.69,2.74
1777707311.4389384,38.5,3.94,0.7,2.74
1777707312.3939183,38.5,3.94,0.7,2.74
1777707313.3797429,38.5,3.94,0.7,2.74
1777707314.3434794,38.5,3.94,0.7,2.74
1777707315.3308794,38.5,3.94,0.7,2.74
1777707316.267906,38.5,3.94,0.7,2.74
1777707317.2454724,38.5,3.94,0.7,2.74
1777707318.1853712,38.5,3.94,0.7,2.74
1777707319.1369042,38.5,3.94,0.69,2.74
1777707320.1244738,38.5,3.94,0.69,2.74
1777707321.1120415,38.5,3.94,0.69,2.74
1777707322.0553322,38.5,3.94,0.69,2.74
1777707323.038254,38.5,3.94,0.69,2.73
1777707324.013192,38.5,3.94,0.69,2.73
1777707324.952991,38.5,3.94,0.68,2.73
1777707325.920934,38.5,3.94,0.68,2.73
1777707326.898293,38.5,3.94,0.69,2.72
1777707327.8257475,38.5,3.84,0.57,2.6
1777707328.7802112,38.5,3.7,0.32,2.4
1777707329.749774,38.5,3.57,0.18,2.16
1777707330.720395,38.5,3.46,0.1,1.93
1777707331.7003968,38.5,3.4,0.09,0.0
1777707332.7445107,38.5,3.36,0.12,1.73
1777707333.764987,38.5,3.33,0.14,1.59
1777707334.7449687,38.5,3.32,0.14,1.53
1777707335.7049372,38.5,3.29,0.15,1.42
1777707336.7011983,38.5,3.27,0.15,1.32
1777707337.6699216,38.5,3.26,0.16,1.24
1777707338.7366924,38.5,3.24,0.17,1.16
1777707339.7841308,38.5,3.23,0.17,1.1
1777707340.7663074,38.5,3.22,0.17,1.04
1777707341.7260888,38.5,3.21,0.17,0.99
1777707342.6753523,38.5,3.2,0.17,0.96
1777707343.6489167,38.5,3.2,0.17,0.96
1777707344.5960832,38.5,3.19,0.18,0.96
1777707345.5486312,38.5,3.19,0.17,0.96
1777707346.50223,38.5,3.18,0.18,0.95
1777707347.4609432,38.5,3.18,0.18,0.95
1777707348.4340298,38.5,3.18,0.18,0.95
1777707349.4059522,38.5,3.17,0.18,0.95
1777707350.3654633,38.5,3.17,0.18,0.95
1777707351.3343654,38.5,3.17,0.18,0.95
1777707352.3041317,38.5,3.17,0.18,0.95
1777707353.2673945,38.5,3.17,0.18,0.95
1777707354.2393577,38.5,3.17,0.18,0.95
1777707355.203891,38.5,3.17,0.18,0.95
1777707356.1577063,38.5,3.16,0.18,0.95
1777707357.129965,38.5,3.16,0.18,0.95
1777707358.0717854,38.5,3.16,0.18,0.95
1777707359.0230753,38.5,3.16,0.17,0.95
1777707359.9659257,38.5,3.16,0.18,0.95
1777707360.98953,38.5,3.16,0.17,0.95
1777707361.9384997,38.5,3.16,0.18,0.95
1777707362.9305863,38.5,3.15,0.17,0.95
1777707363.871497,38.5,3.15,0.17,0.95
1777707364.9355533,38.5,3.15,0.17,0.95
1777707365.944997,38.5,3.15,0.17,0.95
1777707366.980055,38.5,3.15,0.17,0.95
1777707367.9977813,38.5,3.15,0.17,0.95
1777707368.9863312,38.5,3.15,0.17,0.95
1777707370.001919,38.5,3.15,0.17,0.94
1777707370.9372067,38.5,3.15,0.18,0.94
1777707371.9252274,38.5,3.15,0.17,0.94
1777707372.9065974,38.5,3.15,0.17,0.94
1777707373.90064,38.5,3.15,0.17,0.94
1777707374.852212,38.5,3.15,0.17,0.94
1777707375.821042,38.5,3.15,0.18,0.94
1777707376.7802665,38.5,3.15,0.17,0.94
1777707377.7545292,38.5,3.15,0.18,0.94
1777707378.75404,38.5,3.15,0.18,0.94
1777707379.685675,38.5,3.15,0.18,0.94
1777707380.6734083,38.5,3.15,0.18,0.94
1777707381.648719,38.5,3.15,0.18,0.94
1777707382.636295,38.5,3.15,0.17,0.94
1777707383.597232,38.5,3.15,0.18,0.94
1777707384.5426033,38.5,3.15,0.18,0.94
1777707385.541905,38.5,3.15,0.18,0.95
1777707386.5392928,38.5,3.15,0.18,0.95
1777707387.5032654,38.5,3.15,0.18,0.95
1777707388.4419866,38.5,3.15,0.18,0.95
1777707389.4404898,38.5,3.15,0.18,0.95
1777707390.4555233,38.5,3.15,0.18,0.95
1777707391.411814,38.5,3.15,0.18,0.95
1777707392.3639634,38.5,3.15,0.18,0.95
1777707393.320692,38.5,3.15,0.18,0.95
1777707394.2801094,38.5,3.15,0.18,0.95
1777707395.2366643,38.5,3.15,0.18,0.95
1777707396.2234623,38.5,3.15,0.18,0.95
1777707397.2333999,38.5,3.15,0.18,0.95
1777707398.1750197,38.5,3.15,0.18,0.95
1777707399.173769,38.5,3.15,0.18,0.95
1777707400.1841068,38.5,3.15,0.19,0.95
1777707401.17422,38.5,3.15,0.19,0.95
1777707402.146401,38.5,3.15,0.18,0.95
1777707403.1583383,38.5,3.15,0.19,0.95
1777707404.143233,38.5,3.15,0.19,0.95
1777707405.1329916,38.5,3.15,0.19,0.95
1777707406.2348647,38.5,3.15,0.19,0.95
1777707407.1989646,38.5,3.15,0.19,0.95
1777707408.1253295,38.5,3.15,0.18,0.95
1777707409.104008,38.5,3.15,0.19,0.95
1777707410.080576,38.5,3.15,0.18,0.95
1777707411.0378945,38.5,3.15,0.18,0.95
1777707412.0896802,38.5,3.15,0.19,0.95
1777707413.1342394,38.5,3.15,0.19,0.95
1777707414.0903826,38.5,3.15,0.19,0.95
1777707415.056936,38.5,3.15,0.19,0.95
1777707416.0281062,38.5,3.15,0.18,0.95
1777707417.0124805,38.5,3.15,0.18,0.95
1777707417.9714532,38.5,3.15,0.18,0.95
1777707418.920324,38.5,3.15,0.19,0.95
1777707419.8694873,38.5,3.15,0.19,0.95
1777707420.8740778,38.5,3.15,0.18,0.95
1777707421.839454,38.5,3.15,0.18,0.95
1777707422.88055,38.5,3.15,0.18,0.95
1777707423.9113038,38.5,3.15,0.18,0.95
1777707424.9346519,38.5,3.15,0.19,0.95
1777707425.9239295,38.5,3.15,0.19,0.95
1777707426.869174,38.5,3.15,0.19,0.95
1777707427.8772252,38.5,3.15,0.19,0.95
1777707428.9055312,38.5,3.15,0.19,0.95
1777707429.8752317,38.5,3.15,0.19,0.95
1777707430.8540807,38.5,3.15,0.19,0.95
1777707431.8458312,38.5,3.15,0.19,0.95
1777707432.8708475,38.5,3.16,0.19,0.95
1777707433.8124757,38.5,3.15,0.19,0.95
1777707434.79867,38.5,3.15,0.19,0.95
1777707435.8342054,38.5,3.15,0.19,0.95
1777707436.7867212,38.5,3.15,0.19,0.95
1777707437.7822037,38.5,3.15,0.19,0.95
1777707438.7691123,38.5,3.15,0.19,0.95
1777707439.7495449,38.5,3.15,0.19,0.95
1777707440.748584,38.5,3.15,0.19,0.95
1777707441.6828432,38.5,3.15,0.19,0.95
1777707442.6778674,38.5,3.15,0.19,0.95
1777707443.7134833,38.5,3.15,0.19,0.95
1777707444.6948433,38.5,3.15,0.19,0.95
1777707445.7211647,38.5,3.15,0.19,0.95
1777707446.6491234,38.5,3.15,0.19,0.95
1777707447.6712892,38.5,3.15,0.19,0.95
1777707448.695877,38.5,3.15,0.19,0.95
1777707449.6589081,38.5,3.15,0.18,0.95
1777707450.6349075,38.5,3.15,0.19,0.95
1777707451.5887408,38.5,3.15,0.18,0.95
1777707452.6653903,38.5,3.15,0.19,0.95
1777707453.6949453,38.5,3.15,0.19,0.95
1777707454.668865,38.5,3.15,0.19,0.95
1777707455.7127151,38.5,3.15,0.19,0.95
1777707456.7242303,38.5,3.15,0.19,0.94
1777707457.760227,38.5,3.15,0.19,0.94
1777707458.7226696,38.5,3.15,0.18,0.94
1777707459.7750745,38.5,3.15,0.18,0.95
1777707460.791608,38.5,3.15,0.19,0.95
1777707461.7446282,38.5,3.15,0.19,0.95
1777707462.694719,38.5,3.15,0.19,0.95
1777707463.654888,38.5,3.15,0.19,0.95
1777707464.6271348,38.5,3.15,0.19,0.94
1777707465.6810515,38.5,3.15,0.19,0.95
1777707466.6752865,38.5,3.15,0.19,0.94
1777707467.7074795,38.5,3.15,0.19,0.94
1777707468.657274,38.5,3.15,0.19,0.94
1777707469.6886704,38.5,3.15,0.19,0.94
1777707470.6649394,38.5,3.15,0.19,0.94
1777707471.6613176,38.5,3.15,0.19,0.94
1777707472.6044056,38.5,3.15,0.19,0.94
1777707473.6364412,38.5,3.15,0.19,0.94
1777707474.6186917,38.5,3.15,0.19,0.94
1777707475.6785533,38.5,3.15,0.19,0.94
1777707476.653707,38.5,3.15,0.19,0.94
1777707477.6921852,38.5,3.15,0.19,0.94
1777707478.6585426,38.5,3.15,0.19,0.94
1777707479.6793303,38.5,3.15,0.19,0.94
1777707480.6572182,38.5,3.15,0.19,0.94
1777707481.6727293,38.5,3.15,0.19,0.94
1777707482.6493514,38.5,3.15,0.19,0.94
1777707483.681218,38.5,3.15,0.19,0.95
1777707484.6523232,38.5,3.15,0.19,0.94
1777707485.6989985,38.5,3.15,0.19,0.95
1777707486.6608455,38.5,3.15,0.19,0.95
1777707487.6864243,38.5,3.15,0.19,0.95
1777707488.6514819,38.5,3.15,0.2,0.95
1777707489.6511006,38.5,3.15,0.19,0.95
1777707490.6483748,38.5,3.15,0.19,0.95
1777707491.615816,38.5,3.15,0.19,0.95
1777707492.5550265,38.5,3.15,0.19,0.95
1777707493.6327322,38.5,3.15,0.19,0.95
1777707494.6839495,38.5,3.15,0.19,0.95
1777707495.6952705,38.5,3.15,0.19,0.95
1777707496.7337923,38.5,3.15,0.19,0.95
1777707497.7286587,38.5,3.15,0.19,0.95
1777707498.75411,38.5,3.15,0.2,0.95
1777707499.72269,38.5,3.15,0.19,0.95
1777707500.7862365,38.5,3.15,0.19,0.95
1777707501.8237762,38.5,3.15,0.19,0.95
1777707502.834696,38.5,3.15,0.2,0.95
1777707503.8358848,38.5,3.15,0.2,0.95
1777707504.8411672,38.5,3.15,0.2,0.95
1777707505.8285089,38.5,3.15,0.2,0.95
1777707506.863072,38.5,3.15,0.19,0.95
1777707507.8458781,38.5,3.15,0.19,0.95
1777707508.9202158,38.5,3.15,0.19,0.95
1777707509.9484556,38.5,3.15,0.19,0.95
1777707511.0297706,38.5,3.15,0.2,0.95
1777707512.0579004,38.5,3.15,0.19,0.95
1777707513.0862803,38.5,3.15,0.2,0.95
1777707514.059037,38.5,3.15,0.19,0.95
1777707515.1067271,38.5,3.15,0.2,0.95
1777707516.1418676,38.5,3.15,0.19,0.95
1777707517.167086,38.5,3.16,0.19,0.95
1777707518.1509237,38.5,3.16,0.19,0.95
1777707519.2216911,38.5,3.16,0.2,0.95
1777707520.2623293,38.5,3.16,0.19,0.95
1777707521.2935174,38.5,3.16,0.2,0.95
1777707522.2755322,38.5,3.16,0.19,0.95
1777707523.2892194,38.5,3.16,0.19,0.95
1777707524.3301868,38.5,3.16,0.2,0.95
1777707525.2974288,38.5,3.16,0.2,0.95
1777707526.2615056,38.5,3.16,0.2,0.95
1777707527.2350843,38.5,3.16,0.2,0.95
1777707528.1967785,38.5,3.15,0.2,0.95
1777707529.1397483,38.5,3.15,0.2,0.95
1777707530.1810784,38.5,3.16,0.2,0.95
1777707531.1752453,38.5,3.16,0.2,0.95
1777707532.200505,38.5,3.16,0.2,0.95
1777707533.2013688,38.5,3.16,0.2,0.95
1777707534.222282,38.5,3.16,0.2,0.95
1777707535.173118,38.5,3.16,0.2,0.95
1777707536.192066,38.5,3.16,0.2,0.95
1777707537.1478844,38.5,3.15,0.2,0.95
1777707538.195279,38.5,3.16,0.2,0.95
1777707539.2008188,38.5,3.15,0.2,0.95
1777707540.2098968,38.5,3.16,0.2,0.95
1777707541.1722932,38.5,3.15,0.2,0.95
1777707542.2328932,38.5,3.15,0.2,0.95
1777707543.20976,38.5,3.15,0.19,0.95
1777707544.166766,38.5,3.15,0.2,0.95
1777707545.1201868,38.5,3.15,0.19,0.95
1777707546.0945878,38.5,3.15,0.2,0.95
1777707547.0462756,38.5,3.15,0.19,0.95
1777707548.0917668,38.5,3.15,0.19,0.95
1777707549.0713158,38.5,3.15,0.19,0.95
1777707550.1151423,38.5,3.15,0.2,0.95
1777707551.1615114,38.5,3.15,0.2,0.95
1777707552.196982,38.5,3.15,0.2,0.95
1777707553.2306528,38.5,3.15,0.2,0.95
1777707554.2891903,38.5,3.15,0.2,0.95
1777707555.3721337,38.5,3.15,0.2,0.95
1777707556.4704802,38.5,3.15,0.19,0.95
1777707557.485333,38.5,3.15,0.19,0.95
1777707558.471019,38.5,3.15,0.19,0.95
1777707559.5070953,38.5,3.15,0.19,0.95
1777707560.480246,38.5,3.15,0.19,0.95
1777707561.5223315,38.5,3.15,0.19,0.95
1777707562.5188005,38.5,3.15,0.19,0.95
1777707563.536275,38.5,3.15,0.19,0.95
1777707564.5184658,38.5,3.15,0.19,0.95
1777707565.543718,38.5,3.15,0.2,0.95
1777707566.6002486,38.5,3.15,0.19,0.95
1777707567.6669412,38.5,3.15,0.2,0.95
1777707568.6784434,38.5,3.15,0.2,0.95
1777707569.712602,38.5,3.15,0.19,0.95
1777707570.6963809,38.5,3.15,0.19,0.95
1777707571.690016,38.5,3.15,0.19,0.95
1777707572.6849313,38.5,3.15,0.2,0.95
1777707573.7297442,38.6,3.15,0.2,0.95
1777707574.7643533,38.6,3.15,0.2,0.95
1777707575.7411754,38.6,3.15,0.2,0.95
1777707576.7907894,38.6,3.15,0.2,0.95
1777707577.8110905,38.6,3.15,0.2,0.95
1777707578.8259666,38.6,3.15,0.2,0.95
1777707579.8022099,38.6,3.15,0.19,0.95
1777707580.8492267,38.6,3.15,0.2,0.95
1777707581.9064796,38.6,3.15,0.2,0.95
1777707582.933898,38.7,3.15,0.2,0.95
1777707583.9497902,38.7,3.15,0.2,0.95
1777707584.9728265,38.7,3.15,0.2,0.95
1777707585.9868357,38.7,3.15,0.2,0.95
1777707587.0293193,38.6,3.15,0.2,0.95
1777707587.9937692,38.6,3.15,0.2,0.95
1777707589.0452042,38.6,3.15,0.19,0.95
1777707590.0607986,38.6,3.15,0.19,0.95
1777707591.118944,38.6,3.15,0.19,0.95
1777707592.0992787,38.6,3.16,0.2,0.95
1777707593.1356149,38.6,3.15,0.2,0.95
1777707594.1080873,38.6,3.15,0.2,0.95
1777707595.1166577,38.6,3.15,0.19,0.95
1777707596.1144173,38.6,3.15,0.2,0.95
1777707597.1742668,38.6,3.15,0.19,0.95
1777707598.2679844,38.5,3.15,0.2,0.95
1777707599.27867,38.5,3.15,0.2,0.95
1777707600.3138332,38.6,3.15,0.19,0.95
1777707601.3688555,38.6,3.16,0.2,0.95
1777707602.4539988,38.6,3.16,0.2,0.95
1777707603.4670775,38.6,3.16,0.2,0.95
1777707604.5023255,38.6,3.16,0.2,0.95
1777707605.5646617,38.7,3.16,0.2,0.95
1777707606.6040604,38.7,3.16,0.2,0.95
1777707607.5832837,38.7,3.16,0.2,0.95
1777707608.5877798,38.7,3.16,0.2,0.95
1777707609.566039,38.9,3.16,0.2,0.95
1777707610.61024,38.9,3.16,0.2,0.95
1777707611.5773845,39.0,3.16,0.2,0.95
1777707612.5929084,39.0,3.16,0.2,0.95
1777707613.5645077,39.0,3.16,0.2,0.95
1777707614.6133785,39.0,3.16,0.2,0.95
1777707615.5645473,39.0,3.16,0.2,0.95
1777707616.6013672,39.0,3.16,0.2,0.95
1777707617.5554042,38.9,3.16,0.2,0.95
1777707618.6228466,38.9,3.15,0.2,0.95
1777707619.5904763,38.9,3.15,0.2,0.95
1777707620.6162143,38.9,3.15,0.2,0.95
1777707621.57818,38.9,3.15,0.19,0.95
1777707622.590918,38.9,3.15,0.19,0.95
1777707623.6390827,38.9,3.15,0.2,0.95
1777707624.6612742,38.9,3.15,0.2,0.95
1777707625.7125728,38.9,3.15,0.2,0.95
1777707626.8254468,38.9,3.15,0.19,0.95
1777707627.7997048,38.9,3.15,0.19,0.95
1777707628.7778623,38.9,3.15,0.19,0.95
1777707629.8272884,38.9,3.15,0.19,0.95
1777707630.8611114,38.9,3.15,0.19,0.94
1777707631.9235246,38.9,3.15,0.19,0.94
1777707632.89794,38.9,3.15,0.19,0.94
1777707633.9131207,38.9,3.15,0.19,0.94
1777707634.884127,38.9,3.15,0.2,0.94
1777707635.868601,39.0,3.15,0.2,0.94
1777707636.8486485,39.0,3.15,0.2,0.94
1777707637.8623114,39.0,3.15,0.19,0.94
1777707638.8600965,39.0,3.15,0.2,0.94
1777707639.883952,39.0,3.15,0.2,0.94
1777707640.9129682,39.0,3.15,0.2,0.94
1777707641.8624659,39.0,3.15,0.19,0.94
1777707642.8467598,39.0,3.15,0.19,0.94
1777707643.8766654,39.0,3.15,0.19,0.94
1777707644.8934908,39.0,3.15,0.2,0.94
1777707645.9710033,39.0,3.15,0.19,0.94
1777707646.9838889,39.0,3.15,0.19,0.94
1777707648.0236335,39.0,3.14,0.19,0.94
1777707649.0289414,39.0,3.15,0.19,0.94
1777707650.027783,39.0,3.14,0.19,0.94
1777707651.087056,39.0,3.14,0.19,0.94
1777707652.0324934,39.0,3.14,0.19,0.94
1777707653.1169515,39.0,3.14,0.19,0.94
1777707654.0980282,39.0,3.14,0.19,0.94
1777707655.0857828,39.0,3.15,0.19,0.94
1777707656.056767,39.0,3.14,0.19,0.94
1777707657.0181935,39.0,3.15,0.19,0.94
1777707657.9650614,39.0,3.15,0.19,0.94
1777707658.936462,39.0,3.15,0.2,0.94
1777707659.9179676,39.0,3.15,0.19,0.94
1777707660.9589689,39.0,3.15,0.19,0.94
1777707661.912321,39.0,3.15,0.2,0.94
1777707662.9424357,39.0,3.15,0.2,0.94
1777707663.9815557,39.0,3.15,0.2,0.94
1777707664.9360087,39.0,3.22,0.33,0.97
1777707665.9641263,39.0,3.33,0.48,1.0
1777707666.9993706,39.0,3.45,0.6,1.04
1777707668.0039265,39.0,3.52,0.64,1.09
1777707668.9759426,39.0,3.57,0.66,1.23
1777707669.9444752,39.0,3.62,0.67,1.36
1777707670.934795,39.0,3.66,0.68,1.48
1777707671.903855,39.0,3.68,0.68,1.54
1777707672.90907,39.0,3.71,0.68,1.65
1777707673.8998263,39.0,3.74,0.69,1.75
1777707674.9238536,39.0,3.76,0.69,1.84
1777707675.9096973,39.0,3.78,0.69,1.93
1777707676.8870401,39.0,3.79,0.69,1.96
1777707677.853357,39.0,3.81,0.69,2.04
1777707678.8465333,39.0,3.82,0.69,2.1
1777707679.8013523,39.0,3.83,0.69,2.16
1777707680.7593248,39.0,3.84,0.69,2.21
1777707681.7915425,39.0,3.85,0.69,2.26
1777707682.7537982,39.0,3.86,0.69,2.32
1777707683.8059933,39.0,3.86,0.69,2.36
1777707684.8084865,39.0,3.87,0.69,2.39
1777707685.7535195,39.0,3.87,0.69,2.42
1777707686.7952921,39.0,3.88,0.69,2.45
1777707687.7517571,39.0,3.88,0.69,2.48
1777707688.6891038,39.0,3.88,0.69,2.5
1777707689.6894693,39.0,3.89,0.69,2.52
1777707690.6346166,39.0,3.89,0.69,2.54
1777707691.602631,39.0,3.89,0.69,2.55
1777707692.5537329,39.0,3.89,0.69,2.56
1777707693.5953047,39.0,3.89,0.69,2.57
1777707694.5578012,39.0,3.89,0.69,2.58
1777707695.60678,39.0,3.89,0.69,2.59
1777707696.5637643,39.0,3.89,0.69,2.6
1777707697.548647,39.0,3.89,0.69,2.61
1777707698.3095095,39.0,3.9,0.69,2.62
1777707699.1025856,39.0,3.9,0.69,2.63
1777707699.9580197,39.0,3.9,0.69,2.64
1777707700.808111,39.0,3.9,0.69,2.64
1777707701.5872693,39.0,3.9,0.69,2.65
1777707702.359211,39.0,3.9,0.69,2.65
1777707703.3687327,39.0,3.9,0.69,2.66
1777707704.3835654,39.0,3.9,0.69,2.66
1777707705.4266531,39.0,3.9,0.69,2.66
1777707706.4710898,39.0,3.9,0.69,2.67
1777707707.5684192,39.0,3.9,0.69,2.67
1777707708.5907881,39.0,3.9,0.69,2.67
1777707709.6203375,39.0,3.9,0.69,2.67
1777707710.6490395,39.0,3.9,0.69,2.67
1777707711.6988168,39.0,3.9,0.69,2.67
1777707712.7428935,39.0,3.9,0.69,2.68
1777707713.776769,39.0,3.9,0.69,2.68
1777707714.8108988,39.0,3.9,0.69,2.68
1777707715.8327854,39.0,3.9,0.69,2.68
1777707716.85796,39.0,3.9,0.69,2.68
1777707717.9111135,39.0,3.9,0.69,2.68
1777707718.9427183,39.0,3.9,0.69,2.68
1777707719.9714923,39.0,3.9,0.69,2.68
1777707721.0098763,39.0,3.9,0.68,2.68
1777707722.0459414,39.0,3.9,0.69,2.68
1777707723.091923,39.0,3.9,0.69,2.68
1777707724.133514,39.0,3.9,0.69,2.68
1777707725.1672137,39.0,3.9,0.69,2.68
1777707726.2193854,39.0,3.9,0.69,2.68
1777707727.2477727,39.0,3.9,0.69,2.68
1777707728.2816653,39.0,3.9,0.69,2.68
1777707729.3236265,39.0,3.9,0.68,2.68
1777707730.3993988,39.0,3.9,0.68,2.68
1777707731.4526992,39.0,3.9,0.68,2.68
1777707732.4883385,39.0,3.9,0.68,2.68
1777707733.526516,39.0,3.9,0.69,2.68
1777707734.5613468,39.0,3.9,0.69,2.68
1777707735.608649,39.0,3.9,0.69,2.68
1777707736.660093,39.0,3.9,0.69,2.68
1777707737.6464937,39.0,3.9,0.69,2.68
1777707738.6629207,39.0,3.9,0.69,2.68
1777707739.6955626,39.0,3.9,0.69,2.68
1777707740.7109153,39.0,3.9,0.69,2.68
1777707741.746593,39.0,3.9,0.69,2.68
1777707742.7831967,39.0,3.9,0.69,2.68
1777707743.8197947,39.0,3.9,0.69,2.68
1777707744.8567429,39.0,3.9,0.69,2.68
1777707745.8961182,39.0,3.9,0.69,2.68
1777707746.911954,39.0,3.9,0.69,2.68
1777707747.9351587,39.0,3.9,0.69,2.68
1777707748.9668262,39.0,3.9,0.68,2.68
1777707750.007276,39.0,3.9,0.68,2.68
1777707751.03471,39.0,3.9,0.69,2.68
1777707752.0635195,39.0,3.9,0.69,2.68
1777707753.0593712,39.0,3.9,0.68,2.68
1777707754.0473871,39.0,3.9,0.69,2.68
1777707755.0871325,39.0,3.9,0.69,2.68
1777707756.1571906,39.0,3.9,0.69,2.68
1777707757.1998482,39.0,3.9,0.69,2.68
1777707758.2272215,39.0,3.9,0.69,2.68
1777707759.343717,39.0,3.9,0.69,2.68
1777707760.378977,39.0,3.9,0.68,2.68
1777707761.4236214,39.0,3.91,0.69,2.68
1777707762.458639,39.0,3.9,0.69,2.68
1777707763.4941049,39.0,3.9,0.69,2.68
1777707764.5242329,39.0,3.91,0.69,2.68
1777707765.5547886,39.0,3.9,0.69,2.68
1777707766.6717234,39.0,3.91,0.69,2.68
1777707767.6975715,39.0,3.91,0.68,2.68
1777707768.7401915,39.0,3.91,0.68,2.68
1777707769.788941,39.0,3.91,0.69,2.68
1777707770.8266666,39.0,3.91,0.69,2.68
1777707771.8556776,39.0,3.91,0.69,2.68
1777707772.8934836,39.0,3.91,0.68,2.68
1777707773.9255633,39.0,3.91,0.69,2.68
1777707774.925924,39.0,3.91,0.69,2.68
1777707775.931791,39.0,3.91,0.69,2.68
1777707776.8972256,39.0,3.91,0.69,2.68
1777707777.9214573,39.0,3.91,0.69,2.68
1777707779.0368195,39.0,3.91,0.69,2.68
1777707780.1295638,39.0,3.91,0.69,2.68
1777707781.2219882,39.0,3.91,0.69,2.68
1777707782.2949104,39.0,3.91,0.69,2.68
1777707783.2794642,39.0,3.91,0.69,2.68
1777707784.3642435,39.0,3.91,0.69,2.68
1777707785.3952763,39.0,3.91,0.68,2.68
1777707786.4316874,39.0,3.91,0.69,2.68
1777707787.4681091,39.0,3.91,0.69,2.68
1777707788.463411,39.0,3.91,0.69,2.68
1777707789.492478,39.0,3.91,0.69,2.68
1777707790.5328248,39.0,3.91,0.69,2.68
1777707791.5818653,39.0,3.91,0.69,2.68
1777707792.6098142,39.0,3.91,0.69,2.68
1777707793.6327195,39.0,3.91,0.69,2.68
1777707794.6561134,39.0,3.91,0.69,2.68
1777707795.7051096,39.0,3.91,0.69,2.68
1777707796.7342613,39.0,3.91,0.69,2.69
1777707797.765724,39.0,3.91,0.69,2.69
1777707798.7937615,39.0,3.91,0.69,2.69
1777707799.8153572,39.0,3.91,0.69,2.69
1777707800.8510594,39.0,3.91,0.69,2.69
1777707801.8649092,39.0,3.91,0.69,2.69
1777707802.9078164,39.0,3.91,0.69,2.69
1777707803.958341,39.0,3.91,0.69,2.69
1777707804.9775422,39.0,3.91,0.68,2.69
1777707806.028718,39.0,3.91,0.68,2.69
1777707807.0814497,39.0,3.91,0.68,2.69
1777707808.1125612,39.0,3.91,0.69,2.69
1777707809.154761,39.0,3.91,0.69,2.69
1777707810.2035067,39.0,3.91,0.69,2.69
1777707811.2374258,39.0,3.91,0.69,2.69
1777707812.2907693,39.0,3.91,0.69,2.69
1777707813.3566701,39.0,3.91,0.69,2.69
1777707814.3993983,39.0,3.91,0.69,2.69
1777707815.4324188,39.0,3.91,0.69,2.69
1777707816.4719763,39.0,3.91,0.69,2.69
1777707817.5035543,39.0,3.91,0.69,2.69
1777707818.5306673,39.0,3.91,0.69,2.69
1777707819.5660884,39.0,3.91,0.68,2.69
1777707820.5884793,39.0,3.91,0.68,2.69
1777707821.6295786,39.0,3.91,0.68,2.69
1777707822.6613367,39.0,3.91,0.69,2.69
1777707823.7010157,39.0,3.91,0.69,2.69
1777707824.729511,39.0,3.91,0.69,2.68
1777707825.7719183,39.0,3.91,0.68,2.68
1777707826.806026,39.0,3.91,0.68,2.68
1777707827.8402996,39.0,3.91,0.69,2.68
1777707828.8689191,39.0,3.91,0.68,2.68
1777707829.9130247,39.0,3.91,0.68,2.68
1777707830.93887,39.0,3.91,0.68,2.68
1777707831.9690676,39.0,3.91,0.69,2.68
1777707832.9923332,39.0,3.91,0.68,2.68
1777707834.0359488,39.0,3.91,0.69,2.68
1777707835.0617676,39.0,3.91,0.69,2.68
1777707836.0909042,39.0,3.91,0.69,2.68
1777707837.130928,39.0,3.91,0.69,2.68
1777707838.191514,39.0,3.91,0.69,2.68
1777707839.2258017,39.0,3.91,0.69,2.68
1777707840.2544563,39.0,3.91,0.69,2.69
1777707841.2954245,39.0,3.91,0.69,2.69
1777707842.3467488,39.0,3.91,0.69,2.69
1777707843.3755744,39.0,3.91,0.69,2.69
1777707844.421205,39.0,3.91,0.69,2.69
1777707845.4511867,39.0,3.91,0.69,2.69
1777707846.4920056,39.0,3.91,0.69,2.69
1777707847.5143232,39.0,3.91,0.69,2.69
1777707848.540131,39.0,3.91,0.69,2.69
1777707849.574759,39.0,3.91,0.69,2.69
1777707850.6057835,39.0,3.91,0.69,2.69
1777707851.6281307,39.0,3.91,0.69,2.69
1777707852.65494,39.0,3.91,0.69,2.69
1777707853.682704,39.0,3.91,0.69,2.69
1777707854.7131221,39.0,3.91,0.69,2.69
1777707855.7478244,39.0,3.91,0.69,2.69
1777707856.7868254,39.0,3.91,0.68,2.69
1777707857.8199966,39.0,3.91,0.68,2.69
1777707858.8093245,39.0,3.91,0.69,2.69
1777707859.8094516,39.0,3.91,0.68,2.69
1777707860.8587673,39.0,3.91,0.69,2.69
1777707861.8774614,39.0,3.91,0.69,2.69
1777707862.920386,39.0,3.91,0.69,2.69
1777707863.9492104,39.0,3.91,0.68,2.68
1777707864.9731781,39.0,3.91,0.68,2.68
1777707866.0178022,39.0,3.91,0.69,2.68
1777707867.0495372,39.0,3.91,0.69,2.68
1777707868.0769725,39.0,3.91,0.69,2.68
1777707869.0995252,39.0,3.91,0.68,2.68
1777707870.134534,39.0,3.91,0.69,2.68
1777707871.1532197,39.0,3.91,0.69,2.68
1777707872.175545,39.0,3.91,0.69,2.68
1777707873.2135725,39.0,3.91,0.69,2.68
1777707874.2316742,39.0,3.91,0.69,2.68
1777707875.2669537,39.0,3.91,0.69,2.68
1777707876.301347,39.0,3.91,0.69,2.68
1777707877.3280602,39.0,3.91,0.69,2.69
1777707878.3573997,39.0,3.91,0.69,2.69
1777707879.401273,39.0,3.91,0.69,2.69
1777707880.4330575,39.0,3.91,0.68,2.69
1777707881.4726002,39.0,3.91,0.69,2.69
1777707882.4970326,39.0,3.91,0.68,2.69
1777707883.4623156,39.0,3.91,0.68,2.68
1777707884.4106476,39.0,3.91,0.68,2.68
1777707885.4060743,39.0,3.91,0.69,2.68
1777707886.432124,39.0,3.91,0.69,2.68
1777707887.4573617,39.0,3.91,0.69,2.68
1777707888.4362621,39.0,3.91,0.69,2.68
1777707889.4378936,39.0,3.91,0.69,2.68
1777707890.4734967,39.0,3.91,0.69,2.68
1777707891.5363302,39.0,3.91,0.69,2.69
1777707892.5140402,39.0,3.91,0.69,2.69
1777707893.5600023,39.0,3.91,0.69,2.69
1777707894.6416085,39.0,3.91,0.69,2.69
1777707895.626282,39.0,3.91,0.69,2.69
1777707896.628194,39.0,3.91,0.69,2.69
1777707897.676183,39.0,3.91,0.69,2.69
1777707898.625435,39.0,3.91,0.69,2.69
1777707899.565633,39.0,3.91,0.69,2.69
1777707900.5396407,39.0,3.91,0.69,2.69
1777707901.5173652,39.0,3.91,0.69,2.69
1777707902.4895933,39.0,3.91,0.69,2.69
1777707903.4490228,39.0,3.91,0.69,2.69
1777707904.4542596,39.0,3.91,0.69,2.69
1777707905.4736264,39.0,3.91,0.69,2.69
1777707906.4183738,39.0,3.91,0.69,2.69
1777707907.5186985,39.0,3.91,0.69,2.69
1777707908.4736433,39.0,3.91,0.69,2.69
1777707909.5206325,39.0,3.91,0.69,2.69
1777707910.5635095,39.0,3.91,0.69,2.69
1777707911.5181162,39.0,3.91,0.69,2.69
1777707912.4739208,39.0,3.91,0.69,2.69
1777707913.468314,39.0,3.91,0.69,2.7
1777707914.5161605,39.0,3.91,0.69,2.69
1777707915.4677553,39.0,3.91,0.69,2.7
1777707916.460547,39.0,3.91,0.69,2.7
1777707917.5156896,39.0,3.91,0.69,2.7
1777707918.4884844,39.0,3.91,0.69,2.7
1777707919.4756033,39.0,3.91,0.69,2.7
1777707920.463219,39.0,3.91,0.69,2.7
1777707921.484767,39.0,3.91,0.69,2.7
1777707922.4702437,39.0,3.91,0.69,2.7
1777707923.5147,39.0,3.91,0.69,2.7
1777707924.6100488,39.0,3.91,0.69,2.7
1777707925.6974466,39.0,3.91,0.69,2.7
1777707926.6851125,39.0,3.91,0.69,2.7
1777707927.7210894,39.0,3.91,0.69,2.7
1777707928.7082798,39.0,3.91,0.69,2.7
1777707929.7265956,39.0,3.91,0.69,2.69
1777707930.7034225,39.0,3.91,0.69,2.69
1777707931.7186503,39.0,3.91,0.69,2.69
1777707932.6647232,39.0,3.91,0.69,2.69
1777707933.7000766,39.0,3.91,0.69,2.69
1777707934.751241,39.0,3.91,0.69,2.69
1777707935.7299855,39.0,3.91,0.69,2.69
1777707936.7362375,39.0,3.91,0.69,2.69
1777707937.6708417,39.0,3.91,0.69,2.69
1777707938.6830645,39.0,3.91,0.69,2.69
1777707939.7234166,39.0,3.91,0.69,2.69
1777707940.6922684,39.0,3.91,0.69,2.69
1777707941.7289162,39.0,3.91,0.69,2.69
1777707942.7152014,39.0,3.91,0.69,2.69
1777707943.7297242,39.0,3.91,0.69,2.69
1777707944.6566541,39.0,3.91,0.69,2.69
1777707945.662937,39.0,3.91,0.69,2.69
1777707946.6881824,39.0,3.91,0.69,2.69
1777707947.6688113,39.0,3.91,0.69,2.69
1777707948.7371802,39.0,3.91,0.69,2.69
1777707949.700779,39.0,3.91,0.69,2.69
1777707950.730034,39.0,3.91,0.69,2.69
1777707951.706385,39.0,3.91,0.69,2.69
1777707952.7135885,39.0,3.91,0.69,2.69
1777707953.7282727,39.0,3.91,0.69,2.69
1777707954.7573357,39.0,3.91,0.69,2.69
1777707955.7558327,39.0,3.91,0.69,2.69
1777707956.7671418,39.0,3.91,0.69,2.69
1777707957.7531374,39.0,3.91,0.69,2.69
1777707958.783677,39.0,3.91,0.69,2.69
1777707959.7769268,39.0,3.91,0.69,2.69
1777707960.7978513,39.0,3.91,0.69,2.69
1777707961.7663503,39.0,3.91,0.69,2.69
1777707962.7845354,39.0,3.91,0.69,2.69
1777707963.762764,39.0,3.91,0.69,2.69
1777707964.7382505,39.0,3.91,0.69,2.69
1777707965.7439477,39.0,3.91,0.69,2.69
1777707966.7655966,39.0,3.91,0.69,2.69
1777707967.7448974,39.0,3.91,0.68,2.69
1777707968.7850902,39.0,3.91,0.68,2.69
1777707969.7571576,39.0,3.91,0.68,2.69
1777707970.8140516,39.0,3.91,0.69,2.69
1777707971.83153,39.0,3.91,0.69,2.69
1777707972.7951114,39.0,3.91,0.69,2.69
1777707973.7493863,39.0,3.91,0.68,2.68
1777707974.6974351,39.0,3.91,0.68,2.68
1777707975.7214317,39.0,3.91,0.68,2.68
1777707976.7759793,39.0,3.91,0.68,2.68
1777707977.723231,39.0,3.91,0.69,2.68
1777707978.7607338,39.0,3.91,0.69,2.68
1777707979.7683456,39.0,3.91,0.69,2.68
1777707980.7141488,39.0,3.91,0.69,2.68
1777707981.6754847,39.0,3.91,0.69,2.68
1777707982.6333475,39.0,3.91,0.69,2.68
1777707983.3510573,39.0,3.91,0.69,2.68
1777707984.163913,39.0,3.91,0.69,2.68
1777707984.9342923,39.0,3.91,0.68,2.68
1777707985.74152,39.0,3.91,0.69,2.68
1777707986.4989367,39.0,3.91,0.69,2.68
1777707987.311532,39.0,3.91,0.69,2.68
1777707988.3039353,39.0,3.91,0.69,2.68
1777707989.3282008,39.0,3.91,0.68,2.68
1777707990.354393,39.0,3.91,0.68,2.68
1777707991.4349716,39.0,3.91,0.68,2.68
1777707992.5126607,39.0,3.91,0.68,2.68
1777707993.5883362,39.0,3.91,0.68,2.68
1777707994.669814,39.0,3.91,0.68,2.68
1777707995.7092166,39.0,3.91,0.68,2.68
1777707996.7578797,39.0,3.91,0.68,2.68
1777707997.8144162,39.0,3.91,0.68,2.68
1777707998.841478,39.0,3.91,0.68,2.68
1777707999.8672283,39.0,3.91,0.68,2.68
1777708000.9013898,39.0,3.91,0.68,2.68
1777708001.928362,39.0,3.91,0.69,2.68
1777708002.9672296,39.0,3.91,0.68,2.68
1777708003.997672,39.0,3.91,0.69,2.68
1777708005.03666,39.0,3.91,0.69,2.68
1777708006.0782826,39.0,3.91,0.68,2.68
1777708007.1065412,39.0,3.91,0.69,2.68
1777708008.1446927,39.0,3.91,0.69,2.68
1777708009.2050545,39.0,3.91,0.69,2.68
1777708010.2372744,39.0,3.91,0.69,2.68
1777708011.275955,39.0,3.91,0.69,2.68
1777708012.3092093,39.0,3.91,0.69,2.68
1777708013.3605068,39.0,3.91,0.69,2.68
1777708014.4291637,39.0,3.91,0.69,2.68
1777708015.4775171,39.0,3.91,0.69,2.68
1777708016.5111227,39.0,3.91,0.69,2.68
1777708017.543743,39.0,3.91,0.69,2.68
1777708018.5706687,39.0,3.91,0.68,2.68
1777708019.6035542,39.0,3.91,0.69,2.68
1777708020.6478806,39.0,3.91,0.68,2.68
1777708021.6683307,39.0,3.91,0.68,2.68
1777708022.79625,39.0,3.91,0.69,2.68
1777708023.8269446,39.0,3.91,0.69,2.68
1777708024.8501697,39.0,3.91,0.69,2.68
1777708026.001155,39.0,3.91,0.68,2.68
1777708027.0333276,39.0,3.91,0.69,2.68
1777708028.0612538,39.0,3.91,0.69,2.68
1777708029.0989556,39.0,3.91,0.69,2.68
1777708030.1261265,39.0,3.91,0.69,2.68
1777708031.1692245,39.0,3.91,0.69,2.68
1777708032.280402,39.0,3.91,0.69,2.68
1777708033.3112435,39.0,3.91,0.69,2.68
1777708034.352354,39.0,3.91,0.69,2.69
1777708035.4074864,39.0,3.91,0.69,2.69
1777708036.440718,39.0,3.91,0.69,2.69
1777708037.4814453,39.0,3.91,0.69,2.69
1777708038.532416,39.0,3.91,0.68,2.68
1777708039.5519795,39.0,3.91,0.69,2.68
1777708040.5748274,39.0,3.91,0.69,2.69
1777708041.6078267,39.0,3.91,0.69,2.69
1777708042.5878851,39.0,3.91,0.69,2.69
1777708043.574248,39.0,3.91,0.68,2.69
1777708044.5880291,39.0,3.91,0.68,2.68
1777708045.6211538,39.0,3.91,0.68,2.68
1777708046.6559882,39.0,3.91,0.69,2.68
1777708047.681216,39.0,3.91,0.69,2.68
1777708048.7225997,39.0,3.91,0.69,2.68
1777708049.7560046,39.0,3.91,0.68,2.68
1777708050.7862844,39.0,3.91,0.68,2.68
1777708051.8388114,39.0,3.91,0.68,2.68
1777708052.8692143,39.0,3.91,0.68,2.68
1777708053.912609,39.0,3.91,0.68,2.68
1777708054.8885727,39.0,3.91,0.68,2.68
1777708055.8735285,39.0,3.91,0.69,2.68
1777708056.9104848,39.0,3.91,0.69,2.68
1777708057.950453,39.0,3.91,0.69,2.68
1777708059.0015278,39.0,3.91,0.69,2.68
1777708060.0378623,39.0,3.91,0.69,2.68
1777708061.0794935,39.0,3.91,0.69,2.68
1777708062.1063905,39.0,3.91,0.69,2.68
1777708063.1369398,39.0,3.91,0.69,2.68
1777708064.167516,39.0,3.91,0.69,2.68
1777708065.2045772,39.0,3.91,0.68,2.68
1777708066.22618,39.0,3.91,0.68,2.68
1777708067.260913,39.0,3.91,0.69,2.68
1777708068.2966852,39.0,3.91,0.68,2.68
1777708069.3325562,39.0,3.91,0.68,2.68
1777708070.3568218,39.0,3.91,0.68,2.68
1777708071.3697326,39.0,3.91,0.68,2.68
1777708072.3841789,39.0,3.91,0.68,2.68
1777708073.416655,39.0,3.91,0.69,2.68
1777708074.4413395,39.0,3.91,0.68,2.68
1777708075.4549906,39.0,3.91,0.68,2.68
1777708076.476772,39.0,3.91,0.68,2.68
1777708077.5114965,39.0,3.91,0.68,2.68
1777708078.5277698,39.0,3.91,0.69,2.68
1777708079.559329,39.0,3.91,0.69,2.68
1777708080.5905955,39.0,3.91,0.69,2.68
1777708081.6622741,39.0,3.91,0.68,2.68
1777708082.72328,39.0,3.91,0.69,2.68
1777708083.7500463,39.0,3.91,0.69,2.68
1777708084.7854156,39.0,3.91,0.69,2.68
1777708085.8150356,39.0,3.91,0.69,2.68
1777708086.8071582,39.0,3.91,0.69,2.68
1777708087.805945,39.0,3.91,0.69,2.68
1777708088.8266566,39.0,3.91,0.69,2.68
1777708089.8567505,39.0,3.91,0.69,2.68
1777708090.8836877,39.0,3.91,0.68,2.68
1777708091.9218955,39.0,3.91,0.68,2.68
1777708092.982096,39.0,3.91,0.68,2.68
1777708094.0344105,39.0,3.91,0.69,2.68
1777708095.0693488,39.0,3.91,0.68,2.68
1777708096.1148589,39.0,3.91,0.69,2.68
1777708097.1434546,38.9,3.91,0.69,2.68
1777708098.1625047,38.9,3.91,0.69,2.68
1777708099.2015913,38.8,3.91,0.69,2.68
1777708100.2850637,38.8,3.91,0.69,2.68
1777708101.3143647,38.8,3.91,0.68,2.68
1777708102.366906,38.6,3.91,0.69,2.68
1777708103.3922288,38.6,3.91,0.68,2.68
1777708104.4199731,38.6,3.91,0.68,2.68
1777708105.4622655,38.6,3.91,0.68,2.68
1777708106.4948251,38.6,3.91,0.68,2.68
1777708107.5158844,38.6,3.91,0.68,2.68
1777708108.569398,38.6,3.91,0.68,2.68
1777708109.5995078,38.6,3.91,0.68,2.68
1777708110.6287775,38.6,3.91,0.69,2.68
1777708111.6224895,38.6,3.91,0.69,2.68
1777708112.6536913,38.6,3.91,0.69,2.68
1777708113.6701667,38.5,3.91,0.68,2.68
1777708114.699525,38.5,3.91,0.68,2.68
1777708115.7315774,38.5,3.91,0.68,2.68
1777708116.8054938,38.5,3.91,0.68,2.68
1777708117.842436,38.5,3.91,0.68,2.68
1777708118.867902,38.5,3.91,0.68,2.68
1777708119.8906431,38.5,3.91,0.68,2.68
1777708120.9197636,38.5,3.91,0.68,2.68
1777708121.9435527,38.5,3.91,0.68,2.68
1777708122.9827154,38.5,3.91,0.68,2.68
1777708124.003277,38.5,3.91,0.69,2.68
1777708124.976471,38.5,3.91,0.69,2.68
1777708125.9666598,38.5,3.91,0.69,2.68
1777708127.0519927,38.5,3.91,0.69,2.68
1777708128.0983734,38.5,3.91,0.69,2.68
1777708129.1344917,38.5,3.91,0.69,2.68
1777708130.1747835,38.5,3.91,0.69,2.68
1777708131.2038891,38.5,3.91,0.69,2.68
1777708132.2518775,38.5,3.91,0.69,2.68
1777708133.276544,38.5,3.91,0.69,2.68
1777708134.3062656,38.5,3.91,0.69,2.68
1777708135.3388288,38.5,3.91,0.69,2.69
1777708136.3609357,38.5,3.91,0.69,2.69
1777708137.4117637,38.5,3.91,0.69,2.69
1777708138.4381018,38.5,3.91,0.69,2.69
1777708139.4707193,38.5,3.91,0.69,2.69
1777708140.5000916,38.5,3.91,0.69,2.69
1777708141.533347,38.5,3.91,0.69,2.69
1777708142.5647526,38.5,3.91,0.69,2.69
1777708143.5803812,38.5,3.91,0.69,2.69
1777708144.6033652,38.5,3.91,0.69,2.69
1777708145.572507,38.5,3.91,0.69,2.69
1777708146.5699306,38.5,3.91,0.69,2.69
1777708147.598804,38.5,3.91,0.69,2.69
1777708148.6255186,38.5,3.91,0.69,2.69
1777708149.6570163,38.5,3.91,0.69,2.69
1777708150.6850848,38.5,3.91,0.68,2.69
1777708151.7356765,38.5,3.91,0.69,2.69
1777708152.7646878,38.5,3.91,0.69,2.69
1777708153.7872334,38.5,3.91,0.69,2.69
1777708154.8330836,38.5,3.91,0.69,2.69
1777708155.8712726,38.5,3.91,0.69,2.69
1777708156.9104795,38.5,3.91,0.68,2.69
1777708157.9331489,38.5,3.91,0.68,2.68
1777708158.9801862,38.5,3.91,0.68,2.68
1777708160.0180042,38.5,3.91,0.68,2.68
1777708161.0521345,38.5,3.91,0.69,2.68
1777708162.0439584,38.5,3.91,0.69,2.68
1777708163.032958,38.5,3.91,0.69,2.68
1777708164.0469177,38.5,3.91,0.69,2.68
1777708165.0443666,38.5,3.91,0.69,2.68
1777708165.9906561,38.5,3.91,0.69,2.69
1777708167.01865,38.5,3.91,0.69,2.69
1777708167.9890096,38.5,3.91,0.69,2.69
1777708168.9996886,38.5,3.91,0.69,2.69
1777708170.090406,38.5,3.91,0.69,2.69
1777708171.1056287,38.5,3.91,0.68,2.69
1777708172.150689,38.5,3.91,0.69,2.69
1777708173.1979964,38.5,3.91,0.69,2.69
1777708174.2169075,38.5,3.91,0.69,2.69
1777708175.262495,38.5,3.91,0.69,2.69
1777708176.260286,38.5,3.91,0.69,2.69
1777708177.2585669,38.5,3.91,0.69,2.69
1777708178.340359,38.5,3.91,0.69,2.69
1777708179.3778274,38.5,3.91,0.69,2.69
1777708180.3993146,38.5,3.91,0.69,2.69
1777708181.3963897,38.5,3.91,0.69,2.69
1777708182.3651836,38.5,3.91,0.69,2.69
1777708183.384942,38.5,3.91,0.69,2.69
1777708184.3632486,38.5,3.91,0.69,2.69
1777708185.4092512,38.5,3.91,0.69,2.69
1777708186.3758075,38.5,3.91,0.69,2.69
1777708187.4062061,38.5,3.91,0.69,2.69
1777708188.4410875,38.5,3.91,0.69,2.69
1777708189.4424586,38.5,3.91,0.69,2.69
1777708190.3821929,38.5,3.91,0.69,2.69
1777708191.368175,38.5,3.91,0.69,2.69
1777708192.358639,38.5,3.91,0.69,2.69
1777708193.3872252,38.5,3.91,0.69,2.69
1777708194.4567318,38.5,3.91,0.69,2.69
1777708195.4116182,38.5,3.91,0.68,2.69
1777708196.467417,38.5,3.91,0.68,2.69
1777708197.4868457,38.5,3.91,0.69,2.69
1777708198.4572673,38.5,3.91,0.69,2.69
1777708199.453183,38.5,3.91,0.69,2.69
1777708200.5007288,38.5,3.91,0.69,2.69
1777708201.5269666,38.5,3.91,0.68,2.69
1777708202.5661724,38.5,3.91,0.68,2.69
1777708203.5576937,38.5,3.91,0.68,2.69
1777708204.561587,38.5,3.91,0.68,2.68
1777708205.5663316,38.5,3.91,0.68,2.68
1777708206.5666327,38.5,3.91,0.69,2.68
1777708207.5775762,38.5,3.91,0.69,2.68
1777708208.5511043,38.5,3.91,0.69,2.69
1777708209.5143645,38.5,3.91,0.69,2.69
1777708210.5194855,38.5,3.91,0.69,2.69
1777708211.5090177,38.5,3.91,0.69,2.69
1777708212.4411073,38.5,3.91,0.69,2.69
1777708213.522492,38.5,3.91,0.69,2.69
1777708214.5752172,38.5,3.91,0.69,2.69
1777708215.561232,38.5,3.91,0.69,2.69
1777708216.4960513,38.5,3.91,0.69,2.69
1777708217.5278537,38.6,3.91,0.69,2.69
1777708218.5226316,38.6,3.91,0.69,2.69
1777708219.5740623,38.6,3.91,0.69,2.69
1777708220.5440447,38.6,3.91,0.69,2.69
1777708221.5775435,38.6,3.91,0.69,2.69
1777708222.5325766,38.6,3.91,0.69,2.69
1777708223.554763,38.6,3.91,0.69,2.69
1777708224.5057335,38.6,3.91,0.69,2.69
1777708225.5235748,38.6,3.91,0.69,2.69
1777708226.476969,38.6,3.91,0.69,2.69
1777708227.5000691,38.6,3.91,0.69,2.69
1777708228.4683442,38.6,3.91,0.69,2.69
1777708229.487659,38.6,3.91,0.69,2.69
1777708230.4560773,38.6,3.91,0.69,2.69
1777708231.4650912,38.6,3.91,0.69,2.69
1777708232.4133568,38.6,3.91,0.69,2.69
1777708233.4468508,38.6,3.91,0.69,2.69
1777708234.4147022,38.6,3.91,0.69,2.69
1777708235.4438105,38.6,3.91,0.69,2.69
1777708236.4453866,38.6,3.91,0.69,2.69
1777708237.4800243,38.6,3.91,0.69,2.7
1777708238.431081,38.6,3.91,0.69,2.69
1777708239.4180143,38.6,3.91,0.69,2.69
1777708240.386354,38.6,3.91,0.69,2.69
1777708241.4107735,38.6,3.91,0.68,2.69
1777708242.3875642,38.6,3.91,0.68,2.69
1777708243.4225802,38.6,3.91,0.68,2.69
1777708244.461371,38.6,3.91,0.68,2.69
1777708245.4766967,38.7,3.91,0.68,2.69
1777708246.5311062,38.7,3.91,0.69,2.69
1777708247.5652068,38.7,3.91,0.69,2.69
1777708248.5803988,38.7,3.91,0.69,2.69
1777708249.5959308,38.7,3.91,0.69,2.69
1777708250.5975652,38.8,3.91,0.69,2.69
1777708251.6153123,38.8,3.91,0.69,2.69
1777708252.5776455,38.9,3.91,0.69,2.69
1777708253.6106923,38.9,3.91,0.69,2.69
1777708254.585344,38.9,3.91,0.69,2.69
1777708255.6334283,38.9,3.91,0.69,2.69
1777708256.595612,38.9,3.91,0.69,2.69
1777708257.6099083,39.0,3.91,0.69,2.69
1777708258.5947134,39.0,3.91,0.69,2.69
1777708259.6210575,39.0,3.91,0.69,2.69
1777708260.5892575,39.0,3.91,0.69,2.69
1777708261.625965,39.0,3.91,0.69,2.69
1777708262.5973608,39.0,3.91,0.69,2.69
1777709901.5155826,39.0,3.91,0.69,2.69
1777709905.129333,39.0,3.91,0.69,2.69
1777709906.8890526,39.0,3.91,0.69,2.69
1777709908.9454687,39.0,3.91,0.69,2.69
1777709910.946069,39.0,3.91,0.69,2.69
1777709912.9458334,39.0,3.91,0.69,2.69
1777709914.9348931,39.0,3.91,0.69,2.69
1777709916.8963401,39.0,3.91,0.69,2.69
1777709919.1538603,39.0,3.91,0.69,2.69
1777709921.2053819,39.0,3.91,0.69,2.69
1777709923.279884,39.0,3.91,0.69,2.69
1777709925.409476,39.0,3.91,0.69,2.69
1777709927.4334931,39.0,3.91,0.69,2.69
1777709929.5694335,39.0,3.91,0.69,2.69
1777709931.585586,39.0,3.91,0.69,2.69
1777709933.6596951,39.0,3.91,0.69,2.69
1777709935.6891463,39.0,3.91,0.69,2.69
1777709937.664931,39.0,3.91,0.69,2.69
1777709939.7975984,39.0,3.91,0.69,2.69
1777709941.823419,39.0,3.91,0.69,2.69
1777709943.8878946,39.0,3.91,0.69,2.69
1777709945.946844,39.0,3.91,0.69,2.69
1777709948.0049157,39.0,3.91,0.69,2.69
1777709950.0581026,39.0,3.91,0.69,2.69
1777709952.1206803,39.0,3.91,0.69,2.69
1777709954.1250598,39.0,3.91,0.69,2.69
1777709956.1285183,39.0,3.91,0.69,2.69
1777709958.1795452,39.0,3.91,0.69,2.69
1777709960.2272727,39.0,3.91,0.69,2.69
1777709962.30231,39.0,3.91,0.69,2.69
1777709964.5371764,39.0,3.91,0.69,2.69
1777709966.5653613,39.0,3.91,0.69,2.69
1777709968.6158679,39.0,3.91,0.69,2.69
1777709970.6086159,39.0,3.91,0.69,2.69
1777709972.684503,39.0,3.91,0.69,2.69
1777709974.7053964,39.0,3.91,0.69,2.69
1777709976.7714684,39.0,3.91,0.69,2.69
1777709978.834269,39.0,3.91,0.69,2.69
1777709980.8628652,39.0,3.91,0.69,2.69
1777709982.8917594,39.0,3.91,0.69,2.69
1777709984.9177947,39.0,3.91,0.69,2.69
1777709986.9986887,39.0,3.91,0.69,2.69
1777709989.025694,39.0,3.91,0.69,2.69
1777709991.1407976,39.0,3.91,0.69,2.69
1777709993.1795235,39.0,3.91,0.69,2.69
1777709995.2160182,39.0,3.91,0.69,2.69
1777709997.2641275,39.0,3.91,0.69,2.69
1777709999.3008027,39.0,3.91,0.69,2.69
1777710001.3610795,39.0,3.91,0.69,2.69
1777710003.3878133,39.0,3.91,0.69,2.69
1777710005.4159682,39.0,3.91,0.69,2.69
1777710007.4539425,39.0,3.91,0.69,2.69
1777710009.476832,39.0,3.91,0.69,2.69
1777710011.5406392,39.0,3.91,0.69,2.69
1777710013.6006603,39.0,3.91,0.69,2.69
1777710015.6758444,39.0,3.91,0.69,2.69
1777710017.7117782,39.0,3.91,0.69,2.69
1777710019.757933,39.0,3.91,0.69,2.69
1777710021.8582585,39.0,3.91,0.69,2.69
1777710023.9286776,39.0,3.91,0.69,2.69
1777710025.99519,39.0,3.91,0.69,2.69
1777710028.029044,39.0,3.91,0.69,2.69
1777710030.0814857,39.0,3.91,0.69,2.69
1777710032.1411712,39.0,3.91,0.69,2.69
1777710034.1619043,39.0,3.91,0.69,2.69
1777710036.212297,39.0,3.91,0.69,2.69
1777710038.2724087,39.0,3.91,0.69,2.69
1777710040.3531313,39.0,3.91,0.69,2.69
1777710042.4119604,39.0,3.91,0.69,2.69
1777710044.4544723,39.0,3.91,0.69,2.69
1777710046.5005972,39.0,3.91,0.69,2.69
1777710048.5455809,39.0,3.91,0.69,2.69
1777710050.587304,39.0,3.91,0.69,2.69
1777710052.6703784,39.0,3.91,0.69,2.69
1777710054.700349,39.0,3.91,0.69,2.69
1777710056.7278962,39.0,3.91,0.69,2.69
1777710058.7796526,39.0,3.91,0.69,2.69
1777710060.8418884,39.0,3.91,0.69,2.69
1777710062.8935435,39.0,3.91,0.69,2.69
1777710064.9464056,39.0,3.91,0.69,2.69
1777710066.98898,39.0,3.91,0.69,2.69
1777710069.0188046,39.0,3.91,0.69,2.69
1777710071.0680218,39.0,3.91,0.69,2.69
1777710073.1256535,39.0,3.91,0.69,2.69
1777710075.1926267,39.0,3.91,0.69,2.69
1777710077.1806839,39.0,3.91,0.69,2.69
1777710079.220117,39.0,3.91,0.69,2.69
1777710081.213596,39.0,3.91,0.69,2.69
1777710083.2037034,39.0,3.91,0.69,2.69
1777710085.2373695,39.0,3.91,0.69,2.69
1777710087.272897,39.0,3.91,0.69,2.69
1777710089.3255565,39.0,3.91,0.69,2.69
1777710091.3761039,39.0,3.91,0.69,2.69
1777710093.419559,39.0,3.91,0.69,2.69
1777710095.4845655,39.0,3.91,0.69,2.69
1777710097.5386534,39.0,3.91,0.69,2.69
1777710099.5768263,39.0,3.91,0.69,2.69
1777710101.6422477,39.0,3.91,0.69,2.69
1777710103.717132,39.0,3.91,0.69,2.69
1777710105.7895138,39.0,3.91,0.69,2.69
1777710107.859097,39.0,3.91,0.69,2.69
1777710109.918565,39.0,3.91,0.69,2.69
1777710111.9918342,39.0,3.91,0.69,2.69
1777710114.058628,39.0,3.91,0.69,2.69
1777710116.115514,39.0,3.91,0.69,2.69
1777710118.1463974,39.0,3.91,0.69,2.69
1777710120.2042537,39.0,3.91,0.69,2.69
1777710122.3553166,39.0,3.91,0.69,2.69
1777710124.4425087,39.0,3.91,0.69,2.69
1777710126.432107,39.0,3.91,0.69,2.69
1777710128.477418,39.0,3.91,0.69,2.69
1777710130.5012722,39.0,3.91,0.69,2.69
1777710132.57548,39.0,3.91,0.69,2.69
1777710134.6200316,39.0,3.91,0.69,2.69
1777710136.6690102,39.0,3.91,0.69,2.69
1777710138.7316375,39.0,3.91,0.69,2.69
1777710140.815204,39.0,3.91,0.69,2.69
1777710142.8962555,39.0,3.91,0.69,2.69
1777710144.966594,39.0,3.91,0.69,2.69
1777710147.0131898,39.0,3.91,0.69,2.69
1777710149.0421853,39.0,3.91,0.69,2.69
1777710151.050213,39.0,3.91,0.69,2.69
1777710153.0985584,39.0,3.91,0.69,2.69
1777710155.1325247,39.0,3.91,0.69,2.69
1777710157.1602955,39.0,3.91,0.69,2.69
1777710159.176843,39.0,3.91,0.69,2.69
1777710161.2591732,39.0,3.91,0.69,2.69
1777710163.3207004,39.0,3.91,0.69,2.69
1777710165.380659,39.0,3.91,0.69,2.69
1777710167.4430091,39.0,3.91,0.69,2.69
1777710169.508063,39.0,3.91,0.69,2.69
1777710171.5610824,39.0,3.91,0.69,2.69
1777710173.6178715,39.0,3.91,0.69,2.69
1777710175.622957,39.0,3.91,0.69,2.69
1777710177.6439667,39.0,3.91,0.69,2.69
1777710179.7047367,39.0,3.91,0.69,2.69
1777710181.7542224,39.0,3.91,0.69,2.69
1777710183.8093386,39.0,3.91,0.69,2.69
1777710185.838343,39.0,3.91,0.69,2.69
1777710187.8786163,39.0,3.91,0.69,2.69
1777710189.9217842,39.0,3.91,0.69,2.69
1777710191.9740891,39.0,3.91,0.69,2.69
1777710194.0440044,39.0,3.91,0.69,2.69
1777710196.0640266,39.0,3.91,0.69,2.69
1777710198.1007671,39.0,3.91,0.69,2.69
1777710200.130662,39.0,3.91,0.69,2.69
1777710202.1381607,39.0,3.91,0.69,2.69
1777710204.1781614,39.0,3.91,0.69,2.69
1777710206.2046795,39.0,3.91,0.69,2.69
1777710208.2650704,39.0,3.91,0.69,2.69
1777710210.3105714,39.0,3.91,0.69,2.69
1777710212.3385847,39.0,3.91,0.69,2.69
1777710214.3664603,39.0,3.91,0.69,2.69
1777710216.4243093,39.0,3.91,0.69,2.69
1777710218.4961371,39.0,3.91,0.69,2.69
1777710220.5224452,39.0,3.91,0.69,2.69
1777710222.5685441,39.0,3.91,0.69,2.69
1777710224.5952594,39.0,3.91,0.69,2.69
1777710226.6451042,39.0,3.91,0.69,2.69
1777710228.679897,39.0,3.91,0.69,2.69
1777710230.724986,39.0,3.91,0.69,2.69
1777710232.7527454,39.0,3.91,0.69,2.69
1777710234.8203404,39.0,3.91,0.69,2.69
1777710236.869712,39.0,3.91,0.69,2.69
1777710238.9186935,39.0,3.91,0.69,2.69
1777710240.9640276,39.0,3.91,0.69,2.69
1777710243.0028372,39.0,3.91,0.69,2.69
1777710245.0232549,39.0,3.91,0.69,2.69
1777710247.0875523,39.0,3.91,0.69,2.69
1777710249.150497,39.0,3.91,0.69,2.69
1777710251.2136219,39.0,3.91,0.69,2.69
1777710253.2361336,39.0,3.91,0.69,2.69
1777710255.2782986,39.0,3.91,0.69,2.69
1777710257.342415,39.0,3.91,0.69,2.69
1777710259.392578,39.0,3.91,0.69,2.69
1777710261.4422836,39.0,3.91,0.69,2.69
1777710263.4791358,39.0,3.91,0.69,2.69
1777710265.5057805,39.0,3.91,0.69,2.69
1777710267.5807028,39.0,3.91,0.69,2.69
1777710269.6305401,39.0,3.91,0.69,2.69
1777710271.69083,39.0,3.91,0.69,2.69
1777710273.7501225,39.0,3.91,0.69,2.69
1777710275.794525,39.0,3.91,0.69,2.69
1777710277.8355615,39.0,3.91,0.69,2.69
1777710279.8791611,39.0,3.91,0.69,2.69
1777710281.9133966,39.0,3.91,0.69,2.69
1777710283.963687,39.0,3.91,0.69,2.69
1777710285.997395,39.0,3.91,0.69,2.69
1777710288.068074,39.0,3.91,0.69,2.69
1777710290.098713,39.0,3.91,0.69,2.69
1777710292.1456258,39.0,3.91,0.69,2.69
1777710294.2013123,39.0,3.91,0.69,2.69
1777710296.2512822,39.0,3.91,0.69,2.69
1777710298.3048677,39.0,3.91,0.69,2.69
1777710300.3627112,39.0,3.91,0.69,2.69
1777710302.4104564,39.0,3.91,0.69,2.69
1777710304.4364977,39.0,3.91,0.69,2.69
1777710306.478699,39.0,3.91,0.69,2.69
1777710308.532795,39.0,3.91,0.69,2.69
1777710310.5672884,39.0,3.91,0.69,2.69
1777710312.6144497,39.0,3.91,0.69,2.69
1777710314.6669998,39.0,3.91,0.69,2.69
1777710316.7244148,39.0,3.91,0.69,2.69
1777710318.7827702,39.0,3.91,0.69,2.69
1777710320.8403287,39.0,3.91,0.69,2.69
1777710322.8888667,39.0,3.91,0.69,2.69
1777710324.961226,39.0,3.91,0.69,2.69
1777710327.0128343,39.0,3.91,0.69,2.69
1777710329.0612078,39.0,3.91,0.69,2.69
1777710331.14399,39.0,3.91,0.69,2.69
1777710333.1867087,39.0,3.91,0.69,2.69
1777710335.2190187,39.0,3.91,0.69,2.69
1777710337.2844894,39.0,3.91,0.69,2.69
1777710339.3338199,39.0,3.91,0.69,2.69
1777710341.3964221,39.0,3.91,0.69,2.69
1777710343.4428911,39.0,3.91,0.69,2.69
1777710345.4944532,39.0,3.91,0.69,2.69
1777710347.5483534,39.0,3.91,0.69,2.69
1777710349.6014137,39.0,3.91,0.69,2.69
1777710351.6427672,39.0,3.91,0.69,2.69
1777710353.697368,39.0,3.91,0.69,2.69
1777710355.756601,39.0,3.91,0.69,2.69
1777710357.8213274,39.0,3.91,0.69,2.69
1777710359.876613,39.0,3.91,0.69,2.69
1777710361.9155133,39.0,3.91,0.69,2.69
1777710363.9414678,39.0,3.91,0.69,2.69
1777710365.9734833,39.0,3.91,0.69,2.69
1777710368.0265622,39.0,3.91,0.69,2.69
1777710370.1112652,39.0,3.91,0.69,2.69
1777710372.1310081,39.0,3.91,0.69,2.69
1777710374.0985582,39.0,3.91,0.69,2.69
1777710376.161185,39.0,3.91,0.69,2.69
1777710378.1830516,39.0,3.91,0.69,2.69
1777710380.2163544,39.0,3.91,0.69,2.69
1777710382.2444491,39.0,3.91,0.69,2.69
1777710384.3238351,39.0,3.91,0.69,2.69
1777710386.3519294,39.0,3.91,0.69,2.69
1777710388.3884711,39.0,3.91,0.69,2.69
1777710390.411622,39.0,3.91,0.69,2.69
1777710392.4497535,39.0,3.91,0.69,2.69
1777710394.482242,39.0,3.91,0.69,2.69
1777710396.5057995,39.0,3.91,0.69,2.69
1777710398.5524197,39.0,3.91,0.69,2.69
1777710400.5670435,39.0,3.91,0.69,2.69
1777710402.6011834,39.0,3.91,0.69,2.69
1777710404.6672442,39.0,3.91,0.69,2.69
1777710406.7262764,39.0,3.91,0.69,2.69
1777710408.7455757,39.0,3.91,0.69,2.69
1777710410.810221,39.0,3.91,0.69,2.69
1777710412.8644288,39.0,3.91,0.69,2.69
1777710414.865191,39.0,3.91,0.69,2.69
1777710416.916549,39.0,3.91,0.69,2.69
1777710418.9894087,39.0,3.91,0.69,2.69
1777710421.0163937,39.0,3.91,0.69,2.69
1777710423.0761905,39.0,3.91,0.69,2.69
1777710425.1285653,39.0,3.91,0.69,2.69
1777710427.1489077,39.0,3.91,0.69,2.69
1777710429.192457,39.0,3.91,0.69,2.69
1777710431.2811825,39.0,3.91,0.69,2.69
1777710433.3367722,39.0,3.91,0.69,2.69
1777710435.3643408,39.0,3.91,0.69,2.69
1777710437.4031963,39.0,3.91,0.69,2.69
1777710439.45812,39.0,3.91,0.69,2.69
1777710441.4978356,39.0,3.91,0.69,2.69
1777710443.5745702,39.0,3.91,0.69,2.69
1777710445.5892956,39.0,3.91,0.69,2.69
1777710447.6141968,39.0,3.91,0.69,2.69
1777710449.6634705,39.0,3.91,0.69,2.69
1777710451.7096238,39.0,3.91,0.69,2.69
1777710453.7573504,39.0,3.91,0.69,2.69
1777710455.8306775,39.0,3.91,0.69,2.69
1777710457.8840232,39.0,3.91,0.69,2.69
1777710459.8990755,39.0,3.91,0.69,2.69
1777710461.939766,39.0,3.91,0.69,2.69
1777710463.9765887,39.0,3.91,0.69,2.69
1777710466.002611,39.0,3.91,0.69,2.69
1777710468.0546427,39.0,3.91,0.69,2.69
1777710470.1103518,39.0,3.91,0.69,2.69
1777710472.1504023,39.0,3.91,0.69,2.69
1777710474.2183256,39.0,3.91,0.69,2.69
1777710476.2398877,39.0,3.91,0.69,2.69
1777710478.2666898,39.0,3.91,0.69,2.69
1777710480.333727,39.0,3.91,0.69,2.69
1777710482.367613,39.0,3.91,0.69,2.69
1777710484.418056,39.0,3.91,0.69,2.69
1777710486.482719,39.0,3.91,0.69,2.69
1777710488.5350447,39.0,3.91,0.69,2.69
1777710490.5958302,39.0,3.91,0.69,2.69
1777710492.6421478,39.0,3.91,0.69,2.69
1777710494.6958623,39.0,3.91,0.69,2.69
1777710496.7508,39.0,3.91,0.69,2.69
1777710498.825389,39.0,3.91,0.69,2.69
1777710500.8303022,39.0,3.91,0.69,2.69
1777710502.8832226,39.0,3.91,0.69,2.69
1777710504.9231317,39.0,3.91,0.69,2.69
1777710506.941409,39.0,3.91,0.69,2.69
1777710508.9915984,39.0,3.91,0.69,2.69
1777710511.042854,39.0,3.91,0.69,2.69
1777710513.09252,39.0,3.91,0.69,2.69
1777710515.1251507,39.0,3.91,0.69,2.69
1777710517.1474693,39.0,3.91,0.69,2.69
1777710519.1759162,39.0,3.91,0.69,2.69
1777710521.233393,39.0,3.91,0.69,2.69
1777710523.2518182,39.0,3.91,0.69,2.69
1777710525.2788014,39.0,3.91,0.69,2.69
1777710527.3007486,39.0,3.91,0.69,2.69
1777710529.339293,39.0,3.91,0.69,2.69
1777710531.396928,39.0,3.91,0.69,2.69
1777710533.444469,39.0,3.91,0.69,2.69
1777710535.4512384,39.0,3.91,0.69,2.69
1777710537.5080643,39.0,3.91,0.69,2.69
1777710539.5750465,39.0,3.91,0.69,2.69
1777710541.634852,39.0,3.91,0.69,2.69
1777710543.6979887,39.0,3.91,0.69,2.69
1777710545.734742,39.0,3.91,0.69,2.69
1777710547.762053,39.0,3.91,0.69,2.69
1777710549.8390121,39.0,3.91,0.69,2.69
1777710551.876133,39.0,3.91,0.69,2.69
1777710553.8961036,39.0,3.91,0.69,2.69
1777710555.9121187,39.0,3.91,0.69,2.69
1777710557.9533567,39.0,3.91,0.69,2.69
1777710559.9696546,39.0,3.91,0.69,2.69
1777710562.0301282,39.0,3.91,0.69,2.69
1777710564.0855796,39.0,3.91,0.69,2.69
1777710566.1116283,39.0,3.91,0.69,2.69
1777710568.1381028,39.0,3.91,0.69,2.69
1777710570.1968105,39.0,3.91,0.69,2.69
1777710572.2571595,39.0,3.91,0.69,2.69
1777710574.2923658,39.0,3.91,0.69,2.69
1777710576.3203175,39.0,3.91,0.69,2.69
1777710578.3895826,39.0,3.91,0.69,2.69
1777710580.4349458,39.0,3.91,0.69,2.69
1777710582.4909558,39.0,3.91,0.69,2.69
1777710584.556711,39.0,3.91,0.69,2.69
1777710586.5910573,39.0,3.91,0.69,2.69
1777710588.6572773,39.0,3.91,0.69,2.69
1777710590.6918814,39.0,3.91,0.69,2.69
1777710592.740345,39.0,3.91,0.69,2.69
1777710594.8042216,39.0,3.91,0.69,2.69
1777710596.8349361,39.0,3.91,0.69,2.69
1777710598.8528812,39.0,3.91,0.69,2.69
1777710600.9117732,39.0,3.91,0.69,2.69
1777710602.92381,39.0,3.91,0.69,2.69
1777710604.9812346,39.0,3.91,0.69,2.69
1777710607.0273461,39.0,3.91,0.69,2.69
1777710609.062565,39.0,3.91,0.69,2.69
1777710611.0932605,39.0,3.91,0.69,2.69
1777710613.127363,39.0,3.91,0.69,2.69
1777710615.1444182,39.0,3.91,0.69,2.69
1777710617.2019575,39.0,3.91,0.69,2.69
1777710619.2610102,39.0,3.91,0.69,2.69
1777710621.2917726,39.0,3.91,0.69,2.69
1777710623.357307,39.0,3.91,0.69,2.69
1777710625.3871405,39.0,3.91,0.69,2.69
1777710627.4472415,39.0,3.91,0.69,2.69
1777710629.5157495,39.0,3.91,0.69,2.69
1777710631.542156,39.0,3.91,0.69,2.69
1777710633.5620358,39.0,3.91,0.69,2.69
1777710635.5916142,39.0,3.91,0.69,2.69
1777710637.6514986,39.0,3.91,0.69,2.69
1777710639.7114255,39.0,3.91,0.69,2.69
1777710641.740337,39.0,3.91,0.69,2.69
1777710643.8272984,39.0,3.91,0.69,2.69
1777710645.863046,39.0,3.91,0.69,2.69
1777710647.8915627,39.0,3.91,0.69,2.69
1777710649.9428475,39.0,3.91,0.69,2.69
1777710651.9988358,39.0,3.91,0.69,2.69
1777710654.0548813,39.0,3.91,0.69,2.69
1777710656.0982823,39.0,3.91,0.69,2.69
1777710658.1556382,39.0,3.91,0.69,2.69
1777710660.1781785,39.0,3.91,0.69,2.69
1777710662.2023091,39.0,3.91,0.69,2.69
1777710664.2559159,39.0,3.91,0.69,2.69
1777710666.3016565,39.0,3.91,0.69,2.69
1777710668.3201892,39.0,3.91,0.69,2.69
1777710670.3793385,39.0,3.91,0.69,2.69
1777710672.4417741,39.0,3.91,0.69,2.69
1777710674.4784813,39.0,3.91,0.69,2.69
1777710676.5123932,39.0,3.91,0.69,2.69
1777710678.551042,39.0,3.91,0.69,2.69
1777710680.6104827,39.0,3.91,0.69,2.69
1777710682.6576936,39.0,3.91,0.69,2.69
1777710684.671377,39.0,3.91,0.69,2.69
1777710686.6957827,39.0,3.91,0.69,2.69
1777710688.7359877,39.0,3.91,0.69,2.69
1777710690.7576094,39.0,3.91,0.69,2.69
1777710692.8036344,39.0,3.91,0.69,2.69
1777710694.8569605,39.0,3.91,0.69,2.69
1777710696.901685,39.0,3.91,0.69,2.69
1777710698.93013,39.0,3.91,0.69,2.69
1777710700.9883976,39.0,3.91,0.69,2.69
1777710703.0430286,39.0,3.91,0.69,2.69
1777710705.0879273,39.0,3.91,0.69,2.69
1777710707.1276379,39.0,3.91,0.69,2.69
1777710709.1929297,39.0,3.91,0.69,2.69
1777710711.2221098,39.0,3.91,0.69,2.69
1777710713.2890053,39.0,3.91,0.69,2.69
1777710715.357441,39.0,3.91,0.69,2.69
1777710717.415094,39.0,3.91,0.69,2.69
1777710719.4653783,39.0,3.91,0.69,2.69
1777710721.5115807,39.0,3.91,0.69,2.69
1777710723.562322,39.0,3.91,0.69,2.69
1777710725.6284,39.0,3.91,0.69,2.69
1777710727.691999,39.0,3.91,0.69,2.69
1777710729.738908,39.0,3.91,0.69,2.69
1777710731.7595425,39.0,3.91,0.69,2.69
1777710733.8098195,39.0,3.91,0.69,2.69
1777710735.8446853,39.0,3.91,0.69,2.69
1777710737.8868408,39.0,3.91,0.69,2.69
1777710739.9526029,39.0,3.91,0.69,2.69
1777710741.9870913,39.0,3.91,0.69,2.69
1777710744.0170865,39.0,3.91,0.69,2.69
1777710746.0414402,39.0,3.91,0.69,2.69
1777710748.095366,39.0,3.91,0.69,2.69
1777710750.147225,39.0,3.91,0.69,2.69
1777710752.1836126,39.0,3.91,0.69,2.69
1777710754.214417,39.0,3.91,0.69,2.69
1777710756.276463,39.0,3.91,0.69,2.69
1777710758.3479705,39.0,3.91,0.69,2.69
1777710760.3700788,39.0,3.91,0.69,2.69
1777710762.402832,39.0,3.91,0.69,2.69
1777710764.436667,39.0,3.91,0.69,2.69
1777710766.4627597,39.0,3.91,0.69,2.69
1777710768.5113783,39.0,3.91,0.69,2.69
1777710770.580687,39.0,3.91,0.69,2.69
1777710772.637301,39.0,3.91,0.69,2.69
1777710774.6897557,39.0,3.91,0.69,2.69
1777710776.740175,39.0,3.91,0.69,2.69
1777710778.8258467,39.0,3.91,0.69,2.69
1777710780.8700714,39.0,3.91,0.69,2.69
1777710782.9445806,39.0,3.91,0.69,2.69
1777710784.9713988,39.0,3.91,0.69,2.69
1777710787.0202644,39.0,3.91,0.69,2.69
1777710789.069946,39.0,3.91,0.69,2.69
1777710791.1166902,39.0,3.91,0.69,2.69
1777710793.1532533,39.0,3.91,0.69,2.69
1777710795.1805766,39.0,3.91,0.69,2.69
1777710797.2271307,39.0,3.91,0.69,2.69
1777710799.2911267,39.0,3.91,0.69,2.69
1777710801.3384354,39.0,3.91,0.69,2.69
1777710803.4047651,39.0,3.91,0.69,2.69
1777710805.4269197,39.0,3.91,0.69,2.69
1777710807.4715607,39.0,3.91,0.69,2.69
1777710809.5272775,39.0,3.91,0.69,2.69
1777710811.5715787,39.0,3.91,0.69,2.69
1777710814.9587471,39.0,3.91,0.69,2.69
1777710817.0041382,39.0,3.91,0.69,2.69
1777710818.6826816,39.0,3.91,0.69,2.69
1777710820.4008484,39.0,3.91,0.69,2.69
1777710822.085304,39.0,3.91,0.69,2.69
1777710823.8081243,39.0,3.91,0.69,2.69
1777710825.4736683,39.0,3.91,0.69,2.69
1777710827.1364057,39.0,3.91,0.69,2.69
1777710828.7986104,39.0,3.91,0.69,2.69
1777710830.4650788,39.0,3.91,0.69,2.69
1777710832.1426177,39.0,3.91,0.69,2.69
1777710833.8125598,39.0,3.91,0.69,2.69
1777710835.479065,39.0,3.91,0.69,2.69
1777710837.1557214,39.0,3.91,0.69,2.69
1777710838.8199615,39.0,3.91,0.69,2.69
1777710840.4866831,39.0,3.91,0.69,2.69
1777710842.149725,39.0,3.91,0.69,2.69
1777710843.811377,39.0,3.91,0.69,2.69
1777710845.4816625,39.0,3.91,0.69,2.69
1777710847.1437225,39.0,3.91,0.69,2.69
1777710848.8108873,39.0,3.91,0.69,2.69
1777710850.47552,39.0,3.91,0.69,2.69
1777710852.138723,39.0,3.91,0.69,2.69
1777710853.8008432,39.0,3.91,0.69,2.69
1777710855.4675608,39.0,3.91,0.69,2.69
1777710857.138974,39.0,3.91,0.69,2.69
1777710858.8042545,39.0,3.91,0.69,2.69
1777710860.4677546,39.0,3.91,0.69,2.69
1777710862.1291192,39.0,3.91,0.69,2.69
1777710863.7965925,39.0,3.91,0.69,2.69
1777710865.458275,39.0,3.91,0.69,2.69
1777710867.1217704,39.0,3.91,0.69,2.69
1777710868.7890887,39.0,3.91,0.69,2.69
1777710870.452915,39.0,3.91,0.69,2.69
1777710872.1142952,39.0,3.91,0.69,2.69
1777710873.7811007,39.0,3.91,0.69,2.69
1777710875.444579,39.0,3.91,0.69,2.69
1777710877.1148467,39.0,3.91,0.69,2.69
1777710878.7778754,39.0,3.91,0.69,2.69
1777710880.4524777,39.0,3.91,0.69,2.69
1777710882.1146693,39.0,3.91,0.69,2.69
1777710883.7780921,39.0,3.91,0.69,2.69
1777710885.4608798,39.0,3.91,0.69,2.69
1777710887.1281812,39.0,3.91,0.69,2.69
1777710888.7891104,39.0,3.91,0.69,2.69
1777710890.4526243,39.0,3.91,0.69,2.69
1777710892.114117,39.0,3.91,0.69,2.69
1777710893.77663,39.0,3.91,0.69,2.69
1777710895.4413655,39.0,3.91,0.69,2.69
1777710897.1089666,39.0,3.91,0.69,2.69
1777710898.768874,39.0,3.91,0.69,2.69
1777710900.427073,39.0,3.91,0.69,2.69
1777710902.0882409,39.0,3.91,0.69,2.69
1777710903.7513216,39.0,3.91,0.69,2.69
1777710905.4125388,39.0,3.91,0.69,2.69
1777710907.0759935,39.0,3.91,0.69,2.69
1777710908.7404447,39.0,3.91,0.69,2.69
1777710910.4010541,39.0,3.91,0.69,2.69
1777710912.0750887,39.0,3.91,0.69,2.69
1777710913.7400763,39.0,3.91,0.69,2.69
1777710915.4012415,39.0,3.91,0.69,2.69
1777710917.0664566,39.0,3.91,0.69,2.69
1777710918.727359,39.0,3.91,0.69,2.69
1777710920.3922806,39.0,3.91,0.69,2.69
1777710922.0551376,39.0,3.91,0.69,2.69
1777710923.7948656,39.0,3.91,0.69,2.69
1777710925.5224738,39.0,3.91,0.69,2.69
1777710927.2545729,39.0,3.91,0.69,2.69
1777710928.9199848,39.0,3.91,0.69,2.69
1777710930.5882485,39.0,3.91,0.69,2.69
1777710932.2499049,39.0,3.91,0.69,2.69
1777710933.9116414,39.0,3.91,0.69,2.69
1777710935.5807295,39.0,3.91,0.69,2.69
1777710937.241178,39.0,3.91,0.69,2.69
1777710938.9047616,39.0,3.91,0.69,2.69
1777710940.5840929,39.0,3.91,0.69,2.69
1777710942.2425077,39.0,3.91,0.69,2.69
1777710943.9034762,39.0,3.91,0.69,2.69
1777710945.5696523,39.0,3.91,0.69,2.69
1777710947.2325315,39.0,3.91,0.69,2.69
1777710948.8948426,39.0,3.91,0.69,2.69
1777710950.558347,39.0,3.91,0.69,2.69
1777710952.2216558,39.0,3.91,0.69,2.69
1777710953.8848612,39.0,3.91,0.69,2.69
1777710955.5455863,39.0,3.91,0.69,2.69
1777710957.2204392,39.0,3.91,0.69,2.69
1777710958.8831751,39.0,3.91,0.69,2.69
1777710960.5455778,39.0,3.91,0.69,2.69
1777710962.2074652,39.0,3.91,0.69,2.69
1777710963.870155,39.0,3.91,0.69,2.69
1777710965.531012,39.0,3.91,0.69,2.69
1777710967.1908329,39.0,3.91,0.69,2.69
1777710968.8619802,39.0,3.91,0.69,2.69
1777710970.521704,39.0,3.91,0.69,2.69
1777710972.1844208,39.0,3.91,0.69,2.69
1777710973.8437335,39.0,3.91,0.69,2.69
1777710975.5048878,39.0,3.91,0.69,2.69
1777710977.1684582,39.0,3.91,0.69,2.69
1777710978.8301213,39.0,3.91,0.69,2.69
1777710980.4948626,39.0,3.91,0.69,2.69
1777710982.1553328,39.0,3.91,0.69,2.69
1777710983.8150911,39.0,3.91,0.69,2.69
1777710985.483836,39.0,3.91,0.69,2.69
1777710987.1451416,39.0,3.91,0.69,2.69
1777710988.8101048,39.0,3.91,0.69,2.69
1777710990.4807706,39.0,3.91,0.69,2.69
1777710992.1432645,39.0,3.91,0.69,2.69
1777710993.8048847,39.0,3.91,0.69,2.69
1777710995.4678414,39.0,3.91,0.69,2.69
1777710997.1334999,39.0,3.91,0.69,2.69
1777710998.796621,39.0,3.91,0.69,2.69
1777711000.4612968,39.0,3.91,0.69,2.69
1777711002.1211574,39.0,3.91,0.69,2.69
1777711003.7843134,39.0,3.91,0.69,2.69
1777711005.4665499,39.0,3.91,0.69,2.69
1777711007.1287224,39.0,3.91,0.69,2.69
1777711008.7935433,39.0,3.91,0.69,2.69
1777711010.4613407,39.0,3.91,0.69,2.69
1777711012.1275105,39.0,3.91,0.69,2.69
1777711013.7916534,39.0,3.91,0.69,2.69
1777711015.45415,39.0,3.91,0.69,2.69
1777711017.1216128,39.0,3.91,0.69,2.69
1777711018.7832677,39.0,3.91,0.69,2.69
1777711020.4478068,39.0,3.91,0.69,2.69
1777711022.108625,39.0,3.91,0.69,2.69
1777711023.771675,39.0,3.91,0.69,2.69
1777711025.434307,39.0,3.91,0.69,2.69
1777711027.103639,39.0,3.91,0.69,2.69
1777711028.7695427,39.0,3.91,0.69,2.69
1777711030.4354615,39.0,3.91,0.69,2.69
1777711032.097047,39.0,3.91,0.69,2.69
1777711033.7574801,39.0,3.91,0.69,2.69
1777711035.4230983,39.0,3.91,0.69,2.69
1777711037.0900893,39.0,3.91,0.69,2.69
1777711038.7508485,39.0,3.91,0.69,2.69
1777711040.4143665,39.0,3.91,0.69,2.69
1777711042.074194,39.0,3.91,0.69,2.69
1777711043.7409487,39.0,3.91,0.69,2.69
1777711045.4076211,39.0,3.91,0.69,2.69
1777711047.0706422,39.0,3.91,0.69,2.69
1777711048.7383175,39.0,3.91,0.69,2.69
1777711050.3991947,39.0,3.91,0.69,2.69
1777711052.0621517,39.0,3.91,0.69,2.69
1777711053.7229583,39.0,3.91,0.69,2.69
1777711055.3912468,39.0,3.91,0.69,2.69
1777711057.0532846,39.0,3.91,0.69,2.69
1777711058.7141929,39.0,3.91,0.69,2.69
1777711060.38048,39.0,3.91,0.69,2.69
1777711062.0431936,39.0,3.91,0.69,2.69
1777711063.7030525,39.0,3.91,0.69,2.69
1777711065.3702738,39.0,3.91,0.69,2.69
1777711067.0311913,39.0,3.91,0.69,2.69
1777711068.6922977,39.0,3.91,0.69,2.69
1777711070.3576765,39.0,3.91,0.69,2.69
1777711072.0271735,39.0,3.91,0.69,2.69
1777711073.6861079,39.0,3.91,0.69,2.69
1777711075.3505652,39.0,3.91,0.69,2.69
1777711077.0134442,39.0,3.91,0.69,2.69
1777711078.6734066,39.0,3.91,0.69,2.69
1777711080.3346148,39.0,3.91,0.69,2.69
1777711081.9973931,39.0,3.91,0.69,2.69
1777711083.6628542,39.0,3.91,0.69,2.69
1777711085.3313923,39.0,3.91,0.69,2.69
1777711086.9944332,39.0,3.91,0.69,2.69
1777711088.6578827,39.0,3.91,0.69,2.69
1777711090.3212628,39.0,3.91,0.69,2.69
1777711091.983665,39.0,3.91,0.69,2.69
1777711093.6548927,39.0,3.91,0.69,2.69
1777711095.3228765,39.0,3.91,0.69,2.69
1777711096.9856443,39.0,3.91,0.69,2.69
1777711098.6511214,39.0,3.91,0.69,2.69
1777711100.3180642,39.0,3.91,0.69,2.69
1777711101.9761467,39.0,3.91,0.69,2.69
1777711103.645014,39.0,3.91,0.69,2.69
1777711105.318429,39.0,3.91,0.69,2.69
1777711106.982323,39.0,3.91,0.69,2.69
1777711108.6427996,39.0,3.91,0.69,2.69
1777711110.3071713,39.0,3.91,0.69,2.69
1777711111.970401,39.0,3.91,0.69,2.69
1777711113.678509,39.0,3.91,0.69,2.69
1777711115.3432841,39.0,3.91,0.69,2.69
1777711117.091334,39.0,3.91,0.69,2.69
1777711118.7633889,39.0,3.91,0.69,2.69
1777711120.4270358,39.0,3.91,0.69,2.69
1777711122.0878665,39.0,3.91,0.69,2.69
1777711123.7542872,39.0,3.91,0.69,2.69
1777711125.4195333,39.0,3.91,0.69,2.69
1777711127.1974494,39.0,3.91,0.69,2.69
1777711129.223507,39.0,3.91,0.69,2.69
1777711130.9566195,39.0,3.91,0.69,2.69
1777711132.7050092,39.0,3.91,0.69,2.69
1777711134.4883425,39.0,3.91,0.69,2.69
1777711136.2538652,39.0,3.91,0.69,2.69
1777711138.0377612,39.0,3.91,0.69,2.69
1777711139.801061,39.0,3.91,0.69,2.69
1777711141.5798078,39.0,3.91,0.69,2.69
1777711143.3810961,39.0,3.91,0.69,2.69
1777711145.1388717,39.0,3.91,0.69,2.69
1777711146.9188828,39.0,3.91,0.69,2.69
1777711148.6828263,39.0,3.91,0.69,2.69
1777711150.4334064,39.0,3.91,0.69,2.69
1777711152.1831799,39.0,3.91,0.69,2.69
1777711153.932793,39.0,3.91,0.69,2.69
1777711155.6775234,39.0,3.91,0.69,2.69
1777711157.4359653,39.0,3.91,0.69,2.69
1777711159.1992939,39.0,3.91,0.69,2.69
1777711160.968687,39.0,3.91,0.69,2.69
1777711162.6321976,39.0,3.91,0.69,2.69
1777711164.2949226,39.0,3.91,0.69,2.69
1777711165.9572647,39.0,3.91,0.69,2.69
1777711167.6250863,39.0,3.91,0.69,2.69
1777711169.2910912,39.0,3.91,0.69,2.69
1777711170.9556391,39.0,3.91,0.69,2.69
1777711172.6180308,39.0,3.91,0.69,2.69
1777711174.2821543,39.0,3.91,0.69,2.69
1777711175.9465039,39.0,3.91,0.69,2.69
1777711177.608515,39.0,3.91,0.69,2.69
1777711179.2730997,39.0,3.91,0.69,2.69
1777711180.937669,39.0,3.91,0.69,2.69
1777711182.6010392,39.0,3.91,0.69,2.69
1777711184.29536,39.0,3.91,0.69,2.69
1777711186.018794,39.0,3.91,0.69,2.69
1777711187.6887994,39.0,3.91,0.69,2.69
1777711189.3533356,39.0,3.91,0.69,2.69
1777711191.0188057,39.0,3.91,0.69,2.69
1777711192.6786191,39.0,3.91,0.69,2.69
1777711194.3487635,39.0,3.91,0.69,2.69
1777711196.014004,39.0,3.91,0.69,2.69
1777711197.6841378,39.0,3.91,0.69,2.69
1777711199.3456109,39.0,3.91,0.69,2.69
1777711201.0120769,39.0,3.91,0.69,2.69
1777711202.6729586,39.0,3.91,0.69,2.69
1777711204.334834,39.0,3.91,0.69,2.69
1777711206.0049958,39.0,3.91,0.69,2.69
1777711207.6655805,39.0,3.91,0.69,2.69
1777711209.3272717,39.0,3.91,0.69,2.69
1777711210.9972534,39.0,3.91,0.69,2.69
1777711212.6574636,39.0,3.91,0.69,2.69
1777711214.32581,39.0,3.91,0.69,2.69
1777711215.9882894,39.0,3.91,0.69,2.69
1777711217.651269,39.0,3.91,0.69,2.69
1777711219.318837,39.0,3.91,0.69,2.69
1777711220.9861124,39.0,3.91,0.69,2.69
1777711222.6507483,39.0,3.91,0.69,2.69
1777711224.312122,39.0,3.91,0.69,2.69
1777711225.976384,39.0,3.91,0.69,2.69
1777711227.6369193,39.0,3.91,0.69,2.69
1777711229.3195126,39.0,3.91,0.69,2.69
1777711230.9847977,39.0,3.91,0.69,2.69
1777711232.6461968,39.0,3.91,0.69,2.69
1777711234.3209674,39.0,3.91,0.69,2.69
1777711235.9954762,39.0,3.91,0.69,2.69
1777711237.658113,39.0,3.91,0.69,2.69
1777711239.3221552,39.0,3.91,0.69,2.69
1777711240.9877465,39.0,3.91,0.69,2.69
1777711242.6473894,39.0,3.91,0.69,2.69
1777711244.310114,39.0,3.91,0.69,2.69
1777711245.977223,39.0,3.91,0.69,2.69
1777711247.6411197,39.0,3.91,0.69,2.69
1777711249.3026202,39.0,3.91,0.69,2.69
1777711250.972474,39.0,3.91,0.69,2.69
1777711252.636213,39.0,3.91,0.69,2.69
1777711254.2969072,39.0,3.91,0.69,2.69
1777711255.959061,39.0,3.91,0.69,2.69
1777711257.6217268,39.0,3.91,0.69,2.69
1777711259.287007,39.0,3.91,0.69,2.69
1777711260.9529316,39.0,3.91,0.69,2.69
1777711262.6182883,39.0,3.91,0.69,2.69
1777711264.27969,39.0,3.91,0.69,2.69
1777711265.9486594,39.0,3.91,0.69,2.69
1777711267.6097736,39.0,3.91,0.69,2.69
1777711269.2765796,39.0,3.91,0.69,2.69
1777711270.942881,39.0,3.91,0.69,2.69
1777711272.6041386,39.0,3.91,0.69,2.69
1777711274.2771704,39.0,3.91,0.69,2.69
1777711275.9413505,39.0,3.91,0.69,2.69
1777711277.6019113,39.0,3.91,0.69,2.69
1777711279.2645137,39.0,3.91,0.69,2.69
1777711280.9276204,39.0,3.91,0.69,2.69
1777711282.5887363,39.0,3.91,0.69,2.69
1777711284.255004,39.0,3.91,0.69,2.69
1777711285.9156988,39.0,3.91,0.69,2.69
1777711287.5786238,39.0,3.91,0.69,2.69
1777711289.2400553,39.0,3.91,0.69,2.69
1777711290.9034214,39.0,3.91,0.69,2.69
1777711292.5643735,39.0,3.91,0.69,2.69
1777711294.2339325,39.0,3.91,0.69,2.69
1777711295.9073048,39.0,3.91,0.69,2.69
1777711297.5757332,39.0,3.91,0.69,2.69
1777711299.2374654,39.0,3.91,0.69,2.69
1777711300.897753,39.0,3.91,0.69,2.69
1777711302.5608196,39.0,3.91,0.69,2.69
1777711304.2222404,39.0,3.91,0.69,2.69
1777711305.88356,39.0,3.91,0.69,2.69
1777711307.5448647,39.0,3.91,0.69,2.69
1777711309.2124138,39.0,3.91,0.69,2.69
1777711310.8706968,39.0,3.91,0.69,2.69
1777711312.5316396,39.0,3.91,0.69,2.69
1777711314.2064931,39.0,3.91,0.69,2.69
1777711315.8713808,39.0,3.91,0.69,2.69
1777711317.5307686,39.0,3.91,0.69,2.69
1777711319.1950614,39.0,3.91,0.69,2.69
1777711320.8592703,39.0,3.91,0.69,2.69
1777711322.5200553,39.0,3.91,0.69,2.69
1777711324.1847537,39.0,3.91,0.69,2.69
1777711325.8460982,39.0,3.91,0.69,2.69
1777711327.5104525,39.0,3.91,0.69,2.69
1777711329.1720734,39.0,3.91,0.69,2.69
1777711330.8371947,39.0,3.91,0.69,2.69
1777711332.50811,39.0,3.91,0.69,2.69
1777711334.1689079,39.0,3.91,0.69,2.69
1777711335.8303726,39.0,3.91,0.69,2.69
1777711337.4918249,39.0,3.91,0.69,2.69
1777711339.1524556,39.0,3.91,0.69,2.69
1777711340.8152764,39.0,3.91,0.69,2.69
1777711342.479153,39.0,3.91,0.69,2.69
1777711344.1419163,39.0,3.91,0.69,2.69
1777711345.8064086,39.0,3.91,0.69,2.69
1777711347.4702413,39.0,3.91,0.69,2.69
1777711349.1337254,39.0,3.91,0.69,2.69
1777711350.8061876,39.0,3.91,0.69,2.69
1777711352.4654117,39.0,3.91,0.69,2.69
1777711354.1335886,39.0,3.91,0.69,2.69
1777711355.796484,39.0,3.91,0.69,2.69
1777711357.4573908,39.0,3.91,0.69,2.69
1777711359.1251607,39.0,3.91,0.69,2.69
1777711360.7901678,39.0,3.91,0.69,2.69
1777711362.4508295,39.0,3.91,0.69,2.69
1777711364.1111157,39.0,3.91,0.69,2.69
1777711365.7743592,39.0,3.91,0.69,2.69
1777711367.4349113,39.0,3.91,0.69,2.69
1777711369.1037483,39.0,3.91,0.69,2.69
1777711370.7705555,39.0,3.91,0.69,2.69
1777711372.4313943,39.0,3.91,0.69,2.69
1777711374.0950267,39.0,3.91,0.69,2.69
1777711375.755353,39.0,3.91,0.69,2.69
1777711377.427125,39.0,3.91,0.69,2.69
1777711379.0880008,39.0,3.91,0.69,2.69
1777711380.7462676,39.0,3.91,0.69,2.69
1777711382.4111385,39.0,3.91,0.69,2.69
1777711384.070348,39.0,3.91,0.69,2.69
1777711385.7315772,39.0,3.91,0.69,2.69
1777711387.3910434,39.0,3.91,0.69,2.69
1777711389.0533,39.0,3.91,0.69,2.69
1777711390.7144933,39.0,3.91,0.69,2.69
1777711392.3736548,39.0,3.91,0.69,2.69
1777711394.0383399,39.0,3.91,0.69,2.69
1777711395.7073956,39.0,3.91,0.69,2.69
1777711397.367691,39.0,3.91,0.69,2.69
1777711399.0297415,39.0,3.91,0.69,2.69
1777711400.695197,39.0,3.91,0.69,2.69
1777711402.3569868,39.0,3.91,0.69,2.69
1777711404.019337,39.0,3.91,0.69,2.69
1777711405.6875033,39.0,3.91,0.69,2.69
1777711407.3496418,39.0,3.91,0.69,2.69
1777711409.0076413,39.0,3.91,0.69,2.69
1777711410.6783774,39.0,3.91,0.69,2.69
1777711412.3437767,39.0,3.91,0.69,2.69
1777711414.0062191,39.0,3.91,0.69,2.69
1777711415.672436,39.0,3.91,0.69,2.69
1777711417.3341374,39.0,3.91,0.69,2.69
1777711419.0013132,39.0,3.91,0.69,2.69
1777711420.6758788,39.0,3.91,0.69,2.69
1777711422.3425364,39.0,3.91,0.69,2.69
1777711424.0010765,39.0,3.91,0.69,2.69
1777711425.744624,39.0,3.91,0.69,2.69
1777711427.4877188,39.0,3.91,0.69,2.69
1777711429.1529481,39.0,3.91,0.69,2.69
1777711430.816326,39.0,3.91,0.69,2.69
1777711432.478647,39.0,3.91,0.69,2.69
1777711434.1424608,39.0,3.91,0.69,2.69
1777711435.805079,39.0,3.91,0.69,2.69
1777711437.4869885,39.0,3.91,0.69,2.69
1777711439.1691408,39.0,3.91,0.69,2.69
1777711440.8316476,39.0,3.91,0.69,2.69
1777711442.4964166,39.0,3.91,0.69,2.69
1777711444.1597853,39.0,3.91,0.69,2.69
1777711445.8200202,39.0,3.91,0.69,2.69
1777711447.4840581,39.0,3.91,0.69,2.69
1777711449.1547556,39.0,3.91,0.69,2.69
1777711450.817789,39.0,3.91,0.69,2.69
1777711452.4782808,39.0,3.91,0.69,2.69
1777711454.1414998,39.0,3.91,0.69,2.69
1777711455.8051865,39.0,3.91,0.69,2.69
1777711457.4671605,39.0,3.91,0.69,2.69
1777711459.1306753,39.0,3.91,0.69,2.69
1777711460.7971754,39.0,3.91,0.69,2.69
1777711462.460539,39.0,3.91,0.69,2.69
1777711464.1237295,39.0,3.91,0.69,2.69
1777711465.788749,39.0,3.91,0.69,2.69
1777711467.4523375,39.0,3.91,0.69,2.69
1777711469.1133106,39.0,3.91,0.69,2.69
1777711470.7747133,39.0,3.91,0.69,2.69
1777711472.4382143,39.0,3.91,0.69,2.69
1777711474.097072,39.0,3.91,0.69,2.69
1777711475.760747,39.0,3.91,0.69,2.69
1777711477.4262028,39.0,3.91,0.69,2.69
1777711479.0891252,39.0,3.91,0.69,2.69
1777711480.748006,39.0,3.91,0.69,2.69
1777711482.4121292,39.0,3.91,0.69,2.69
1777711484.0720973,39.0,3.91,0.69,2.69
1777711485.7336464,39.0,3.91,0.69,2.69
1777711487.5028243,39.0,3.91,0.69,2.69
1777711489.1952696,39.0,3.91,0.69,2.69
1777711490.8580294,39.0,3.91,0.69,2.69
1777711492.5212667,39.0,3.91,0.69,2.69
1777711494.1851392,39.0,3.91,0.69,2.69
1777711495.857905,39.0,3.91,0.69,2.69
1777711497.521481,39.0,3.91,0.69,2.69
1777711499.188908,39.0,3.91,0.69,2.69
1777711500.8559346,39.0,3.91,0.69,2.69
1777711502.5199957,39.0,3.91,0.69,2.69
1777711504.1848855,39.0,3.91,0.69,2.69
1777711505.8527057,39.0,3.91,0.69,2.69
1777711507.5136359,39.0,3.91,0.69,2.69
1777711509.1754384,39.0,3.91,0.69,2.69
1777711510.8437643,39.0,3.91,0.69,2.69
1777711512.512688,39.0,3.91,0.69,2.69
1777711514.1783843,39.0,3.91,0.69,2.69
1777711515.9028604,39.0,3.91,0.69,2.69
1777711517.5667272,39.0,3.91,0.69,2.69
1777711519.2274318,39.0,3.91,0.69,2.69
1777711520.8889277,39.0,3.91,0.69,2.69
1777711522.5494208,39.0,3.91,0.69,2.69
1777711524.210718,39.0,3.91,0.69,2.69
1777711525.873267,39.0,3.91,0.69,2.69
1777711527.539651,39.0,3.91,0.69,2.69
1777711529.2107272,39.0,3.91,0.69,2.69
1777711530.876723,39.0,3.91,0.69,2.69
1777711532.5403807,39.0,3.91,0.69,2.69
1777711534.2042477,39.0,3.91,0.69,2.69
1777711535.86812,39.0,3.91,0.69,2.69
1777711537.528398,39.0,3.91,0.69,2.69
1777711539.1954365,39.0,3.91,0.69,2.69
1777711540.8563142,39.0,3.91,0.69,2.69
1777711542.5225828,39.0,3.91,0.69,2.69
1777711544.1859267,39.0,3.91,0.69,2.69
1777711545.8473005,39.0,3.91,0.69,2.69
1777711547.5105531,39.0,3.91,0.69,2.69
1777711549.1733594,39.0,3.91,0.69,2.69
1777711550.8376667,39.0,3.91,0.69,2.69
1777711552.501868,39.0,3.91,0.69,2.69
1777711554.1670144,39.0,3.91,0.69,2.69
1777711555.8369224,39.0,3.91,0.69,2.69
1777711557.4947233,39.0,3.91,0.69,2.69
1777711559.1558867,39.0,3.91,0.69,2.69
1777711560.8212829,39.0,3.91,0.69,2.69
1777711562.4841185,39.0,3.91,0.69,2.69
1777711564.1444254,39.0,3.91,0.69,2.69
1777711565.808395,39.0,3.91,0.69,2.69
1777711567.4752433,39.0,3.91,0.69,2.69
1777711569.1373403,39.0,3.91,0.69,2.69
1777711570.8014812,39.0,3.91,0.69,2.69
1777711572.4655337,39.0,3.91,0.69,2.69
1777711574.128448,39.0,3.91,0.69,2.69
1777711575.7934844,39.0,3.91,0.69,2.69
1777711577.4601567,39.0,3.91,0.69,2.69
1777711579.1245983,39.0,3.91,0.69,2.69
1777711580.7894573,39.0,3.91,0.69,2.69
1777711582.4518738,39.0,3.91,0.69,2.69
1777711584.1261234,39.0,3.91,0.69,2.69
1777711585.7978375,39.0,3.91,0.69,2.69
1777711587.4566565,39.0,3.91,0.69,2.69
1777711589.1165154,39.0,3.91,0.69,2.69
1777711590.7879531,39.0,3.91,0.69,2.69
1777711592.4496768,39.0,3.91,0.69,2.69
1777711594.113629,39.0,3.91,0.69,2.69
1777711595.7823136,39.0,3.91,0.69,2.69
1777711597.4474618,39.0,3.91,0.69,2.69
1777711599.10959,39.0,3.91,0.69,2.69
1777711600.770703,39.0,3.91,0.69,2.69
1777711602.4350803,39.0,3.91,0.69,2.69
1777711604.0963457,39.0,3.91,0.69,2.69
1777711605.7565992,39.0,3.91,0.69,2.69
1777711607.4204147,39.0,3.91,0.69,2.69
1777711609.0782595,39.0,3.91,0.69,2.69
1777711610.739378,39.0,3.91,0.69,2.69
1777711612.4141848,39.0,3.91,0.69,2.69
1777711614.1313405,39.0,3.91,0.69,2.69
1777711615.7983477,39.0,3.91,0.69,2.69
1777711617.4601836,39.0,3.91,0.69,2.69
1777711619.121418,39.0,3.91,0.69,2.69
1777711620.7875175,39.0,3.91,0.69,2.69
1777711622.4518049,39.0,3.91,0.69,2.69
1777711624.1184075,39.0,3.91,0.69,2.69
1777711625.7825472,39.0,3.91,0.69,2.69
1777711627.4441063,39.0,3.91,0.69,2.69
1777711629.1134005,39.0,3.91,0.69,2.69
1777711630.7742786,39.0,3.91,0.69,2.69
1777711632.4450228,39.0,3.91,0.69,2.69
1777711634.1025722,39.0,3.91,0.69,2.69
1777711635.765034,39.0,3.91,0.69,2.69
1777711637.424013,39.0,3.91,0.69,2.69
1777711639.0867956,39.0,3.91,0.69,2.69
1777711640.7501912,39.0,3.91,0.69,2.69
1777711642.408942,39.0,3.91,0.69,2.69
1777711644.0719512,39.0,3.91,0.69,2.69
1777711645.7330332,39.0,3.91,0.69,2.69
1777711647.4001179,39.0,3.91,0.69,2.69
1777711649.0612466,39.0,3.91,0.69,2.69
1777711650.7218294,39.0,3.91,0.69,2.69
1777711652.3851693,39.0,3.91,0.69,2.69
1777711654.0442438,39.0,3.91,0.69,2.69
1777711655.7080293,39.0,3.91,0.69,2.69
1777711657.3683503,39.0,3.91,0.69,2.69
1777711659.0302553,39.0,3.91,0.69,2.69
1777711660.6902447,39.0,3.91,0.69,2.69
1777711662.361964,39.0,3.91,0.69,2.69
1777711664.0267498,39.0,3.91,0.69,2.69
1777711665.6853907,39.0,3.91,0.69,2.69
1777711667.3477266,39.0,3.91,0.69,2.69
1777711669.0128946,39.0,3.91,0.69,2.69
1777711670.6757567,39.0,3.91,0.69,2.69
1777711672.3386724,39.0,3.91,0.69,2.69
1777711673.9979868,39.0,3.91,0.69,2.69
1777711675.6647146,39.0,3.91,0.69,2.69
1777711677.3255057,39.0,3.91,0.69,2.69
1777711678.9869773,39.0,3.91,0.69,2.69
1777711680.669446,39.0,3.91,0.69,2.69
1777711682.3373046,39.0,3.91,0.69,2.69
1777711684.0000222,39.0,3.91,0.69,2.69
1777711685.6603525,39.0,3.91,0.69,2.69
1777711687.3210678,39.0,3.91,0.69,2.69
1777711688.9972286,39.0,3.91,0.69,2.69
1777711690.6553261,39.0,3.91,0.69,2.69
1777711692.3210018,39.0,3.91,0.69,2.69
1777711693.98262,39.0,3.91,0.69,2.69
1777711695.6455321,39.0,3.91,0.69,2.69
1777711697.310132,39.0,3.91,0.69,2.69
1777711698.9749568,39.0,3.91,0.69,2.69
1777711700.634542,39.0,3.91,0.69,2.69
1777711702.2934613,39.0,3.91,0.69,2.69
1777711703.9682977,39.0,3.91,0.69,2.69
1777711705.6295671,39.0,3.91,0.69,2.69
1777711707.2903116,39.0,3.91,0.69,2.69
1777711708.9516182,39.0,3.91,0.69,2.69
1777711710.612245,39.0,3.91,0.69,2.69
1777711712.274529,39.0,3.91,0.69,2.69
1777711713.939444,39.0,3.91,0.69,2.69
1777711715.6065967,39.0,3.91,0.69,2.69
1777711717.2692451,39.0,3.91,0.69,2.69
1777711718.9916341,39.0,3.91,0.69,2.69
1777711720.6558056,39.0,3.91,0.69,2.69
1777711722.3210084,39.0,3.91,0.69,2.69
1777711723.98567,39.0,3.91,0.69,2.69
1777711725.6586902,39.0,3.91,0.69,2.69
1777711727.3322427,39.0,3.91,0.69,2.69
1777711728.9962227,39.0,3.91,0.69,2.69
1777711730.6678638,39.0,3.91,0.69,2.69
1777711732.3320777,39.0,3.91,0.69,2.69
1777711733.9994016,39.0,3.91,0.69,2.69
1777711735.6600454,39.0,3.91,0.69,2.69
1777711737.323332,39.0,3.91,0.69,2.69
1777711738.983717,39.0,3.91,0.69,2.69
1777711740.6464033,39.0,3.91,0.69,2.69
1777711742.3098695,39.0,3.91,0.69,2.69
1777711743.9761422,39.0,3.91,0.69,2.69
1777711745.6443295,39.0,3.91,0.69,2.69
1777711747.3132339,39.0,3.91,0.69,2.69
1777711748.9782338,39.0,3.91,0.69,2.69
1777711750.6389983,39.0,3.91,0.69,2.69
1777711752.300222,39.0,3.91,0.69,2.69
1777711753.969611,39.0,3.91,0.69,2.69
1777711755.6313467,39.0,3.91,0.69,2.69
1777711757.2911248,39.0,3.91,0.69,2.69
1777711758.953624,39.0,3.91,0.69,2.69
1777711760.6192412,39.0,3.91,0.69,2.69
1777711762.2869277,39.0,3.91,0.69,2.69
1777711763.9559333,39.0,3.91,0.69,2.69
1777711765.6236823,39.0,3.91,0.69,2.69
1777711767.286142,39.0,3.91,0.69,2.69
1777711768.9467435,39.0,3.91,0.69,2.69
1777711770.608153,39.0,3.91,0.69,2.69
1777711772.269944,39.0,3.91,0.69,2.69
1777711773.9318004,39.0,3.91,0.69,2.69
1777711775.6006103,39.0,3.91,0.69,2.69
1777711777.2669508,39.0,3.91,0.69,2.69
1777711778.9354737,39.0,3.91,0.69,2.69
1777711780.5977466,39.0,3.91,0.69,2.69
1777711782.2696648,39.0,3.91,0.69,2.69
1777711783.9364896,39.0,3.91,0.69,2.69
1777711785.5872054,39.0,3.91,0.69,2.69
1777711787.242338,39.0,3.91,0.69,2.69
1777711788.9193661,39.0,3.91,0.69,2.69
1777711790.5774424,39.0,3.91,0.69,2.69
1777711792.236021,39.0,3.91,0.69,2.69
1777711793.896673,39.0,3.91,0.69,2.69
1777711795.560397,39.0,3.91,0.69,2.69
1777711797.2159503,39.0,3.91,0.69,2.69
1777711798.87441,39.0,3.91,0.69,2.69
1777711800.5423944,39.0,3.91,0.69,2.69
1777711802.1922216,39.0,3.91,0.69,2.69
1777711803.8529222,39.0,3.91,0.69,2.69
1777711805.5156043,39.0,3.91,0.69,2.69
1777711807.1735535,39.0,3.91,0.69,2.69
1777711808.834151,39.0,3.91,0.69,2.69
1777711810.5034862,39.0,3.91,0.69,2.69
1777711812.166536,39.0,3.91,0.69,2.69
1777711813.8312657,39.0,3.91,0.69,2.69
1777711815.5120275,39.0,3.91,0.69,2.69
1777711817.167317,39.0,3.91,0.69,2.69
1777711818.8447945,39.0,3.91,0.69,2.69
1777711820.5207746,39.0,3.91,0.69,2.69
1777711822.1798747,39.0,3.91,0.69,2.69
1777711823.8805144,39.0,3.91,0.69,2.69
1777711825.5431304,39.0,3.91,0.69,2.69
1777711827.214549,39.0,3.91,0.69,2.69
1777711828.8714094,39.0,3.91,0.69,2.69
1777711830.5354228,39.0,3.91,0.69,2.69
1777711832.1860945,39.0,3.91,0.69,2.69
1777711834.6706834,39.0,3.91,0.69,2.69
1777711836.3165233,39.0,3.91,0.69,2.69
1777711837.9917796,39.0,3.91,0.69,2.69
1777711839.6677158,39.0,3.91,0.69,2.69
1777711841.3296201,39.0,3.91,0.69,2.69
1777711842.9979506,39.0,3.91,0.69,2.69
1777711844.666244,39.0,3.91,0.69,2.69
1777711846.3397732,39.0,3.91,0.69,2.69
1777711848.0104017,39.0,3.91,0.69,2.69
1777711849.673682,39.0,3.91,0.69,2.69
1777711851.3342648,39.0,3.91,0.69,2.69
1777711852.9938285,39.0,3.91,0.69,2.69
1777711854.6639411,39.0,3.91,0.69,2.69
1777711856.3241928,39.0,3.91,0.69,2.69
1777711857.9981456,39.0,3.91,0.69,2.69
1777711859.6632195,39.0,3.91,0.69,2.69
1777711861.3336067,39.0,3.91,0.69,2.69
1777711862.9987726,39.0,3.91,0.69,2.69
1777711864.714633,39.0,3.91,0.69,2.69
1777711866.3793597,39.0,3.91,0.69,2.69
1777711868.052896,39.0,3.91,0.69,2.69
1777711869.7194793,39.0,3.91,0.69,2.69
1777711871.3849118,39.0,3.91,0.69,2.69
1777711873.0489056,39.0,3.91,0.69,2.69
1777711874.7205095,39.0,3.91,0.69,2.69
1777711876.3897612,39.0,3.91,0.69,2.69
1777711878.0668309,39.0,3.91,0.69,2.69
1777711879.7379231,39.0,3.91,0.69,2.69
1777711881.4075248,39.0,3.91,0.69,2.69
1777711883.0896277,39.0,3.91,0.69,2.69
1777711884.7599213,39.0,3.91,0.69,2.69
1777711886.4286854,39.0,3.91,0.69,2.69
1777711888.1129448,39.0,3.91,0.69,2.69
1777711889.7891753,39.0,3.91,0.69,2.69
1777711891.4798355,39.0,3.91,0.69,2.69
1777711893.1434126,39.0,3.91,0.69,2.69
1777711894.814602,39.0,3.91,0.69,2.69
1777711896.8035798,39.0,3.91,0.69,2.69
1777711898.166541,39.0,3.91,0.69,2.69
1777711899.8113751,39.0,3.91,0.69,2.69
1777711901.4867063,39.0,3.91,0.69,2.69
1777711903.156315,39.0,3.91,0.69,2.69
1777711904.832818,39.0,3.91,0.69,2.69
1777711906.504971,39.0,3.91,0.69,2.69
1777711908.1800098,39.0,3.91,0.69,2.69
1777711909.8384461,39.0,3.91,0.69,2.69
1777711911.508577,39.0,3.91,0.69,2.69
1777711913.1751814,39.0,3.91,0.69,2.69
1777711914.8634143,39.0,3.91,0.69,2.69
1777711916.548886,39.0,3.91,0.69,2.69
1777711918.2192528,39.0,3.91,0.69,2.69
1777711919.9222429,39.0,3.91,0.69,2.69
1777711921.6061218,39.0,3.91,0.69,2.69
1777711923.2667422,39.0,3.91,0.69,2.69
1777711924.9545596,39.0,3.91,0.69,2.69
1777711926.6260073,39.0,3.91,0.69,2.69
1777711928.295659,39.0,3.91,0.69,2.69
1777711929.9649937,39.0,3.91,0.69,2.69
1777711931.6395066,39.0,3.91,0.69,2.69
1777711933.3365083,39.0,3.91,0.69,2.69
1777711935.0078704,39.0,3.91,0.69,2.69
1777711936.687376,39.0,3.91,0.69,2.69
1777711938.3663101,39.0,3.91,0.69,2.69
1777711940.0313873,39.0,3.91,0.69,2.69
1777711941.7119372,39.0,3.91,0.69,2.69
1777711943.383776,39.0,3.91,0.69,2.69
1777711945.055658,39.0,3.91,0.69,2.69
1777711946.7288387,39.0,3.91,0.69,2.69
1777711948.3969386,39.0,3.91,0.69,2.69
1777711950.060794,39.0,3.91,0.69,2.69
1777711951.7424457,39.0,3.91,0.69,2.69
1777711953.4195795,39.0,3.91,0.69,2.69
1777711955.0795555,39.0,3.91,0.69,2.69
1777711956.7703037,39.0,3.91,0.69,2.69
1777711958.4536223,39.0,3.91,0.69,2.69
1777712200.533321,39.0,3.91,0.69,2.69
1777712202.2953966,39.0,3.91,0.69,2.69
1777712203.9755156,39.0,3.91,0.69,2.69
1777712205.64023,39.0,3.91,0.69,2.69
1777712207.3207233,39.0,3.91,0.69,2.69
1777712208.994807,39.0,3.91,0.69,2.69
1777712210.6580522,39.0,3.91,0.69,2.69
1777712212.3213549,39.0,3.91,0.69,2.69
1777712213.9840486,39.0,3.91,0.69,2.69
1777712215.645762,39.0,3.91,0.69,2.69
1777712217.3101084,39.0,3.91,0.69,2.69
1777712218.9759035,39.0,3.91,0.69,2.69
1777712220.6442735,39.0,3.91,0.69,2.69
1777712222.307925,39.0,3.91,0.69,2.69
1777712223.9750102,39.0,3.91,0.69,2.69
1777712225.6396754,39.0,3.91,0.69,2.69
1777712227.307803,39.0,3.91,0.69,2.69
1777712228.971487,39.0,3.91,0.69,2.69
1777712230.6389174,39.0,3.91,0.69,2.69
1777712232.3070328,39.0,3.91,0.69,2.69
1777712233.9672043,39.0,3.91,0.69,2.69
1777712235.6512449,39.0,3.91,0.69,2.69
1777712237.319363,39.0,3.91,0.69,2.69
1777712238.9821446,39.0,3.91,0.69,2.69
1777712240.6468914,39.0,3.91,0.69,2.69
1777712242.3122747,39.0,3.91,0.69,2.69
1777712243.9741118,39.0,3.91,0.69,2.69
1777712245.6374116,39.0,3.91,0.69,2.69
1777712247.3056118,39.0,3.91,0.69,2.69
1777712248.9693985,39.0,3.91,0.69,2.69
1777712250.6363642,39.0,3.91,0.69,2.69
1777712252.309069,39.0,3.91,0.69,2.69
1777712253.9681306,39.0,3.91,0.69,2.69
1777712255.6305807,39.0,3.91,0.69,2.69
1777712257.2958992,39.0,3.91,0.69,2.69
1777712258.9604206,39.0,3.91,0.69,2.69
1777712260.6252537,39.0,3.91,0.69,2.69
1777712262.2910154,39.0,3.91,0.69,2.69
1777712263.9558208,39.0,3.91,0.69,2.69
1777712265.615735,39.0,3.91,0.69,2.69
1777712267.2780683,39.0,3.91,0.69,2.69
1777712268.9714549,39.0,3.91,0.69,2.69
1777712270.6379738,39.0,3.91,0.69,2.69
1777712272.2981641,39.0,3.91,0.69,2.69
1777712273.9658089,39.0,3.91,0.69,2.69
1777712275.627702,39.0,3.91,0.69,2.69
1777712277.2907636,39.0,3.91,0.69,2.69
1777712278.9544377,39.0,3.91,0.69,2.69
1777712280.6204033,39.0,3.91,0.69,2.69
1777712282.2828496,39.0,3.91,0.69,2.69
1777712283.9464593,39.0,3.91,0.69,2.69
1777712285.6164982,39.0,3.91,0.69,2.69
1777712287.283478,39.0,3.91,0.69,2.69
1777712288.945351,39.0,3.91,0.69,2.69
1777712290.6124442,39.0,3.91,0.69,2.69
1777712292.275852,39.0,3.91,0.69,2.69
1777712293.941539,39.0,3.91,0.69,2.69
1777712295.6056294,39.0,3.91,0.69,2.69
1777712297.2743998,39.0,3.91,0.69,2.69
1777712298.9406052,39.0,3.91,0.69,2.69
1777712300.6015499,39.0,3.91,0.69,2.69
1777712302.2621434,39.0,3.91,0.69,2.69
1777712303.9305625,39.0,3.91,0.69,2.69
1777712305.5988193,39.0,3.91,0.69,2.69
1777712307.2599554,39.0,3.91,0.69,2.69
1777712308.9267395,39.0,3.91,0.69,2.69
1777712310.5905168,39.0,3.91,0.69,2.69
1777712312.2554474,39.0,3.91,0.69,2.69
1777712313.9150848,39.0,3.91,0.69,2.69
1777712315.5808682,39.0,3.91,0.69,2.69
1777712317.2432697,39.0,3.91,0.69,2.69
1777712318.9093206,39.0,3.91,0.69,2.69
1777712320.576508,39.0,3.91,0.69,2.69
1777712322.241553,39.0,3.91,0.69,2.69
1777712323.9086142,39.0,3.91,0.69,2.69
1777712325.577716,39.0,3.91,0.69,2.69
1777712327.2391844,39.0,3.91,0.69,2.69
1777712328.9032166,39.0,3.91,0.69,2.69
1777712330.5662093,39.0,3.91,0.69,2.69
1777712332.2287486,39.0,3.91,0.69,2.69
1777712333.8934982,39.0,3.91,0.69,2.69
1777712335.5573146,39.0,3.91,0.69,2.69
1777712337.2228405,39.0,3.91,0.69,2.69
1777712338.8842645,39.0,3.91,0.69,2.69
1777712340.549338,39.0,3.91,0.69,2.69
1777712342.215607,39.0,3.91,0.69,2.69
1777712343.877419,39.0,3.91,0.69,2.69
1777712345.5376275,39.0,3.91,0.69,2.69
1777712347.2067792,39.0,3.91,0.69,2.69
1777712348.8763032,39.0,3.91,0.69,2.69
1777712350.5399904,39.0,3.91,0.69,2.69
1777712352.2055297,39.0,3.91,0.69,2.69
1777712353.8709085,39.0,3.91,0.69,2.69
1777712355.5465205,39.0,3.91,0.69,2.69
1777712357.2122285,39.0,3.91,0.69,2.69
1777712358.8773186,39.0,3.91,0.69,2.69
1777712360.5412517,39.0,3.91,0.69,2.69
1777712362.2085369,39.0,3.91,0.69,2.69
1777712363.8732173,39.0,3.91,0.69,2.69
1777712365.5415306,39.0,3.91,0.69,2.69
1777712367.2115257,39.0,3.91,0.69,2.69
1777712368.8739724,39.0,3.91,0.69,2.69
1777712370.5363684,39.0,3.91,0.69,2.69
1777712372.2013783,39.0,3.91,0.69,2.69
1777712373.872951,39.0,3.91,0.69,2.69
1777712375.5383255,39.0,3.91,0.69,2.69
1777712377.20584,39.0,3.91,0.69,2.69
1777712378.869944,39.0,3.91,0.69,2.69
1777712380.5373414,39.0,3.91,0.69,2.69
1777712382.2011292,39.0,3.91,0.69,2.69
1777712383.8759031,39.0,3.91,0.69,2.69
1777712385.5456402,39.0,3.91,0.69,2.69
1777712387.2079582,39.0,3.91,0.69,2.69
1777712388.8753123,39.0,3.91,0.69,2.69
1777712390.556153,39.0,3.91,0.69,2.69
1777712392.2287598,39.0,3.91,0.69,2.69
1777712393.9009337,39.0,3.91,0.69,2.69
1777712395.5617523,39.0,3.91,0.69,2.69
1777712397.2243974,39.0,3.91,0.69,2.69
1777712398.888886,39.0,3.91,0.69,2.69
1777712400.55573,39.0,3.91,0.69,2.69
1777712402.2162676,39.0,3.91,0.69,2.69
1777712403.8777347,39.0,3.91,0.69,2.69
1777712405.5448837,39.0,3.91,0.69,2.69
1777712407.2130468,39.0,3.91,0.69,2.69
1777712408.8745089,39.0,3.91,0.69,2.69
1777712410.5389788,39.0,3.91,0.69,2.69
1777712412.2006235,39.0,3.91,0.69,2.69
1777712413.866327,39.0,3.91,0.69,2.69
1777712415.5387213,39.0,3.91,0.69,2.69
1777712417.2060716,39.0,3.91,0.69,2.69
1777712418.870666,39.0,3.91,0.69,2.69
1777712420.5309248,39.0,3.91,0.69,2.69
1777712422.196623,39.0,3.91,0.69,2.69
1777712423.8593674,39.0,3.91,0.69,2.69
1777712425.5209699,39.0,3.91,0.69,2.69
1777712427.189049,39.0,3.91,0.69,2.69
1777712428.8585432,39.0,3.91,0.69,2.69
1777712430.5225668,39.0,3.91,0.69,2.69
1777712432.200555,39.0,3.91,0.69,2.69
1777712433.867006,39.0,3.91,0.69,2.69
1777712435.5288231,39.0,3.91,0.69,2.69
1777712437.1984797,39.0,3.91,0.69,2.69
1777712438.866286,39.0,3.91,0.69,2.69
1777712440.5271924,39.0,3.91,0.69,2.69
1777712442.190798,39.0,3.91,0.69,2.69
1777712443.8657806,39.0,3.91,0.69,2.69
1777712445.5324707,39.0,3.91,0.69,2.69
1777712447.198443,39.0,3.91,0.69,2.69
1777712448.8746774,39.0,3.91,0.69,2.69
1777712450.58307,39.0,3.91,0.69,2.69
1777712452.28607,39.0,3.91,0.69,2.69
1777712453.9524162,39.0,3.91,0.69,2.69
1777712455.6333182,39.0,3.91,0.69,2.69
1777712457.297139,39.0,3.91,0.69,2.69
1777712458.9757402,39.0,3.91,0.69,2.69
1777712460.6416261,39.0,3.91,0.69,2.69
1777712462.3079977,39.0,3.91,0.69,2.69
1777712463.9707787,39.0,3.91,0.69,2.69
1777712465.6418304,39.0,3.91,0.69,2.69
1777712467.3014746,39.0,3.91,0.69,2.69
1777712468.9854655,39.0,3.91,0.69,2.69
1777712470.6504476,39.0,3.91,0.69,2.69
1777712472.3193243,39.0,3.91,0.69,2.69
1777712473.9820576,39.0,3.91,0.69,2.69
1777712475.6463199,39.0,3.91,0.69,2.69
1777712477.3112192,39.0,3.91,0.69,2.69
1777712478.9715393,39.0,3.91,0.69,2.69
1777712480.6347194,39.0,3.91,0.69,2.69
1777712482.301222,39.0,3.91,0.69,2.69
1777712483.9655802,39.0,3.91,0.69,2.69
1777712485.6323771,39.0,3.91,0.69,2.69
1777712487.29631,39.0,3.91,0.69,2.69
1777712488.9590852,39.0,3.91,0.69,2.69
1777712490.626507,39.0,3.91,0.69,2.69
1777712492.2891724,39.0,3.91,0.69,2.69
1777712493.9583619,39.0,3.91,0.69,2.69
1777712495.6222346,39.0,3.91,0.69,2.69
1777712497.3422697,39.0,3.91,0.69,2.69
1777712499.0091047,39.0,3.91,0.69,2.69
1777712500.6796932,39.0,3.91,0.69,2.69
1777712502.3388999,39.0,3.91,0.69,2.69
1777712503.9967494,39.0,3.91,0.69,2.69
1777712505.7347298,39.0,3.91,0.69,2.69
1777712507.414304,39.0,3.91,0.69,2.69
1777712509.0844486,39.0,3.91,0.69,2.69
1777712510.7777572,39.0,3.91,0.69,2.69
1777712512.507002,39.0,3.91,0.69,2.69
1777712514.178009,39.0,3.91,0.69,2.69
1777712515.8574696,39.0,3.91,0.69,2.69
1777712517.518996,39.0,3.91,0.69,2.69
1777712519.223553,39.0,3.91,0.69,2.69
1777712520.9345484,39.0,3.91,0.69,2.69
1777712522.5963318,39.0,3.91,0.69,2.69
1777712524.2673285,39.0,3.91,0.69,2.69
1777712525.9423358,39.0,3.91,0.69,2.69
1777712527.6052418,39.0,3.91,0.69,2.69
1777712529.2763035,39.0,3.91,0.69,2.69
1777712530.9426904,39.0,3.91,0.69,2.69
1777712532.6063154,39.0,3.91,0.69,2.69
1777712534.2723541,39.0,3.91,0.69,2.69
1777712535.944838,39.0,3.91,0.69,2.69
1777712537.6134377,39.0,3.91,0.69,2.69
1777712539.275554,39.0,3.91,0.69,2.69
1777712540.9567542,39.0,3.91,0.69,2.69
1777712542.6261618,39.0,3.91,0.69,2.69
1777712544.2912414,39.0,3.91,0.69,2.69
1777712545.9639215,39.0,3.91,0.69,2.69
1777712547.6497293,39.0,3.91,0.69,2.69
1777712549.3109267,39.0,3.91,0.69,2.69
1777957110.6552193,0,0,0,0
1777957112.8917654,0,0,0,0
1777957113.4277613,0.0,0.24,0.0,0.0
1777957113.9973893,0.0,0.45,0.0,0.0
1777957114.5456696,0.0,0.65,0.0,0.0
1777957115.0991304,0.0,0.83,0.0,0.0
1777957115.6500247,0.0,1.0,0.0,0.0
1777957116.1948156,0.0,1.16,0.0,0.0
1777957116.7410307,0.0,1.3,0.0,0.0
1777957117.2965527,0.0,1.43,0.0,0.0
1777957117.9542496,0.0,1.55,0.0,0.0
1777957118.517074,0.0,1.66,0.0,0.0
1777957119.0780241,0.0,1.76,0.0,0.0
1777957119.6450553,0.0,1.86,0.0,0.0
1777957120.3021472,0.0,1.94,0.0,0.0
1777957120.861973,0.0,2.02,0.0,0.0
1777957121.4290826,0.0,2.09,0.0,0.0
1777957121.9932487,0.0,2.16,0.0,0.0
1777957122.6470041,0.0,2.22,0.0,0.0
1777957123.2130008,0.0,2.28,0.0,0.0
1777957123.7771752,0.0,2.33,0.0,0.0
1777957124.34121,0.0,2.38,0.0,0.0
1777957124.9951785,0.0,2.42,0.0,0.0
1777957125.5658288,0.0,2.46,0.0,0.0
1777957126.1262994,0.0,2.5,0.0,0.0
1777957126.6903903,0.0,2.54,0.0,0.0
1777957127.343498,0.0,2.57,0.0,0.0
1777957127.9071443,0.0,2.6,0.0,0.0
1777957128.4743838,0.0,2.62,0.0,0.0
1777957129.0383363,0.0,2.65,0.0,0.0
1777957129.6940384,0.0,2.67,0.0,0.0
1777957130.371459,0.0,2.69,0.0,0.0
1777957131.0410259,0.0,2.71,0.0,0.0
1777957131.7037783,0.0,2.73,0.0,0.0
1777957132.3744977,0.0,2.75,0.0,0.0
1777957133.0466866,0.0,2.76,0.0,0.0
1777957133.7112477,0.0,2.78,0.0,0.0
1777957134.3806562,0.0,2.79,0.0,0.0
1777957135.0533261,0.0,2.8,0.0,0.0
1777957135.7304947,0.0,2.82,0.0,0.0
1777957136.3962407,0.0,2.83,0.0,0.0
1777957137.0598435,0.0,2.84,0.0,0.0
1777957137.7486262,0.0,2.85,0.0,0.0
1777957138.4171937,0.0,2.85,0.0,0.0
1777957139.0817618,0.0,2.86,0.0,0.0
1777957139.7512078,0.0,2.87,0.0,0.0
1777957140.4195638,0.0,2.88,0.0,0.0
1777957141.0863552,0.0,2.88,0.0,0.0
1777957141.7488585,0.0,2.89,0.0,0.0
1777957142.418525,0.0,2.89,0.0,0.0
1777957143.0874317,0.0,2.9,0.0,0.0
1777957143.7503633,0.0,2.9,0.0,0.0
1777957144.4126344,0.0,2.91,0.0,0.0
1777957145.0833714,0.0,2.91,0.0,0.0
1777957145.745538,0.0,2.91,0.0,0.0
1777957146.4097323,0.0,2.92,0.0,0.0
1777957147.0750592,0.0,2.92,0.0,0.0
1777957147.7571125,0.0,2.92,0.0,0.0
1777957148.4429266,0.0,2.93,0.0,0.0
1777957149.1474135,0.0,2.93,0.0,0.0
1777957149.8275974,0.0,2.93,0.0,0.0
1777957150.503188,0.0,2.93,0.0,0.0
1777957151.177494,0.0,2.93,0.0,0.0
1777957151.861126,0.0,2.94,0.0,0.0
1777957152.542026,0.0,2.94,0.0,0.0
1777957153.2120006,0.0,2.94,0.0,0.0
1777957153.8760202,0.0,2.94,0.0,0.0
1777957154.5479312,0.0,2.94,0.0,0.0
1777957155.2136579,0.0,2.94,0.0,0.0
1777957155.8842473,0.0,2.94,0.0,0.0
1777957156.551745,0.0,2.94,0.0,0.0
1777957157.2222986,0.0,2.95,0.0,0.0
1777957157.8912225,0.0,2.95,0.0,0.0
1777957158.5648267,0.0,2.95,0.0,0.0
1777957159.2369792,0.0,2.95,0.0,0.0
1777957159.900398,0.0,2.95,0.0,0.0
1777957160.5718107,0.0,2.95,0.0,0.0
1777957161.2417653,0.0,2.95,0.0,0.0
1777957161.9070315,0.0,2.95,0.0,0.0
1777957162.5750825,0.0,2.95,0.0,0.0
1777957163.2447007,0.0,2.96,0.0,0.0
1777957163.9092884,0.0,2.96,0.0,0.0
1777957164.5758147,0.0,2.96,0.0,0.0
1777957165.2612503,0.0,2.96,0.0,0.0
1777957165.9851785,0.0,2.96,0.0,0.0
1777957166.6515424,0.0,2.96,0.0,0.0
1777957167.3175514,0.0,2.96,0.0,0.0
1777957167.9974105,0.0,2.96,0.0,0.0
1777957168.6930828,0.0,2.96,0.0,0.0
1777957169.3902876,0.0,2.96,0.0,0.0
1777957170.0981488,0.0,2.96,0.0,0.0
1777957170.7863815,0.0,2.96,0.0,0.0
1777957171.4779768,0.0,2.96,0.0,0.0
1777957172.16727,0.0,2.96,0.0,0.0
1777957172.8515987,0.0,2.96,0.0,0.0
1777957173.5568755,0.0,2.95,0.0,0.0
1777957174.2480602,0.0,2.95,0.0,0.0
1777957174.9328563,0.0,2.95,0.0,0.0
1777957175.6076376,0.0,2.95,0.0,0.0
1777957176.2801526,0.0,2.95,0.0,0.0
1777957176.9444487,0.0,2.95,0.0,0.0
1777957177.6130052,0.0,2.95,0.0,0.0
1777957178.2914326,0.0,2.95,0.0,0.0
1777957178.9582107,0.0,2.95,0.0,0.0
1777957179.6247256,0.0,2.95,0.0,0.0
1777957180.2890103,0.0,2.95,0.0,0.0
1777957180.9655294,0.0,2.95,0.0,0.0
1777957181.636517,0.0,2.95,0.0,0.0
1777957182.2981238,0.0,2.95,0.0,0.0
1777957182.9648578,0.0,2.95,0.0,0.0
1777957183.6324766,0.0,2.95,0.0,0.0
1777957184.3010821,0.0,2.95,0.0,0.0
1777957184.9717634,0.0,2.95,0.0,0.0
1777957185.644799,0.0,2.95,0.0,0.0
1777957186.3144228,0.0,2.95,0.0,0.0
1777957186.982963,0.0,2.95,0.0,0.0
1777957187.649225,0.0,2.95,0.0,0.0
1777957188.320058,0.0,2.95,0.0,0.0
1777957188.9927464,0.0,2.95,0.0,0.0
1777957189.65746,0.0,2.95,0.0,0.0
1777957190.3296347,0.0,2.95,0.0,0.0
1777957190.9954016,0.0,2.95,0.0,0.0
1777957191.6605883,0.0,2.95,0.0,0.0
1777957192.3315039,0.0,2.95,0.0,0.0
1777957192.9996817,0.0,2.95,0.0,0.0
1777957193.6640568,0.0,2.95,0.0,0.0
1777957194.3290648,0.0,2.94,0.0,0.0
1777957194.9964325,0.0,2.94,0.0,0.0
1777957195.6705506,0.0,2.94,0.0,0.0
1777957196.3537421,0.0,2.94,0.0,0.0
1777957197.021283,0.0,2.94,0.0,0.0
1777957197.7046096,0.0,2.94,0.0,0.0
1777957198.372243,0.0,2.94,0.0,0.0
1777957199.0342078,0.0,2.94,0.0,0.0
1777957199.7028866,0.0,2.94,0.0,0.0
1777957200.377507,0.0,2.93,0.0,0.0
1777957201.057698,0.0,2.93,0.0,0.0
1777957201.7253091,0.0,2.93,0.0,0.0
1777957202.3961108,0.0,2.93,0.0,0.0
1777957203.0677497,0.0,2.93,0.0,0.0
1777957203.7322123,0.0,2.93,0.0,0.0
1777957204.3965235,0.0,2.92,0.0,0.0
1777957205.0627685,0.0,2.92,0.0,0.0
1777957205.7331808,0.0,2.92,0.0,0.0
1777957206.3991675,0.0,2.91,0.0,0.0
1777957207.0625496,0.0,2.91,0.0,0.0
1777957207.7304235,0.0,2.91,0.0,0.0
1777957208.399023,0.0,2.91,0.0,0.0
1777957209.0635984,0.0,2.9,0.0,0.0
1777957209.7304072,0.0,2.91,0.0,0.0
1777957210.3943477,0.0,2.91,0.0,0.0
1777957211.0691495,0.0,2.91,0.0,0.0
1777957211.7351515,0.0,2.92,0.0,0.0
1777957212.4041426,0.0,2.92,0.0,0.0
1777957213.0697188,0.0,2.93,0.0,0.0
1777957213.7446673,0.0,2.94,0.0,0.0
1777957214.4105797,0.0,2.95,0.0,0.0
1777957215.0760489,0.0,2.96,0.0,0.0
1777957215.7506647,0.0,2.96,0.0,0.0
1777957216.424683,0.0,2.97,0.0,0.0
1777957217.0936668,0.0,2.98,0.0,0.0
1777957217.7644823,0.0,2.98,0.0,0.0
1777957218.442335,0.0,2.99,0.0,0.0
1777957219.1082082,0.0,2.99,0.0,0.0
1777957219.7764626,0.0,2.99,0.0,0.0
1777957220.4434037,0.0,3.0,0.0,0.0
1777957221.1125035,0.0,3.0,0.0,0.0
1777957221.778229,0.0,3.0,0.0,0.0
1777957222.445827,0.0,3.0,0.0,0.0
1777957223.1115003,0.0,3.01,0.0,0.0
1777957223.7813172,0.0,3.01,0.0,0.0
1777957224.4485588,0.0,3.01,0.0,0.0
1777957225.1259599,0.0,3.01,0.0,0.0
1777957225.7986658,0.0,3.01,0.0,0.0
1777957226.4643805,0.0,3.01,0.0,0.0
1777957227.1321242,0.0,3.01,0.0,0.0
1777957227.7996004,0.0,3.01,0.0,0.0
1777957228.4671323,0.0,3.01,0.0,0.0
1777957229.1319313,0.0,3.02,0.0,0.0
1777957229.7966354,0.0,3.02,0.0,0.0
1777957230.4668367,0.0,3.02,0.0,0.0
1777957231.135788,0.0,3.02,0.0,0.0
1777957231.8033602,0.0,3.02,0.0,0.0
1777957232.4671242,0.0,3.02,0.0,0.0
1777957233.133111,0.0,3.02,0.0,0.0
1777957233.8050048,0.0,3.02,0.0,0.0
1777957234.470895,0.0,3.02,0.0,0.0
1777957235.1342373,0.0,3.01,0.0,0.0
1777957235.8037484,0.0,3.0,0.0,0.0
1777957236.4748595,0.0,3.0,0.0,0.0
1777957237.1413915,0.0,2.99,0.0,0.0
1777957237.8073773,0.0,2.99,0.0,0.0
1777957238.479375,0.0,2.98,0.0,0.0
1777957239.1521819,0.0,2.97,0.0,0.0
1777957239.8188896,0.0,2.96,0.0,0.0
1777957240.4856286,0.0,2.96,0.0,0.0
1777957241.1550052,0.0,2.95,0.0,0.0
1777957241.8183932,0.0,2.95,0.0,0.0
1777957242.483205,0.0,2.94,0.0,0.0
1777957243.147651,0.0,2.94,0.0,0.0
1777957243.8173645,0.0,2.94,0.0,0.0
1777957244.497509,0.0,2.93,0.0,0.0
1777957245.1806417,0.0,2.93,0.0,0.0
1777957245.9050875,0.0,2.93,0.0,0.0
1777957246.5756917,0.0,2.92,0.0,0.0
1777957247.2527516,0.0,2.92,0.0,0.0
1777957247.956699,0.0,2.92,0.0,0.0
1777957248.625302,0.0,2.91,0.0,0.0
1777957249.2989569,0.0,2.91,0.0,0.0
1777957249.9676123,0.0,2.92,0.0,0.0
1777957250.6364503,0.0,2.93,0.0,0.0
1777957251.304872,0.0,2.93,0.0,0.0
1777957251.9749677,0.0,2.93,0.0,0.0
1777957252.6435308,0.0,2.94,0.0,0.0
1777957253.3144853,0.0,2.94,0.0,0.0
1777957253.980597,0.0,2.94,0.0,0.0
1777957254.6463833,0.0,2.94,0.0,0.0
1777957255.317282,0.0,2.95,0.0,0.0
1777957255.988834,0.0,2.95,0.0,0.0
1777957256.6529577,0.0,2.95,0.0,0.0
1777957257.3188996,0.0,2.95,0.0,0.0
1777957257.9867945,0.0,2.95,0.0,0.0
1777957258.6561368,0.0,2.96,0.0,0.0
1777957259.327538,0.0,2.96,0.0,0.0
1777957259.9954278,0.0,2.96,0.0,0.0
1777957260.672115,0.0,2.96,0.0,0.0
1777957261.352286,0.0,2.96,0.0,0.0
1777957262.0203302,0.0,2.96,0.0,0.0
1777957262.686949,0.0,2.96,0.0,0.0
1777957263.3611174,0.0,2.96,0.0,0.0
1777957264.0276225,0.0,2.96,0.0,0.0
1777957264.6953104,0.0,2.96,0.0,0.0
1777957265.3657842,0.0,2.95,0.0,0.0
1777957266.0400388,0.0,2.95,0.0,0.0
1777957266.707694,0.0,2.94,0.0,0.0
1777957267.3723507,0.0,2.93,0.0,0.0
1777957268.0382318,0.0,2.93,0.0,0.0
1777957268.708739,0.0,2.91,0.0,0.0
1777957269.3759892,0.0,2.91,0.0,0.0
1777957270.0445228,0.0,2.9,0.0,0.0
1777957270.7114036,0.0,2.9,0.0,0.0
1777957271.381404,0.0,2.9,0.0,0.0
1777957272.0641224,0.0,2.89,0.0,0.0
1777957272.7346532,0.0,2.89,0.0,0.0
1777957273.403432,0.0,2.89,0.0,0.0
1777957274.0746863,0.0,2.88,0.0,0.0
1777957274.7426562,0.0,2.88,0.0,0.0
1777957275.4096737,0.0,2.88,0.0,0.0
1777957276.0755467,0.0,2.88,0.0,0.0
1777957276.7741976,0.0,2.87,0.0,0.0
1777957277.4509523,0.0,2.87,0.0,0.0
1777957278.1254597,0.0,2.87,0.0,0.0
1777957278.8009183,0.0,2.87,0.0,0.0
1777957279.4703646,0.0,2.87,0.0,0.0
1777957279.8679228,0.0,2.87,0.0,0.0
1777957280.4203491,0.0,2.87,0.0,0.0
1777957280.9662662,0.0,2.87,0.0,0.0
1777957281.5151834,0.0,2.87,0.0,0.0
1777957282.0714934,0.0,2.87,0.0,0.0
1777957282.6194522,0.0,2.87,0.0,0.0
1777957283.163207,0.0,2.87,0.0,0.0
1777957283.708486,0.0,2.87,0.0,0.0
1777957284.2514484,0.0,2.87,0.0,0.0
1777957284.7949834,0.0,2.87,0.0,0.0
1777957285.3365848,0.0,2.87,0.0,0.0
1777957285.8800943,0.0,2.87,0.0,0.0
1777957286.4311407,0.0,2.87,0.0,0.0
1777957286.9747484,0.0,2.87,0.0,0.0
1777957287.5225828,0.0,2.87,0.0,0.0
1777957288.0662448,0.0,2.87,0.0,0.0
1777957288.6082227,0.0,2.87,0.0,0.0
1777957289.1541727,0.0,2.87,0.0,0.0
1777957289.6983366,0.0,2.87,0.0,0.0
1777957290.2435389,0.0,2.88,0.0,0.0
1777957290.787811,0.0,2.88,0.0,0.0
1777957291.330697,0.0,2.88,0.0,0.0
1777957291.8716538,0.0,2.88,0.0,0.0
1777957292.4141655,0.0,2.88,0.0,0.0
1777957292.956236,0.0,2.88,0.0,0.0
1777957293.5011075,0.0,2.88,0.0,0.0
1777957294.0497541,0.0,2.88,0.0,0.0
1777957294.5946133,0.0,2.88,0.0,0.0
1777957295.141551,0.0,2.88,0.0,0.0
1777957295.6865332,0.0,2.89,0.0,0.0
1777957296.2303903,0.0,2.89,0.0,0.0
1777957296.892736,0.0,2.89,0.0,0.0
1777957297.560816,0.0,2.89,0.0,0.0
1777957298.2433765,0.0,2.89,0.0,0.0
1777957298.9070501,0.0,2.89,0.0,0.0
1777957299.5811522,0.0,2.89,0.0,0.0
1777957300.2500334,0.0,2.89,0.0,0.0
1777957300.9170823,0.0,2.89,0.0,0.0
1777957301.5825303,0.0,2.89,0.0,0.0
1777957302.2485597,0.0,2.89,0.0,0.0
1777957302.9145072,0.0,2.89,0.0,0.0
1777957303.576425,0.0,2.89,0.0,0.0
1777957304.2418118,0.0,2.89,0.0,0.0
1777957304.9086838,0.0,2.89,0.0,0.0
1777957305.5753305,0.0,2.89,0.0,0.0
1777957306.2475767,0.0,2.89,0.0,0.0
1777957306.907841,0.0,2.89,0.0,0.0
1777957307.5716677,0.0,2.89,0.0,0.0
1777957308.239746,0.0,2.89,0.0,0.0
1777957308.9005845,0.0,2.89,0.0,0.0
1777957309.5634754,0.0,2.89,0.0,0.0
1777957310.227619,0.0,2.89,0.0,0.0
1777957310.8974175,0.0,2.88,0.0,0.0
1777957311.5611312,0.0,2.88,0.0,0.0
1777957312.2254508,0.0,2.88,0.0,0.0
1777957312.889646,0.0,2.88,0.0,0.0
1777957313.5539377,0.0,2.94,0.0,0.0
1777957314.2147458,0.0,3.01,0.12,0.9
1777957314.8780427,0.0,3.07,0.2,0.92
1777957315.5425434,0.0,3.13,0.27,0.94
1777957316.2131813,0.0,3.19,0.32,0.96
1777957316.8761973,0.0,3.24,0.36,0.97
1777957317.541304,0.0,3.29,0.39,0.99
1777957318.2109,0.0,3.33,0.41,1.0
1777957318.8853264,0.0,3.37,0.42,1.01
1777957319.5483115,0.0,3.41,0.43,1.02
1777957320.2123113,0.0,3.44,0.44,1.03
1777957320.875417,0.0,3.47,0.45,1.04
1777957321.5409198,0.0,3.5,0.45,1.05
1777957322.2050009,0.0,3.53,0.46,1.06
1777957322.8693035,0.0,3.55,0.46,1.07
1777957323.5339031,0.0,3.57,0.46,1.07
1777957324.2033691,0.0,3.59,0.46,1.08
1777957324.8699315,0.0,3.61,0.46,1.08
1777957325.5358205,0.0,3.63,0.46,1.09
1777957326.2056582,0.0,3.65,0.47,1.09
1777957326.8693557,0.0,3.66,0.47,1.1
1777957327.534713,0.0,3.67,0.47,1.1
1777957328.2003744,0.0,3.69,0.47,1.11
1777957328.8819628,0.0,3.7,0.47,1.11
1777957329.5659437,0.0,3.71,0.47,1.13
1777957330.2313478,0.0,3.72,0.47,1.17
1777957330.9282598,0.0,3.73,0.47,1.2
1777957331.6124344,0.0,3.74,0.47,1.23
1777957332.3025057,0.0,3.74,0.47,1.26
1777957332.9875627,0.0,3.75,0.47,1.28
1777957333.676653,0.0,3.76,0.47,1.31
1777957334.4122365,0.0,3.76,0.47,1.33
1777957335.18288,0.0,3.77,0.47,1.36
1777957335.9341927,0.0,3.77,0.47,1.38
1777957336.6268556,0.0,3.78,0.47,1.4
1777957337.3054242,0.0,3.78,0.47,1.42
1777957337.977151,0.0,3.79,0.47,1.44
1777957338.6602826,0.0,3.79,0.47,1.46
1777957339.4116204,0.0,3.79,0.47,1.48
1777957340.1187022,0.0,3.8,0.47,1.49
1777957340.8118477,0.0,3.8,0.47,1.51
1777957341.5454602,0.0,3.8,0.47,1.52
1777957342.2910404,0.0,3.8,0.47,1.53
1777957343.0367591,0.0,3.81,0.47,1.55
1777957343.7337046,0.0,3.81,0.47,1.56
1777957344.408774,0.0,3.81,0.47,1.57
1777957345.07675,0.0,3.81,0.47,1.58
1777957345.788315,0.0,3.81,0.47,1.59
1777957346.4720905,0.0,3.82,0.46,1.6
1777957347.2327738,0.0,3.82,0.47,1.61
1777957347.9047296,0.0,3.82,0.47,1.62
1777957348.572779,0.0,3.82,0.46,1.63
1777957349.2450824,0.0,3.82,0.46,1.64
1777957349.9165797,0.0,3.82,0.47,1.64
1777957350.591637,0.0,3.82,0.46,1.65
1777957351.2582023,0.0,3.82,0.46,1.66
1777957351.9221284,0.0,3.82,0.47,1.66
1777957352.5907595,0.0,3.83,0.47,1.67
1777957353.2645059,0.0,3.83,0.47,1.68
1777957353.9384263,0.0,3.83,0.47,1.68
1777957354.6055877,0.0,3.83,0.47,1.69
1777957355.2715461,0.0,3.83,0.47,1.7
1777957355.942428,0.0,3.83,0.47,1.7
1777957356.607309,0.0,3.83,0.47,1.71
1777957357.2773685,0.0,3.84,0.48,1.72
1777957357.9420714,0.0,3.84,0.49,1.73
1777957358.6065118,0.0,3.85,0.49,1.74
1777957359.2837822,0.0,3.85,0.49,1.75
1777957359.9573102,0.0,3.85,0.49,1.75
1777957360.6268919,0.0,3.85,0.5,1.76
1777957361.2967849,0.0,3.85,0.49,1.77
1777957361.9661362,0.0,3.86,0.49,1.78
1777957362.641807,0.0,3.86,0.49,1.78
1777957363.3094845,0.0,3.86,0.49,1.79
1777957363.9738095,0.0,3.86,0.49,1.8
1777957364.6462026,0.0,3.86,0.49,1.8
1777957365.3269851,0.0,3.86,0.49,1.81
1777957365.9952273,0.0,3.86,0.5,1.82
1777957366.661293,0.0,3.87,0.49,1.82
1777957367.3379793,0.0,3.87,0.49,1.83
1777957367.9997342,0.0,3.87,0.49,1.83
1777957368.6698089,0.0,3.88,0.51,1.84
1777957369.4206517,0.0,3.88,0.51,1.85
1777957370.1774492,0.0,3.88,0.51,1.86
1777957370.8995194,0.0,3.88,0.51,1.86
1777957371.6285734,0.0,3.88,0.51,1.87
1777957372.2975945,0.0,3.88,0.5,1.87
1777957372.9646661,0.0,3.88,0.49,1.87
1777957373.6312373,0.0,3.88,0.49,1.88
1777957374.3021538,0.0,3.88,0.5,1.88
1777957374.9684422,0.0,3.88,0.5,1.88
1777957375.6360474,0.0,3.88,0.5,1.88
1777957376.3031328,0.0,3.88,0.5,1.88
1777957376.9762683,0.0,3.88,0.5,1.89
1777957377.6395094,0.0,3.88,0.5,1.89
1777957378.306485,0.0,3.88,0.5,1.89
1777957378.9775941,0.0,3.88,0.49,1.89
1777957379.6436265,0.0,3.88,0.5,1.89
1777957380.310192,0.0,3.88,0.5,1.89
1777957380.9753976,0.0,3.88,0.49,1.9
1777957381.6496718,0.0,3.88,0.49,1.9
1777957382.31792,0.0,3.88,0.49,1.9
1777957382.9877,0.0,3.88,0.49,1.9
1777957383.6612706,0.0,3.88,0.49,1.9
1777957384.3289814,0.0,3.88,0.49,1.9
1777957384.9976578,0.0,3.88,0.49,1.9
1777957385.6681738,0.0,3.88,0.49,1.9
1777957386.341729,0.0,3.88,0.49,1.9
1777957387.0127177,0.0,3.88,0.49,1.9
1777957387.681991,0.0,3.88,0.49,1.9
1777957388.351143,0.0,3.88,0.49,1.9
1777957389.0304441,0.0,3.88,0.49,1.9
1777957389.6992888,0.0,3.88,0.49,1.9
1777957390.3690963,0.0,3.88,0.49,1.9
1777957391.0346448,0.0,3.88,0.49,1.9
1777957391.7105348,0.0,3.88,0.49,1.9
1777957392.3741267,0.0,3.88,0.49,1.9
1777957393.0396416,0.0,3.88,0.49,1.9
1777957393.7067163,0.0,3.88,0.49,1.9
1777957394.3788643,0.0,3.88,0.49,1.9
1777957395.0502443,0.0,3.88,0.49,1.9
1777957395.7216709,0.0,3.88,0.49,1.9
1777957396.3897817,0.0,3.88,0.49,1.9
1777957397.0633419,0.0,3.88,0.49,1.9
1777957397.7317636,0.0,3.88,0.49,1.9
1777957398.4019027,0.0,3.88,0.49,1.9
1777957399.0764048,0.0,3.88,0.49,1.9
1777957399.7600384,0.0,3.88,0.49,1.9
1777957400.431917,0.0,3.88,0.49,1.9
1777957401.1006837,0.0,3.88,0.49,1.9
1777957401.77493,0.0,3.88,0.49,1.9
1777957402.4419734,0.0,3.88,0.49,1.9
1777957403.1342413,0.0,3.88,0.49,1.9
1777957403.8945825,0.0,3.88,0.49,1.9
1777957404.5964422,0.0,3.88,0.49,1.9
1777957405.2654335,0.0,3.88,0.49,1.9
1777957405.938688,0.0,3.88,0.49,1.9
1777957406.607906,0.0,3.88,0.49,1.9
1777957407.0965497,0.0,3.88,0.49,1.9
1777957407.6502779,0.0,3.88,0.49,1.9
1777957408.1986027,0.0,3.88,0.49,1.91
1777957408.7548077,0.0,3.88,0.5,1.91
1777957409.2977276,0.0,3.88,0.49,1.9
1777957409.8497767,0.0,3.88,0.48,1.9
1777957410.392151,0.0,3.87,0.48,1.9
1777957410.93605,0.0,3.87,0.48,1.89
1777957411.4782155,0.0,3.87,0.47,1.89
1777957412.0930705,0.0,3.87,0.47,1.88
1777957412.6140223,0.0,3.86,0.47,1.88
1777957413.1676836,0.0,3.86,0.47,1.87
1777957413.71189,0.0,3.86,0.47,1.87
1777957414.260386,0.0,3.86,0.46,1.86
1777957414.8014386,0.0,3.86,0.46,1.86
1777957415.3470955,0.0,3.85,0.46,1.86
1777957415.8912458,0.0,3.85,0.46,1.85
1777957416.4359205,0.0,3.85,0.46,1.85
1777957416.9799366,0.0,3.85,0.46,1.84
1777957417.5262206,0.0,3.85,0.46,1.84
1777957418.0676844,0.0,3.85,0.46,1.84
1777957418.6079202,0.0,3.85,0.46,1.83
1777957419.1541662,0.0,3.85,0.46,1.83
1777957419.6948147,0.0,3.85,0.46,1.83
1777957420.2388427,0.0,3.85,0.46,1.83
1777957420.7817812,0.0,3.85,0.46,1.82
1777957421.3292754,0.0,3.84,0.46,1.82
1777957421.8755984,0.0,3.84,0.46,1.82
1777957422.4190843,0.0,3.84,0.46,1.81
1777957422.9613152,0.0,3.84,0.46,1.81
1777957423.505302,36.3,3.84,0.46,1.81
1777957424.0482993,36.3,3.84,0.46,1.81
1777957424.5914989,36.3,3.84,0.47,1.81
1777957425.1334608,36.3,3.84,0.47,1.81
1777957425.6786566,36.3,3.84,0.46,1.81
1777957426.2239273,36.3,3.84,0.46,1.81
1777957426.7653086,36.3,3.84,0.46,1.8
1777957427.3091545,36.3,3.84,0.46,1.8
1777957427.852282,36.4,3.84,0.46,1.8
1777957428.4001653,36.4,3.84,0.46,1.8
1777957429.0589032,36.4,3.84,0.46,1.8
1777957429.726095,36.4,3.84,0.46,1.8
1777957430.3936894,36.3,3.84,0.46,1.79
1777957431.064246,36.3,3.84,0.46,1.79
1777957431.7388132,36.3,3.84,0.46,1.79
1777957432.4031541,36.3,3.84,0.46,1.79
1777957433.0674915,36.3,3.84,0.46,1.79
1777957433.7364826,36.3,3.83,0.37,1.77
1777957434.404139,36.3,3.83,0.39,1.76
1777957435.0723684,36.3,3.83,0.34,1.73
1777957435.7364347,36.3,3.73,0.28,1.66
1777957436.4047434,36.3,3.64,0.24,1.58
1777957437.0703795,36.3,3.55,0.22,1.5
1777957437.7363544,36.3,3.48,0.19,1.43
1777957438.4169302,36.3,3.42,0.15,1.36
1777957439.0923781,36.3,3.39,0.11,1.3
1777957439.7594776,36.3,3.35,0.08,0.0
1777957440.428973,36.3,3.32,0.06,0.0
1777957441.0978727,36.3,3.29,0.05,0.0
1777957441.7674787,36.3,3.27,0.03,0.0
1777957442.4303873,36.3,3.24,0.03,0.0
1777957443.0965073,36.3,3.22,0.02,0.0
1777957443.76624,36.3,3.2,0.01,0.0
1777957444.4351554,36.3,3.18,0.01,0.0
1777957445.0987048,36.3,3.16,0.01,0.0
1777957445.7650244,36.3,3.15,0.01,0.0
1777957446.4299333,36.3,3.13,0.0,0.0
1777957447.0989237,36.3,3.12,0.0,0.0
1777957447.7670803,36.3,3.11,0.0,0.0
1777957448.433229,36.3,3.09,0.0,0.0
1777957449.1008308,36.3,3.08,0.0,0.0
1777957449.7652972,36.3,3.07,0.0,0.0
1777957450.4524848,36.3,3.06,0.0,0.0
1777957451.1231506,36.3,3.06,0.0,0.0
1777957451.7977712,36.3,3.05,0.0,0.0
1777957452.472145,36.3,3.04,0.0,0.0
1777957453.1359315,36.3,3.03,0.0,0.0
1777957453.801735,36.3,3.03,0.0,0.0
1777957454.4741518,36.3,3.02,0.0,0.0
1777957454.7856352,36.3,3.02,0.0,0.0
1777957455.3008494,36.3,3.01,0.0,0.0
1777957455.8431954,36.3,3.01,0.0,0.0
1777957456.3848016,36.3,3.0,0.0,0.0
1777957456.9272943,36.3,3.0,0.0,0.0
1777957457.47162,36.3,2.99,0.0,0.0
1777957458.0195167,36.3,2.99,0.0,0.0
1777957458.5815778,36.3,2.99,0.0,0.0
1777957459.1232038,36.3,2.99,0.0,0.0
1777957459.6712742,36.3,2.98,0.0,0.0
1777957460.2201385,36.3,2.98,0.0,0.0
1777957460.7636087,36.3,2.98,0.0,0.0
1777957461.307904,36.3,2.97,0.0,0.0
1777957461.8527384,36.3,2.97,0.0,0.0
1777957462.396413,36.3,2.97,0.0,0.0
1777957462.9375627,36.3,2.97,0.0,0.0
1777957463.4827175,36.3,2.97,0.0,0.0
1777957464.0276403,36.3,2.96,0.0,0.0
1777957464.573485,36.3,2.96,0.0,0.0
1777957465.1170444,36.3,2.96,0.0,0.0
1777957465.664204,36.3,2.96,0.0,0.0
1777957466.2154293,36.3,2.96,0.0,0.0
1777957466.768155,36.3,2.95,0.0,0.0
1777957467.3301494,36.3,2.95,0.0,0.0
1777957467.8738408,36.3,2.95,0.0,0.0
1777957468.4164705,36.3,2.95,0.0,0.0
1777957468.9591465,36.3,2.95,0.0,0.0
1777957469.501818,36.3,2.95,0.0,0.0
1777957470.044392,36.3,2.95,0.0,0.0
1777957470.5857463,36.3,2.95,0.0,0.0
1777957471.130808,36.3,2.94,0.0,0.0
1777957471.796203,36.3,2.94,0.0,0.0
1777957472.4587884,36.3,2.94,0.0,0.0
1777957473.123771,36.3,2.94,0.0,0.0
1777957473.7994225,36.3,2.94,0.0,0.0
1777957474.4684787,36.3,2.94,0.0,0.0
1777957475.133533,36.3,2.94,0.0,0.0
1777957475.8015556,36.3,2.94,0.0,0.0
1777957476.4681807,36.3,2.94,0.0,0.0
1777957477.1347308,36.3,2.94,0.0,0.0
1777957477.7977476,36.3,2.94,0.0,0.0
1777957478.461274,36.3,2.94,0.0,0.0
1777957479.125597,36.3,2.94,0.0,0.0
1777957479.7947576,36.3,2.94,0.0,0.0
1777957480.459,36.3,2.94,0.0,0.0
1777957481.1225772,36.3,2.94,0.0,0.0
1777957481.7903476,36.3,2.94,0.0,0.0
1777957482.4597983,36.3,2.94,0.0,0.0
1777957483.123778,36.3,2.94,0.0,0.0
1777957483.7893791,36.3,2.93,0.0,0.0
1777957484.4517736,36.3,2.93,0.0,0.0
1777957485.1201098,36.3,2.93,0.0,0.0
1777957485.785038,36.3,2.93,0.0,0.0
1777957486.4488904,36.3,2.93,0.0,0.0
1777957487.1156318,36.3,2.93,0.0,0.0
1777957487.7899735,36.3,2.93,0.0,0.0
1777957488.4538836,36.3,2.93,0.0,0.0
1777957489.1241686,36.3,2.93,0.0,0.0
1777957489.7915785,36.3,2.93,0.0,0.0
1777957490.4573798,36.3,2.93,0.0,0.0
1777957491.1230075,36.3,2.93,0.0,0.0
1777957491.786624,36.3,2.93,0.0,0.0
1777957492.4538648,36.3,2.93,0.0,0.0
1777957493.1191266,36.3,2.93,0.0,0.0
1777957493.7867231,36.3,2.93,0.0,0.0
1777957494.4527872,36.3,2.93,0.0,0.0
1777957495.1250277,36.3,2.93,0.0,0.0
1777957495.7901545,36.3,2.93,0.0,0.0
1777957496.4552863,36.3,2.93,0.0,0.0
1777957497.1252003,36.3,2.93,0.0,0.0
1777957497.7901056,36.3,2.93,0.0,0.0
1777957498.4537373,36.3,2.92,0.0,0.0
1777957499.1232436,36.3,2.93,0.0,0.0
1777957499.8019297,36.3,2.92,0.0,0.0
1777957500.4774168,36.3,2.92,0.0,0.0
1777957501.140068,36.3,2.92,0.0,0.0
1777957501.8065395,36.3,2.92,0.0,0.0
1777957502.479604,36.3,2.92,0.0,0.0
1777957503.1425664,36.3,2.92,0.0,0.0
1777957503.8074486,36.3,2.92,0.0,0.0
1777957504.477804,36.3,2.92,0.0,0.0
1777957505.1547046,36.3,2.92,0.0,0.0
1777957505.8357596,36.3,2.92,0.0,0.0
1777957506.5019884,36.3,2.92,0.0,0.0
1777957507.1679497,36.3,2.92,0.0,0.0
1777957507.8398843,36.3,2.92,0.0,0.0
1777957508.500098,36.3,2.92,0.0,0.0
1777957509.1672745,36.3,2.92,0.0,0.0
1777957509.8360744,36.3,2.92,0.0,0.0
1777957510.505871,36.3,2.92,0.0,0.0
1777957511.1681285,36.3,2.92,0.0,0.0
1777957511.8333395,36.3,2.92,0.0,0.0
1777957512.499176,36.3,2.92,0.0,0.0
1777957513.1672082,36.3,2.92,0.0,0.0
1777957513.8304057,36.3,2.92,0.0,0.0
1777957514.4961367,36.3,2.92,0.0,0.0
1777957515.1677432,36.3,2.92,0.0,0.0
1777957515.8351812,36.3,2.92,0.0,0.0
1777957516.49957,36.3,2.92,0.0,0.0
1777957517.1647263,36.3,2.92,0.0,0.0
1777957517.8273344,36.3,2.92,0.0,0.0
1777957518.49518,36.3,2.92,0.0,0.0
1777957519.1650343,36.3,2.92,0.0,0.0
1777957519.8283176,36.3,2.92,0.0,0.0
1777957520.4959183,36.3,2.92,0.0,0.0
1777957521.169053,36.3,2.92,0.0,0.0
1777957521.832639,36.3,2.92,0.0,0.0
1777957522.495521,36.3,2.92,0.0,0.0
1777957523.163243,36.3,2.92,0.0,0.0
1777957523.8291655,36.3,2.92,0.0,0.0
1777957524.495365,36.3,2.92,0.0,0.0
1777957525.173621,36.3,2.92,0.0,0.0
1777957525.8418005,36.3,2.92,0.0,0.0
1777957526.5099883,36.3,2.92,0.0,0.0
1777957527.1763856,36.3,2.92,0.0,0.0
1777957527.842155,36.3,2.92,0.0,0.0
1777957528.5080104,36.3,2.92,0.0,0.0
1777957529.1760583,36.3,2.92,0.0,0.0
1777957529.8438897,36.3,2.92,0.0,0.0
1777957530.5085392,36.3,2.92,0.0,0.0
1777957531.1765049,36.3,2.92,0.0,0.0
1777957531.8415527,36.3,2.92,0.0,0.0
1777957532.5031617,36.3,2.92,0.0,0.0
1777957533.1675081,36.3,2.92,0.0,0.0
1777957533.8403382,36.3,2.92,0.0,0.0
1777957534.504017,36.3,2.92,0.0,0.0
1777957535.1687427,36.3,2.92,0.0,0.0
1777957535.8355775,36.3,2.92,0.0,0.0
1777957536.501375,36.3,2.92,0.0,0.0
1777957537.1661868,36.3,2.92,0.0,0.0
1777957537.8354871,36.3,2.92,0.0,0.0
1777957538.5017107,36.3,2.92,0.0,0.0
1777957539.1692476,36.3,2.92,0.0,0.0
1777957539.836513,36.3,2.92,0.0,0.0
1777957540.5038285,36.3,2.92,0.0,0.0
1777957541.1705542,36.3,2.92,0.0,0.0
1777957541.837131,36.3,2.92,0.0,0.0
1777957542.5074139,36.3,2.92,0.0,0.0
1777957543.1765976,36.3,2.92,0.0,0.0
1777957543.842127,36.3,2.91,0.0,0.0
1777957544.5103586,36.3,2.92,0.0,0.0
1777957545.1760252,36.3,2.91,0.0,0.0
1777957545.844514,36.3,2.91,0.0,0.0
1777957546.5208378,36.3,2.91,0.0,0.0
1777957547.1952593,36.3,2.91,0.0,0.0
1777957547.8826292,36.3,2.91,0.0,0.0
1777957548.5791473,36.3,2.91,0.0,0.0
1777957549.2609148,36.3,2.91,0.0,0.0
1777957549.9467738,36.3,2.91,0.0,0.0
1777957550.6272993,36.3,2.91,0.0,0.0
1777957551.304765,36.3,2.91,0.0,0.0
1777957551.977983,36.3,2.91,0.0,0.0
1777957552.7067595,36.3,2.91,0.0,0.0
1777957553.394411,36.3,2.91,0.0,0.0
1777957554.0963333,36.3,2.91,0.0,0.0
1777957554.7813997,36.3,2.91,0.0,0.0
1777957555.4612477,36.3,2.91,0.0,0.0
1777957556.1276844,36.3,2.91,0.0,0.0
1777957556.7966847,36.3,2.91,0.0,0.0
1777957557.4656422,36.3,2.91,0.0,0.0
1777957558.140312,36.3,2.91,0.0,0.0
1777957558.8132718,36.3,2.91,0.0,0.0
1777957559.4917438,36.3,2.91,0.0,0.0
1777957560.1677125,36.3,2.91,0.0,0.0
1777957560.8480258,36.3,2.91,0.0,0.0
1777957561.5250003,36.3,2.91,0.0,0.0
1777957562.196666,36.3,2.91,0.0,0.0
1777957562.8653734,36.3,2.91,0.0,0.0
1777957563.5351894,36.3,2.91,0.0,0.0
1777957564.2054038,36.3,2.91,0.0,0.0
1777957564.877782,36.3,2.91,0.0,0.0
1777957565.5549664,36.3,2.91,0.0,0.0
1777957566.2412393,36.3,2.92,0.0,0.0
1777957566.9178703,36.3,2.92,0.0,0.0
1777957567.6106398,36.3,2.92,0.0,0.0
1777957568.3093581,36.3,2.92,0.0,0.0
1777957568.978106,36.3,2.92,0.0,0.0
1777957569.6487584,36.3,2.93,0.0,0.0
1777957570.3237267,36.3,3.0,0.05,0.0
1777957571.0005047,36.3,3.06,0.15,1.14
1777957571.6718824,36.3,3.12,0.23,1.14
1777957572.344733,36.3,3.18,0.29,1.15
1777957573.0211084,36.3,3.23,0.33,1.16
1777957573.6953886,36.3,3.27,0.37,1.18
1777957574.3622813,36.3,3.32,0.39,1.2
1777957575.0354805,36.3,3.36,0.41,1.22
1777957575.7016015,36.3,3.39,0.43,1.25
1777957576.3705218,36.3,3.43,0.44,1.27
1777957577.0394998,36.3,3.46,0.45,1.29
1777957577.7216148,36.3,3.48,0.45,1.32
1777957578.3941755,36.3,3.51,0.46,1.34
1777957579.062127,36.3,3.53,0.46,1.36
1777957579.7381628,36.3,3.56,0.46,1.39
1777957580.407173,36.3,3.58,0.46,1.41
1777957581.0730722,36.3,3.6,0.46,1.43
1777957581.7396104,36.3,3.61,0.46,1.45
1777957582.4103644,36.3,3.63,0.46,1.46
1777957583.078454,36.3,3.64,0.46,1.48
1777957583.752811,36.3,3.66,0.46,1.5
1777957584.422513,36.3,3.67,0.46,1.51
1777957585.0938876,36.3,3.68,0.46,1.53
1777957585.759545,36.3,3.69,0.47,1.54
1777957586.4261353,36.3,3.7,0.47,1.55
1777957587.09642,36.3,3.71,0.47,1.57
1777957587.7692037,36.3,3.72,0.47,1.58
1777957588.4370813,36.3,3.73,0.47,1.59
1777957589.1041844,36.3,3.73,0.46,1.6
1777957589.7776225,36.3,3.74,0.46,1.61
1777957590.4500685,36.3,3.75,0.46,1.62
1777957591.1153133,36.3,3.75,0.46,1.62
1777957591.7834637,36.3,3.76,0.46,1.63
1777957592.451929,36.3,3.76,0.46,1.64
1777957593.1281078,36.3,3.77,0.46,1.65
1777957593.7943885,36.3,3.77,0.46,1.65
1777957594.462726,36.3,3.77,0.46,1.66
1777957595.13393,36.3,3.78,0.46,1.67
1777957595.8008406,36.3,3.78,0.47,1.67
1777957596.466965,36.3,3.78,0.47,1.68
1777957597.1360393,36.3,3.78,0.46,1.68
1777957597.809937,36.3,3.79,0.47,1.69
1777957598.4756186,36.3,3.79,0.47,1.69
1777957599.143964,36.3,3.79,0.47,1.7
1777957599.8351412,36.3,3.79,0.47,1.7
1777957600.5141826,36.3,3.8,0.47,1.71
1777957601.1881075,36.3,3.8,0.47,1.71
1777957601.867355,36.3,3.8,0.47,1.71
1777957602.5443425,36.3,3.8,0.46,1.72
1777957603.218161,36.3,3.8,0.47,1.72
1777957603.8953075,36.3,3.8,0.47,1.72
1777957604.5765576,36.3,3.8,0.47,1.73
1777957605.249126,36.3,3.8,0.47,1.73
1777957605.9151742,0.0,3.8,0.47,1.73
1777957606.5927002,0.0,3.8,0.47,1.74
1777957607.263711,0.0,3.8,0.47,1.74
1777957607.9316175,0.0,3.8,0.46,1.74
1777957608.6055303,0.0,3.8,0.46,1.74
1777957609.2826612,0.0,3.8,0.46,1.74
1777957609.9532313,0.0,3.8,0.46,1.74
1777957610.6255531,0.0,3.8,0.46,1.74
1777957611.3006494,0.0,3.8,0.46,1.74
1777957611.9713802,0.0,3.8,0.46,1.74
1777957612.6487627,0.0,3.8,0.46,1.75
1777957613.3198466,0.0,3.8,0.46,1.75
1777957613.9881847,0.0,3.8,0.47,1.75
1777957614.6558568,0.0,3.8,0.47,1.75
1777957615.32741,0.0,3.8,0.47,1.75
1777957615.9954815,0.0,3.8,0.47,1.75
1777957616.6651196,0.0,3.8,0.47,1.75
1777957617.3386824,0.0,3.8,0.47,1.75
1777957618.0232053,0.0,3.8,0.47,1.76
1777957618.7680874,0.0,3.8,0.47,1.76
1777957619.5380447,0.0,3.8,0.47,1.76
1777957620.2661045,0.0,3.8,0.46,1.76
1777957620.9872296,0.0,3.8,0.46,1.76
1777957621.726604,0.0,3.8,0.46,1.76
1777957622.453294,0.0,3.8,0.47,1.76
1777957623.1776624,0.0,3.8,0.46,1.76
1777957623.9035985,0.0,3.8,0.47,1.76
1777957624.6329117,0.0,3.8,0.47,1.76
1777957625.358357,0.0,3.8,0.47,1.76
1777957626.0944924,0.0,3.8,0.47,1.76
1777957626.7970486,0.0,3.8,0.47,1.76
1777957627.475696,0.0,3.81,0.47,1.76
1777957628.1550863,0.0,3.81,0.46,1.77
1777957628.8744977,0.0,3.81,0.46,1.77
1777957629.5957482,0.0,3.81,0.46,1.77
1777957630.3072596,0.0,3.81,0.46,1.77
1777957631.0324292,0.0,3.81,0.46,1.77
1777957631.7969644,0.0,3.81,0.46,1.76
1777957632.4838004,0.0,3.81,0.46,1.76
1777957633.1685956,0.0,3.81,0.46,1.76
1777957633.8449104,0.0,3.81,0.46,1.76
1777957634.5464413,0.0,3.81,0.47,1.76
1777957635.2750454,0.0,3.81,0.47,1.77
1777957635.9968,0.0,3.81,0.47,1.77
1777957636.6872966,0.0,3.81,0.47,1.77
1777957637.3658419,0.0,3.81,0.47,1.77
1777957638.0537236,0.0,3.81,0.46,1.77
1777957638.7414515,0.0,3.81,0.46,1.77
1777957639.4128115,0.0,3.81,0.46,1.77
1777957640.0840805,0.0,3.81,0.46,1.77
1777957640.7799885,0.0,3.81,0.46,1.77
1777957641.4653788,0.0,3.81,0.46,1.77
1777957642.1517124,0.0,3.81,0.46,1.77
1777957642.8531964,0.0,3.81,0.47,1.77
1777957643.5670424,0.0,3.81,0.47,1.77
1777957644.2427294,0.0,3.81,0.47,1.77
1777957644.9247823,0.0,3.81,0.46,1.77
1777957645.600278,0.0,3.81,0.46,1.77
1777957646.274213,0.0,3.81,0.46,1.77
1777957646.9462495,0.0,3.81,0.46,1.77
1777957647.6242094,0.0,3.81,0.47,1.77
1777957648.3332317,0.0,3.81,0.46,1.77
1777957649.0267584,0.0,3.81,0.46,1.77
1777957649.7051663,0.0,3.81,0.46,1.77
1777957650.3895128,0.0,3.81,0.46,1.77
1777957651.075993,0.0,3.81,0.46,1.77
1777957651.7839234,0.0,3.81,0.46,1.77
1777957652.5067039,0.0,3.81,0.47,1.77
1777957653.199909,0.0,3.81,0.46,1.77
1777957653.8862252,0.0,3.81,0.47,1.77
1777957654.5894053,0.0,3.81,0.47,1.77
1777957655.2792182,0.0,3.81,0.47,1.77
1777957655.9877439,0.0,3.81,0.47,1.77
1777957656.665307,0.0,3.81,0.46,1.77
1777957657.3538425,0.0,3.81,0.46,1.77
1777957658.0477142,0.0,3.81,0.46,1.77
1777957658.7414932,0.0,3.81,0.46,1.77
1777957659.4339275,0.0,3.81,0.46,1.77
1777957660.1143131,0.0,3.81,0.47,1.77
1777957660.7928593,0.0,3.81,0.46,1.77
1777957661.4776855,0.0,3.81,0.46,1.77
1777957662.160422,0.0,3.81,0.46,1.77
1777957662.8613925,0.0,3.81,0.46,1.77
1777957663.5795183,0.0,3.81,0.46,1.77
1777957664.262613,0.0,3.81,0.46,1.77
1777957664.9486127,0.0,3.81,0.46,1.77
1777957665.6295493,0.0,3.81,0.46,1.77
1777957666.3172014,0.0,3.81,0.46,1.77
1777957667.0025425,0.0,3.81,0.46,1.77
1777957667.726417,0.0,3.81,0.46,1.77
1777957668.4645894,0.0,3.81,0.46,1.77
1777957669.151744,0.0,3.81,0.46,1.77
1777957669.8476844,0.0,3.81,0.46,1.77
1777957670.5249252,0.0,3.81,0.46,1.77
1777957671.228721,0.0,3.81,0.46,1.77
1777957671.9123955,0.0,3.81,0.46,1.77
1777957672.6084695,0.0,3.81,0.46,1.77
1777957673.2866423,0.0,3.81,0.46,1.77
1777957674.0392008,0.0,3.81,0.46,1.77
1777957674.743655,0.0,3.81,0.46,1.77
1777957675.4185948,0.0,3.81,0.47,1.77
1777957676.0985732,0.0,3.81,0.47,1.77
1777957676.7778037,0.0,3.81,0.47,1.77
1777957677.475943,0.0,3.81,0.46,1.77
1777957678.163002,0.0,3.81,0.46,1.77
1777957678.8601632,0.0,3.81,0.46,1.77
1777957679.537,0.0,3.81,0.46,1.77
1777957680.2455099,0.0,3.81,0.46,1.77
1777957680.9243796,0.0,3.81,0.46,1.77
1777957681.6185696,0.0,3.81,0.46,1.76
1777957682.309387,0.0,3.81,0.46,1.76
1777957683.0043004,0.0,3.81,0.46,1.76
1777957683.6840138,0.0,3.81,0.46,1.76
1777957684.3836195,0.0,3.81,0.46,1.76
1777957685.0616546,0.0,3.81,0.46,1.76
1777957685.764444,0.0,3.81,0.46,1.76
1777957686.4577618,0.0,3.81,0.46,1.76
1777957687.1374803,0.0,3.81,0.46,1.76
1777957687.8153386,0.0,3.81,0.46,1.76
1777957688.5102441,0.0,3.81,0.46,1.76
1777957689.1910415,0.0,3.81,0.46,1.76
1777957689.8777778,0.0,3.81,0.46,1.76
1777957690.5689313,0.0,3.81,0.46,1.76
1777957691.25591,0.0,3.81,0.46,1.76
1777957691.9546015,0.0,3.81,0.46,1.76
1777957692.6260765,0.0,3.81,0.46,1.76
1777957693.293372,0.0,3.81,0.46,1.76
1777957693.9586365,0.0,3.81,0.46,1.76
1777957694.6258001,0.0,3.81,0.46,1.76
1777957695.295477,0.0,3.81,0.46,1.76
1777957695.964958,0.0,3.81,0.46,1.76
1777957696.6334496,0.0,3.81,0.46,1.76
1777957697.307384,0.0,3.81,0.46,1.76
1777957697.9771557,0.0,3.81,0.46,1.76
1777957698.640067,0.0,3.81,0.46,1.76
1777957699.3068078,0.0,3.81,0.46,1.76
1777957699.9755635,0.0,3.81,0.46,1.76
1777957700.660431,0.0,3.81,0.46,1.76
1777957701.4213426,0.0,3.81,0.47,1.76
1777957702.1695876,0.0,3.81,0.46,1.76
1777957702.909574,0.0,3.81,0.46,1.76
1777957703.6247823,0.0,3.81,0.46,1.76
1777957704.3357525,0.0,3.81,0.46,1.76
1777957705.0173142,0.0,3.81,0.46,1.76
1777957705.7302723,0.0,3.81,0.46,1.76
1777957706.427442,0.0,3.81,0.46,1.76
1777957707.1262062,0.0,3.81,0.46,1.76
1777957707.8222716,0.0,3.81,0.47,1.76
1777957708.5103683,0.0,3.81,0.46,1.76
1777957709.1901543,0.0,3.81,0.47,1.76
1777957709.8734548,0.0,3.81,0.46,1.76
1777957710.5426283,0.0,3.81,0.46,1.76
1777957711.2167554,0.0,3.81,0.46,1.76
1777957711.8915873,0.0,3.81,0.46,1.76
1777957712.5663798,0.0,3.81,0.46,1.76
1777957713.265313,0.0,3.81,0.46,1.76
1777957713.9415424,0.0,3.81,0.46,1.76
1777957714.616876,0.0,3.81,0.46,1.76
1777957715.2964058,0.0,3.81,0.46,1.76
1777957715.968125,0.0,3.81,0.46,1.76
1777957716.6419773,0.0,3.81,0.47,1.76
1777957717.3092635,0.0,3.81,0.47,1.76
1777957717.982976,0.0,3.81,0.47,1.77
1777957718.6586127,0.0,3.81,0.47,1.77
1777957719.330229,0.0,3.81,0.47,1.77
1777957720.0070636,0.0,3.81,0.47,1.77
1777957720.6783807,0.0,3.81,0.46,1.77
1777957721.3583634,0.0,3.81,0.46,1.77
1777957722.0322578,0.0,3.81,0.46,1.77
1777957722.7031915,0.0,3.81,0.46,1.77
1777957723.377475,0.0,3.81,0.46,1.77
1777957724.0545805,0.0,3.81,0.46,1.77
1777957724.7251205,0.0,3.81,0.46,1.77
1777957725.398144,0.0,3.81,0.46,1.77
1777957726.07155,0.0,3.81,0.46,1.76
1777957726.7511349,0.0,3.81,0.46,1.76
1777957727.423019,0.0,3.81,0.46,1.76
1777957728.0995853,0.0,3.81,0.46,1.76
1777957728.7737572,0.0,3.81,0.46,1.76
1777957729.4455042,0.0,3.81,0.47,1.76
1777957730.1228087,0.0,3.81,0.47,1.76
1777957730.8010285,0.0,3.81,0.46,1.77
1777957731.474124,0.0,3.81,0.46,1.77
1777957732.146849,0.0,3.81,0.46,1.77
1777957732.8264668,0.0,3.81,0.46,1.77
1777957733.5045874,0.0,3.81,0.46,1.77
1777957734.1777587,0.0,3.81,0.46,1.77
1777957734.8511333,0.0,3.81,0.46,1.77
1777957735.5245707,0.0,3.81,0.46,1.77
1777957736.1962495,0.0,3.81,0.46,1.77
1777957736.866199,0.0,3.81,0.46,1.77
1777957737.5388386,0.0,3.81,0.46,1.77
1777957738.2107234,0.0,3.81,0.46,1.77
1777957738.9380767,0.0,3.81,0.46,1.77
1777957739.6796582,0.0,3.81,0.46,1.77
1777957740.3486404,0.0,3.81,0.46,1.77
1777957741.0213387,0.0,3.81,0.46,1.77
1777957741.7014732,0.0,3.81,0.47,1.77
1777957742.3734272,0.0,3.81,0.46,1.77
1777957743.0474176,0.0,3.81,0.47,1.77
1777957743.7256668,0.0,3.81,0.46,1.77
1777957744.3980682,0.0,3.81,0.46,1.77
1777957745.0788364,0.0,3.81,0.46,1.77
1777957745.7571084,0.0,3.81,0.46,1.77
1777957746.428818,0.0,3.81,0.47,1.77
1777957747.0975442,0.0,3.81,0.46,1.77
1777957747.770726,0.0,3.81,0.46,1.77
1777957748.443508,0.0,3.81,0.46,1.77
1777957749.1159596,0.0,3.81,0.46,1.77
1777957749.7928896,0.0,3.81,0.46,1.77
1777957750.4640932,0.0,3.81,0.46,1.77
1777957751.1343033,0.0,3.81,0.46,1.77
1777957751.8065956,0.0,3.81,0.46,1.77
1777957752.4887667,0.0,3.81,0.46,1.77
1777957753.1582701,0.0,3.81,0.46,1.77
1777957753.8298655,0.0,3.81,0.46,1.77
1777957754.5027423,0.0,3.81,0.46,1.77
1777957755.1775243,0.0,3.81,0.46,1.77
1777957755.8509665,0.0,3.81,0.46,1.77
1777957756.5219603,0.0,3.81,0.46,1.77
1777957757.193761,0.0,3.81,0.46,1.76
1777957757.869875,0.0,3.81,0.46,1.76
1777957758.5407147,0.0,3.81,0.46,1.76
1777957759.2241256,0.0,3.81,0.46,1.76
1777957759.90264,0.0,3.81,0.46,1.76
1777957760.5764272,0.0,3.81,0.46,1.76
1777957761.2738547,0.0,3.81,0.46,1.76
1777957761.9595172,0.0,3.81,0.46,1.76
1777957762.6289937,0.0,3.81,0.46,1.76
1777957763.3011153,0.0,3.81,0.46,1.76
1777957763.9786339,0.0,3.81,0.46,1.76
1777957764.651211,0.0,3.81,0.46,1.76
1777957765.3216767,0.0,3.81,0.46,1.76
1777957765.997953,0.0,3.81,0.46,1.76
1777957766.67522,0.0,3.81,0.46,1.76
1777957767.3501186,0.0,3.81,0.47,1.76
1777957768.0250397,0.0,3.81,0.46,1.76
1777957768.6999578,0.0,3.81,0.46,1.76
1777957769.371831,0.0,3.81,0.46,1.76
1777957770.0531743,0.0,3.81,0.46,1.76
1777957770.7256691,0.0,3.81,0.46,1.76
1777957771.3973415,0.0,3.81,0.46,1.76
1777957772.0712342,0.0,3.81,0.46,1.76
1777957772.7520459,0.0,3.81,0.47,1.77
1777957773.422857,0.0,3.81,0.47,1.77
1777957774.095656,0.0,3.81,0.46,1.77
1777957774.7776499,0.0,3.81,0.46,1.77
1777957775.4475207,0.0,3.81,0.46,1.77
1777957776.1216974,0.0,3.81,0.46,1.76
1777957776.7978399,0.0,3.81,0.46,1.76
1777957777.47319,0.0,3.81,0.46,1.76
1777957778.1451316,0.0,3.81,0.46,1.76
1777957778.8198135,0.0,3.81,0.46,1.76
1777957779.494768,0.0,3.81,0.46,1.76
1777957780.169491,0.0,3.81,0.46,1.76
1777957780.8428416,0.0,3.81,0.46,1.76
1777957781.5244436,0.0,3.81,0.46,1.76
1777957782.195466,0.0,3.81,0.46,1.76
1777957782.8684795,0.0,3.81,0.46,1.76
1777957783.5443177,0.0,3.81,0.46,1.76
1777957784.217481,0.0,3.81,0.46,1.76
1777957784.8916876,0.0,3.81,0.46,1.76
1777957785.566979,0.0,3.81,0.46,1.76
1777957786.2389717,0.0,3.81,0.46,1.76
1777957786.9124932,0.0,3.81,0.46,1.76
1777957787.5867896,0.0,3.81,0.46,1.76
1777957788.263211,0.0,3.81,0.46,1.76
1777957788.9361675,0.0,3.81,0.46,1.76
1777957789.6099803,0.0,3.81,0.46,1.76
1777957790.2869534,0.0,3.81,0.46,1.76
1777957790.9660573,0.0,3.81,0.46,1.76
1777957791.639896,0.0,3.81,0.46,1.76
1777957792.3154037,0.0,3.81,0.46,1.76
1777957792.9898741,0.0,3.81,0.46,1.76
1777957793.6748388,0.0,3.81,0.46,1.76
1777957794.3477933,0.0,3.81,0.46,1.76
1777957795.0222967,0.0,3.81,0.46,1.76
1777957795.6902902,0.0,3.81,0.46,1.76
1777957796.3626826,0.0,3.81,0.46,1.76
1777957797.0377636,0.0,3.81,0.46,1.76
1777957797.7096822,0.0,3.81,0.46,1.76
1777957798.3796058,0.0,3.81,0.46,1.76
1777957799.052142,0.0,3.81,0.46,1.76
1777957799.7240486,0.0,3.81,0.46,1.76
1777957800.3977337,0.0,3.81,0.46,1.76
1777957801.0726,0.0,3.81,0.46,1.76
1777957801.7452774,0.0,3.81,0.46,1.76
1777957802.4246545,0.0,3.81,0.46,1.76
1777957803.0964937,0.0,3.81,0.46,1.76
1777957803.766155,0.0,3.81,0.46,1.76
1777957804.443057,0.0,3.81,0.46,1.76
1777957805.1154916,0.0,3.81,0.46,1.76
1777957805.7840478,0.0,3.81,0.46,1.76
1777957806.4559639,0.0,3.81,0.46,1.76
1777957807.1296117,0.0,3.81,0.46,1.76
1777957807.7995632,0.0,3.81,0.46,1.76
1777957808.4713857,0.0,3.81,0.46,1.76
1777957809.1449614,0.0,3.81,0.46,1.76
1777957809.817995,0.0,3.81,0.46,1.76
1777957810.4919634,0.0,3.81,0.46,1.76
1777957811.16172,0.0,3.81,0.46,1.76
1777957811.8375592,0.0,3.81,0.46,1.76
1777957812.5112119,0.0,3.81,0.46,1.76
1777957813.1885066,0.0,3.81,0.46,1.76
1777957813.8684158,0.0,3.81,0.46,1.76
1777957814.545693,0.0,3.81,0.46,1.76
1777957815.217049,0.0,3.81,0.47,1.76
1777957815.8910432,0.0,3.81,0.46,1.76
1777957816.5689864,0.0,3.81,0.46,1.76
1777957817.2828283,0.0,3.81,0.46,1.76
1777957817.9876218,0.0,3.81,0.46,1.76
1777957818.709574,0.0,3.81,0.46,1.76
1777957819.3819947,0.0,3.81,0.46,1.76
1777957820.0586188,0.0,3.81,0.46,1.76
1777957820.7341785,0.0,3.81,0.46,1.76
1777957821.405,0.0,3.81,0.46,1.76
1777957822.0797231,0.0,3.81,0.46,1.76
1777957822.7535357,0.0,3.81,0.46,1.76
1777957823.4243033,0.0,3.81,0.46,1.76
1777957824.1036885,0.0,3.81,0.46,1.76
1777957824.7732503,0.0,3.81,0.46,1.76
1777957825.4454553,0.0,3.81,0.46,1.76
1777957826.1222866,0.0,3.81,0.46,1.76
1777957826.7941155,0.0,3.81,0.46,1.76
1777957827.4630942,0.0,3.81,0.46,1.76
1777957828.1388824,0.0,3.81,0.46,1.76
1777957828.8111348,0.0,3.81,0.46,1.76
1777957829.4843626,0.0,3.81,0.46,1.76
1777957830.1640863,0.0,3.81,0.46,1.76
1777957830.834874,0.0,3.81,0.46,1.76
1777957831.5054655,0.0,3.81,0.46,1.76
1777957832.1784303,0.0,3.81,0.46,1.76
1777957832.8500555,0.0,3.81,0.46,1.76
1777957833.5203118,0.0,3.81,0.46,1.76
1777957834.1947641,0.0,3.81,0.46,1.76
1777957834.8719282,0.0,3.81,0.46,1.76
1777957835.5411158,0.0,3.81,0.46,1.76
1777957836.2141738,0.0,3.81,0.46,1.76
1777957836.8907256,0.0,3.81,0.46,1.76
1777957837.5626473,0.0,3.81,0.46,1.76
1777957838.2315338,0.0,3.81,0.46,1.76
1777957838.9079542,0.0,3.81,0.47,1.76
1777957839.5838487,0.0,3.81,0.47,1.77
1777957840.2571876,0.0,3.81,0.46,1.77
1777957840.930961,0.0,3.81,0.46,1.77
1777957841.617141,0.0,3.81,0.46,1.76
1777957842.2864351,0.0,3.81,0.46,1.76
1777957842.957331,0.0,3.81,0.46,1.76
1777957843.6260166,0.0,3.81,0.46,1.76
1777957844.3031552,0.0,3.81,0.46,1.76
1777957844.9759035,0.0,3.81,0.46,1.76
1777957845.6520205,0.0,3.81,0.46,1.76
1777957846.325681,0.0,3.81,0.46,1.76
1777957847.0049503,0.0,3.81,0.46,1.76
1777957847.677554,0.0,3.81,0.46,1.76
1777957848.356627,0.0,3.81,0.46,1.76
1777957849.0905309,0.0,3.81,0.46,1.76
1777957849.761783,0.0,3.81,0.46,1.76
1777957850.4578779,0.0,3.81,0.46,1.76
1777957851.1757843,0.0,3.81,0.46,1.76
1777957851.8602955,0.0,3.81,0.46,1.76
1777957852.5352483,0.0,3.81,0.46,1.76
1777957853.2059827,0.0,3.81,0.46,1.76
1777957853.876717,0.0,3.81,0.46,1.76
1777957854.551734,0.0,3.81,0.46,1.76
1777957855.2231143,0.0,3.81,0.46,1.76
1777957855.9004958,0.0,3.81,0.46,1.76
1777957856.5689318,0.0,3.81,0.46,1.76
1777957857.240889,0.0,3.81,0.46,1.76
1777957857.9130614,0.0,3.81,0.46,1.76
1777957858.591882,0.0,3.81,0.46,1.76
1777957859.266194,0.0,3.81,0.46,1.76
1777957859.9366531,0.0,3.81,0.46,1.76
1777957860.6131632,0.0,3.81,0.46,1.76
1777957861.29115,0.0,3.81,0.47,1.76
1777957861.9616644,0.0,3.81,0.47,1.76
1777957862.6353567,0.0,3.81,0.47,1.76
1777957863.3094907,0.0,3.81,0.47,1.77
1777957863.984636,0.0,3.81,0.47,1.77
1777957864.6559703,0.0,3.81,0.47,1.77
1777957865.3307223,0.0,3.81,0.47,1.77
1777957866.0125232,0.0,3.81,0.46,1.77
1777957866.693672,0.0,3.81,0.46,1.77
1777957867.3654907,0.0,3.81,0.46,1.77
1777957868.0359967,0.0,3.81,0.47,1.77
1777957868.7109177,0.0,3.81,0.46,1.77
1777957869.382595,0.0,3.81,0.46,1.77
1777957870.05496,0.0,3.81,0.47,1.77
1777957870.7273815,0.0,3.81,0.47,1.77
1777957871.4032216,0.0,3.81,0.47,1.77
1777957872.0741227,0.0,3.81,0.47,1.77
1777957872.7467573,0.0,3.81,0.47,1.77
1777957873.419677,0.0,3.81,0.46,1.77
1777957874.0908103,0.0,3.81,0.46,1.77
1777957874.7650106,0.0,3.81,0.46,1.77
1777957875.444853,0.0,3.81,0.46,1.77
1777957876.1345901,0.0,3.81,0.46,1.77
1777957876.8070536,0.0,3.81,0.46,1.77
1777957877.4800868,0.0,3.81,0.46,1.77
1777957878.1599362,0.0,3.81,0.46,1.77
1777957878.8350842,0.0,3.81,0.46,1.77
1777957879.5100935,0.0,3.81,0.46,1.77
1777957880.1866462,0.0,3.81,0.46,1.77
1777957880.8564165,0.0,3.81,0.46,1.77
1777957881.5274224,0.0,3.81,0.46,1.77
1777957882.2031455,0.0,3.81,0.46,1.77
1777957882.878176,0.0,3.81,0.46,1.77
1777957883.549835,0.0,3.81,0.46,1.77
1777957884.227751,0.0,3.81,0.46,1.77
1777957884.905998,0.0,3.81,0.46,1.77
1777957885.580831,0.0,3.81,0.46,1.77
1777957886.2524688,0.0,3.81,0.46,1.77
1777957886.9230492,0.0,3.81,0.46,1.77
1777957887.5993226,0.0,3.81,0.46,1.76
1777957888.2698565,0.0,3.81,0.46,1.76
1777957888.9415805,0.0,3.81,0.46,1.76
1777957889.6182637,0.0,3.81,0.46,1.76
1777957890.2930954,0.0,3.81,0.46,1.76
1777957890.967676,0.0,3.81,0.46,1.76
1777957891.6410387,0.0,3.81,0.47,1.76
1777957892.314073,0.0,3.81,0.47,1.77
1777957892.984245,0.0,3.81,0.47,1.77
1777957893.6557293,0.0,3.81,0.47,1.77
1777957894.3361635,0.0,3.82,0.47,1.77
1777957895.0128002,0.0,3.82,0.48,1.77
1777957895.6822796,0.0,3.82,0.48,1.78
1777957896.3559585,0.0,3.82,0.48,1.78
1777957897.0349314,0.0,3.82,0.49,1.78
1777957897.7029364,0.0,3.82,0.49,1.79
1777957898.3725238,0.0,3.82,0.5,1.79
1777957899.052009,0.0,3.82,0.5,1.8
1777957899.7247465,0.0,3.82,0.5,1.81
1777957900.3987913,0.0,3.82,0.51,1.81
1777957901.0784144,0.0,3.82,0.5,1.82
1777957901.7628834,0.0,3.82,0.5,1.82
1777957902.4358692,0.0,3.82,0.5,1.83
1777957903.1110604,0.0,3.82,0.5,1.83
1777957903.7899873,0.0,3.82,0.49,1.83
1777957904.4613733,0.0,3.82,0.49,1.83
1777957905.1391022,0.0,3.82,0.49,1.84
1777957905.8183703,0.0,3.82,0.49,1.84
1777957906.4878666,0.0,3.82,0.49,1.84
1777957907.1618247,0.0,3.82,0.49,1.84
1777957907.8353164,0.0,3.82,0.49,1.84
1777957908.5115752,0.0,3.82,0.49,1.84
1777957909.1856968,0.0,3.82,0.49,1.84
1777957909.8549867,0.0,3.82,0.48,1.84
1777957910.528783,0.0,3.82,0.48,1.84
1777957911.1990216,0.0,3.82,0.48,1.84
1777957911.8701537,0.0,3.82,0.48,1.84
1777957912.5404034,0.0,3.82,0.48,1.84
1777957913.2181985,0.0,3.82,0.48,1.84
1777957913.8919163,0.0,3.82,0.48,1.84
1777957914.562736,0.0,3.82,0.48,1.84
1777957915.2356818,0.0,3.82,0.48,1.84
1777957915.9123206,0.0,3.82,0.48,1.84
1777957916.5817904,0.0,3.82,0.48,1.84
1777957917.2562146,0.0,3.82,0.48,1.84
1777957917.9285505,0.0,3.82,0.48,1.84
1777957918.6027493,0.0,3.82,0.48,1.84
1777957919.2711878,0.0,3.82,0.48,1.84
1777957919.9442568,0.0,3.82,0.48,1.84
1777957920.6240816,0.0,3.82,0.48,1.84
1777957921.3015962,0.0,3.82,0.48,1.84
1777957921.9753149,0.0,3.82,0.48,1.84
1777957922.6466048,0.0,3.82,0.48,1.84
1777957923.3201468,0.0,3.82,0.48,1.83
1777957923.9916675,0.0,3.82,0.47,1.83
1777957924.6716197,0.0,3.82,0.47,1.83
1777957925.3479266,0.0,3.82,0.47,1.83
1777957926.0270684,0.0,3.82,0.47,1.83
1777957926.6981406,0.0,3.82,0.47,1.83
1777957927.3689134,0.0,3.82,0.47,1.82
1777957928.0452783,0.0,3.82,0.47,1.82
1777957928.7137244,0.0,3.82,0.47,1.82
1777957929.3848047,0.0,3.82,0.47,1.82
1777957930.0546808,0.0,3.82,0.47,1.82
1777957930.7322943,0.0,3.82,0.47,1.82
1777957931.4027102,0.0,3.82,0.47,1.82
1777957932.0746052,0.0,3.82,0.48,1.82
1777957932.7425363,0.0,3.82,0.48,1.82
1777957933.4171288,0.0,3.83,0.48,1.82
1777957934.086897,0.0,3.83,0.48,1.82
1777957934.7653978,0.0,3.83,0.48,1.83
1777957935.4385312,0.0,3.83,0.49,1.83
1777957936.1087577,0.0,3.83,0.49,1.83
1777957936.7833192,0.0,3.83,0.48,1.83
1777957937.45251,0.0,3.83,0.48,1.83
1777957938.1230583,0.0,3.83,0.49,1.84
1777957938.7930968,0.0,3.84,0.49,1.84
1777957939.4695518,0.0,3.84,0.49,1.84
1777957940.1424901,0.0,3.84,0.49,1.84
1777957940.8134725,0.0,3.84,0.49,1.85
1777957941.4851308,0.0,3.84,0.49,1.85
1777957942.161296,0.0,3.84,0.49,1.85
1777957942.835478,0.0,3.84,0.49,1.85
1777957943.5207558,0.0,3.84,0.49,1.85
1777957944.193885,0.0,3.84,0.49,1.85
1777957944.863984,0.0,3.84,0.49,1.86
1777957945.5360968,0.0,3.84,0.49,1.86
1777957946.2110178,0.0,3.84,0.49,1.86
1777957946.8894107,0.0,3.84,0.49,1.86
1777957947.557294,0.0,3.84,0.49,1.86
1777957948.224144,0.0,3.84,0.49,1.86
1777957948.896412,0.0,3.84,0.49,1.86
1777957949.574036,0.0,3.84,0.49,1.86
1777957950.267926,0.0,3.84,0.49,1.86
1777957951.0780687,0.0,3.84,0.49,1.86
1777957952.020565,0.0,3.84,0.49,1.86
1777957953.2194948,0.0,3.84,0.49,1.86
1777957954.4124768,0.0,3.84,0.49,1.87
1777957955.2432323,0.0,3.84,0.49,1.87
1777957956.0347135,0.0,3.84,0.49,1.87
1777957956.802154,0.0,3.84,0.49,1.87
1777957957.5940797,0.0,3.84,0.49,1.87
1777957958.3806798,0.0,3.84,0.49,1.87
1777957959.178175,0.0,3.84,0.49,1.87
1777957959.9839327,0.0,3.84,0.49,1.87
1777957960.7977183,0.0,3.84,0.49,1.87
1777957961.586472,0.0,3.84,0.49,1.87
1777957962.382335,0.0,3.84,0.49,1.87
1777957963.1767406,0.0,3.84,0.49,1.87
1777957963.9356015,0.0,3.84,0.49,1.87
1777957964.7219672,0.0,3.84,0.49,1.87
1777957965.4854724,0.0,3.84,0.48,1.87
1777957966.25877,0.0,3.84,0.49,1.87
1777957967.0251112,0.0,3.84,0.49,1.87
1777957967.800829,0.0,3.84,0.49,1.87
1777957968.5590022,0.0,3.84,0.48,1.87
1777957969.3802817,0.0,3.84,0.49,1.87
1777957970.2230065,0.0,3.84,0.49,1.87
1777957971.071541,0.0,3.84,0.49,1.87
1777957971.9187925,0.0,3.84,0.49,1.87
1777957972.6310422,0.0,3.84,0.49,1.87
1777957973.3420923,0.0,3.84,0.49,1.87
1777957974.1831713,0.0,3.84,0.49,1.87
1777957975.006115,0.0,3.84,0.49,1.87
1777957975.7523532,0.0,3.84,0.49,1.87
1777957976.5119438,0.0,3.84,0.48,1.87
1777957977.187627,0.0,3.84,0.49,1.87
1777957977.871535,0.0,3.84,0.49,1.87
1777957978.5514593,0.0,3.84,0.49,1.87
1777957979.2503824,0.0,3.84,0.49,1.87
1777957979.978566,0.0,3.84,0.49,1.87
1777957980.7201173,0.0,3.84,0.49,1.87
1777957981.394186,0.0,3.84,0.49,1.87
1777957982.1368117,0.0,3.84,0.49,1.87
1777957982.8300407,0.0,3.84,0.49,1.87
1777957983.5049596,0.0,3.84,0.49,1.87
1777957984.1848228,0.0,3.84,0.49,1.87
1777957984.8576288,0.0,3.84,0.49,1.87
1777957985.5327063,0.0,3.84,0.49,1.87
1777957986.21775,0.0,3.84,0.49,1.87
1777957986.8867316,0.0,3.84,0.49,1.87
1777957987.5617182,0.0,3.84,0.49,1.87
1777957988.2439716,0.0,3.84,0.49,1.87
1777957988.933348,0.0,3.84,0.48,1.87
1777957989.6125174,0.0,3.84,0.48,1.87
1777957990.2926185,0.0,3.84,0.49,1.87
1777957990.9717212,0.0,3.84,0.49,1.87
1777957991.6415546,0.0,3.84,0.49,1.87
1777957992.3131716,0.0,3.84,0.48,1.87
1777957992.9870758,0.0,3.84,0.48,1.87
1777957993.6615553,0.0,3.84,0.49,1.87
1777957994.333382,0.0,3.84,0.49,1.87
1777957995.0053587,0.0,3.84,0.49,1.87
1777957995.68223,0.0,3.84,0.49,1.87
1777957996.3522947,0.0,3.84,0.49,1.87
1777957997.0223634,0.0,3.84,0.49,1.87
1777957997.6934416,0.0,3.84,0.5,1.87
1777957998.3724654,0.0,3.84,0.49,1.88
1777957999.0435688,0.0,3.84,0.5,1.88
1777957999.714541,0.0,3.84,0.5,1.88
1777958000.3929667,0.0,3.84,0.5,1.88
1777958001.0705898,0.0,3.84,0.5,1.88
1777958001.7558026,0.0,3.84,0.5,1.88
1777958002.4451606,0.0,3.84,0.5,1.89
1777958003.1291957,0.0,3.84,0.5,1.89
1777958003.807542,0.0,3.84,0.5,1.89
1777958004.474408,0.0,3.84,0.5,1.89
1777958005.1471803,0.0,3.84,0.49,1.89
1777958005.8210607,0.0,3.84,0.49,1.89
1777958006.4901695,0.0,3.84,0.49,1.89
1777958007.1840808,0.0,3.84,0.49,1.89
1777958007.9016635,0.0,3.84,0.49,1.89
1777958008.5756516,0.0,3.84,0.49,1.89
1777958009.2523563,0.0,3.84,0.49,1.89
1777958009.9327295,0.0,3.84,0.49,1.89
1777958010.6095607,0.0,3.84,0.49,1.89
1777958011.2888682,0.0,3.84,0.49,1.89
1777958011.9716532,0.0,3.84,0.49,1.89
1777958012.6508489,0.0,3.84,0.49,1.89
1777958013.332893,0.0,3.84,0.49,1.89
1777958014.0369604,0.0,3.84,0.49,1.89
1777958014.770536,0.0,3.84,0.49,1.89
1777958015.480037,0.0,3.84,0.49,1.89
1777958016.169098,0.0,3.84,0.5,1.89
1777958016.8474803,0.0,3.85,0.49,1.89
1777958017.5228872,0.0,3.85,0.49,1.89
1777958018.1974251,0.0,3.84,0.49,1.89
1777958018.8714588,0.0,3.85,0.49,1.89
1777958019.5462945,0.0,3.85,0.49,1.89
1777958020.2211487,0.0,3.85,0.49,1.89
1777958020.897179,0.0,3.85,0.48,1.89
1777958021.5705838,0.0,3.85,0.48,1.89
1777958022.2428765,0.0,3.85,0.48,1.88
1777958022.9178214,0.0,3.85,0.49,1.88
1777958023.5943818,0.0,3.85,0.49,1.88
1777958024.2633736,0.0,3.85,0.49,1.88
1777958024.9390736,0.0,3.85,0.49,1.88
1777958025.6129346,0.0,3.85,0.49,1.88
1777958026.2894168,0.0,3.85,0.49,1.88
1777958026.962037,0.0,3.85,0.49,1.88
1777958027.6349528,0.0,3.85,0.49,1.88
1777958028.3170543,0.0,3.85,0.49,1.88
1777958028.992796,0.0,3.85,0.49,1.88
1777958029.6655793,0.0,3.85,0.49,1.88
1777958030.3482482,0.0,3.85,0.49,1.88
1777958031.0189126,0.0,3.85,0.49,1.88
1777958031.6926801,0.0,3.85,0.49,1.88
1777958032.378464,0.0,3.85,0.49,1.88
1777958033.0517588,0.0,3.85,0.48,1.88
1777958033.725533,0.0,3.85,0.49,1.88
1777958034.3992233,0.0,3.85,0.49,1.88
1777958035.0751538,0.0,3.85,0.49,1.88
1777958035.7477353,0.0,3.85,0.49,1.88
1777958036.4199011,0.0,3.85,0.49,1.88
1777958037.094777,0.0,3.85,0.49,1.88
1777958037.7729056,0.0,3.85,0.49,1.88
1777958038.4463751,0.0,3.85,0.49,1.88
1777958039.1428356,0.0,3.85,0.49,1.88
1777958039.8532946,0.0,3.85,0.49,1.88
1777958040.542596,0.0,3.85,0.49,1.88
1777958041.2173977,0.0,3.85,0.49,1.88
1777958041.9289737,0.0,3.85,0.49,1.88
1777958042.6190076,0.0,3.85,0.49,1.88
1777958043.3037462,0.0,3.85,0.49,1.88
1777958043.9782503,0.0,3.85,0.49,1.89
1777958045.6756032,0.0,3.85,0.49,1.89
1777958047.3506446,0.0,3.85,0.49,1.89
1777958049.035757,0.0,3.85,0.49,1.89
1777958050.7082992,0.0,3.85,0.49,1.89
1777958052.390499,0.0,3.85,0.49,1.89
1777958054.0676806,0.0,3.85,0.49,1.89
1777958055.7518861,0.0,3.85,0.49,1.89
1777958057.425023,0.0,3.85,0.49,1.89
1777958059.101233,0.0,3.85,0.49,1.89
1777958060.7760227,0.0,3.85,0.49,1.89
1777958062.449537,0.0,3.85,0.49,1.89
1777958064.1254075,0.0,3.85,0.49,1.89
1777958065.8055735,0.0,3.85,0.49,1.89
1777958067.4803538,0.0,3.85,0.49,1.89
1777958069.1573167,0.0,3.85,0.49,1.89
1777958070.8368118,0.0,3.85,0.49,1.89
1777958072.5151699,0.0,3.85,0.49,1.89
1777958074.1957858,0.0,3.85,0.49,1.89
1777958075.8902519,0.0,3.85,0.49,1.89
1777958077.6316926,0.0,3.85,0.49,1.89
1777958079.360554,0.0,3.85,0.49,1.89
1777958081.0626771,0.0,3.85,0.49,1.89
1777958082.7522223,0.0,3.85,0.49,1.89
1777958084.457874,0.0,3.85,0.49,1.89
1777958086.1597555,0.0,3.85,0.49,1.89
1777958087.839709,0.0,3.85,0.49,1.89
1777958089.5202992,0.0,3.85,0.49,1.89
1777958091.210126,0.0,3.85,0.49,1.89
1777958092.8876662,0.0,3.85,0.49,1.89
1777958094.5666564,0.0,3.85,0.49,1.89
1777958096.2452662,0.0,3.85,0.49,1.89
1777958097.9252045,0.0,3.85,0.49,1.89
1777958099.6032517,0.0,3.85,0.49,1.89
1777958101.2934554,0.0,3.85,0.49,1.89
1777958102.9689944,0.0,3.85,0.49,1.89
1777958104.6477742,0.0,3.85,0.49,1.89
1777958106.3443093,0.0,3.85,0.49,1.89
1777958108.0203438,0.0,3.85,0.49,1.89
1777958109.7045782,0.0,3.85,0.49,1.89
1777958111.3864932,0.0,3.85,0.49,1.89
1777958113.0627367,0.0,3.85,0.49,1.89
1777958114.7330315,0.0,3.85,0.49,1.89
1777958116.4308796,0.0,3.85,0.49,1.89
1777958118.12721,0.0,3.85,0.49,1.89
1777958119.8087864,0.0,3.85,0.49,1.89
1777958121.4844146,0.0,3.85,0.49,1.89
1777958123.157825,0.0,3.85,0.49,1.89
1777958124.8448045,0.0,3.85,0.49,1.89
1777958126.5323958,0.0,3.85,0.49,1.89
1777958128.211362,0.0,3.85,0.49,1.89
1777958129.903269,0.0,3.85,0.49,1.89
1777958131.5840778,0.0,3.85,0.49,1.89
1777958133.2778094,0.0,3.85,0.49,1.89
1777958134.9614882,0.0,3.85,0.49,1.89
1777958136.6474466,0.0,3.85,0.49,1.89
1777958138.3306577,0.0,3.85,0.49,1.89
1777958140.022985,0.0,3.85,0.49,1.89
1777958141.7011385,0.0,3.85,0.49,1.89
1777958143.3903484,0.0,3.85,0.49,1.89
1777958145.065251,0.0,3.85,0.49,1.89
1777958146.7423375,0.0,3.85,0.49,1.89
1777958148.4178483,0.0,3.85,0.49,1.89
1777958150.1005733,0.0,3.85,0.49,1.89
1777958151.7752445,0.0,3.85,0.49,1.89
1777958153.4593248,0.0,3.85,0.49,1.89
1777958155.1438947,0.0,3.85,0.49,1.89
1777958156.8538554,0.0,3.85,0.49,1.89
1777958158.5530424,0.0,3.85,0.49,1.89
1777958160.225843,0.0,3.85,0.49,1.89
1777958161.9061565,0.0,3.85,0.49,1.89
1777958163.5838907,0.0,3.85,0.49,1.89
1777958165.2629156,0.0,3.85,0.49,1.89
1777958166.941119,0.0,3.85,0.49,1.89
1777958168.6187334,0.0,3.85,0.49,1.89
1777958170.292896,0.0,3.85,0.49,1.89
1777958171.9647238,0.0,3.85,0.49,1.89
1777958173.6345136,0.0,3.85,0.49,1.89
1777958175.3102827,0.0,3.85,0.49,1.89
1777958176.9819615,0.0,3.85,0.49,1.89
1777958178.654838,0.0,3.85,0.49,1.89
1777958180.3338473,0.0,3.85,0.49,1.89
1777958182.0045614,0.0,3.85,0.49,1.89
1777958183.6766858,0.0,3.85,0.49,1.89
1777958185.350836,0.0,3.85,0.49,1.89
1777958187.0246801,0.0,3.85,0.49,1.89
1777958188.6981137,0.0,3.85,0.49,1.89
1777958190.377508,0.0,3.85,0.49,1.89
1777958192.0505013,0.0,3.85,0.49,1.89
1777958193.7242532,0.0,3.85,0.49,1.89
1777958195.4014273,0.0,3.85,0.49,1.89
1777958197.07204,0.0,3.85,0.49,1.89
1777958198.747029,0.0,3.85,0.49,1.89
1777958200.4186652,0.0,3.85,0.49,1.89
1777958202.1008286,0.0,3.85,0.49,1.89
1777958203.7761436,0.0,3.85,0.49,1.89
1777958205.4520135,0.0,3.85,0.49,1.89
1777958207.1238842,0.0,3.85,0.49,1.89
1777958208.805841,0.0,3.85,0.49,1.89
1777958210.4807377,0.0,3.85,0.49,1.89
1777958212.151321,0.0,3.85,0.49,1.89
1777958213.8249147,0.0,3.85,0.49,1.89
1777958215.4982436,0.0,3.85,0.49,1.89
1777958217.170277,0.0,3.85,0.49,1.89
1777958218.8568716,0.0,3.85,0.49,1.89
1777958220.5307631,0.0,3.85,0.49,1.89
1777958222.2126966,0.0,3.85,0.49,1.89
1777958223.8983855,0.0,3.85,0.49,1.89
1777958225.5799837,0.0,3.85,0.49,1.89
1777958227.266691,0.0,3.85,0.49,1.89
1777958228.9554532,0.0,3.85,0.49,1.89
1777958230.622019,0.0,3.85,0.49,1.89
1777958232.3027341,0.0,3.85,0.49,1.89
1777958233.9821527,0.0,3.85,0.49,1.89
1777958235.6803901,0.0,3.85,0.49,1.89
1777958237.3493097,0.0,3.85,0.49,1.89
1777958239.0264714,0.0,3.85,0.49,1.89
1777958240.7107959,0.0,3.85,0.49,1.89
1777958242.3880973,0.0,3.85,0.49,1.89
1777958244.0717375,0.0,3.85,0.49,1.89
1777958245.7586648,0.0,3.85,0.49,1.89
1777958247.4508727,0.0,3.85,0.49,1.89
1777958249.129544,0.0,3.85,0.49,1.89
1777958250.8113768,0.0,3.85,0.49,1.89
1777958252.4938211,0.0,3.85,0.49,1.89
1777958254.177535,0.0,3.85,0.49,1.89
1777958255.8471925,0.0,3.85,0.49,1.89
1777958257.5240128,0.0,3.85,0.49,1.89
1777958259.205038,0.0,3.85,0.49,1.89
1777958260.8865843,0.0,3.85,0.49,1.89
1777958262.567883,0.0,3.85,0.49,1.89
1777958264.2476614,0.0,3.85,0.49,1.89
1777958265.9258296,0.0,3.85,0.49,1.89
1777958267.6096265,0.0,3.85,0.49,1.89
1777958269.2910533,0.0,3.85,0.49,1.89
1777958270.9668896,0.0,3.85,0.49,1.89
1777958272.6395905,0.0,3.85,0.49,1.89
1777958274.3105328,0.0,3.85,0.49,1.89
1777958275.9890418,0.0,3.85,0.49,1.89
1777958277.6763937,0.0,3.85,0.49,1.89
1777958279.353007,0.0,3.85,0.49,1.89
1777958281.0306964,0.0,3.85,0.49,1.89
1777958282.7118666,0.0,3.85,0.49,1.89
1777958284.3881676,0.0,3.85,0.49,1.89
1777958286.0696423,0.0,3.85,0.49,1.89
1777958287.7522407,0.0,3.85,0.49,1.89
1777958289.42843,0.0,3.85,0.49,1.89
1777958291.1018016,0.0,3.85,0.49,1.89
1777958292.778086,0.0,3.85,0.49,1.89
1777958294.454771,0.0,3.85,0.49,1.89
1777958296.12485,0.0,3.85,0.49,1.89
1777958297.8038507,0.0,3.85,0.49,1.89
1777958299.4766037,0.0,3.85,0.49,1.89
1777958301.1482348,0.0,3.85,0.49,1.89
1777958302.8311777,0.0,3.85,0.49,1.89
1777958304.5027437,0.0,3.85,0.49,1.89
1777958306.1759248,0.0,3.85,0.49,1.89
1777958307.8525836,0.0,3.85,0.49,1.89
1777958309.5344505,0.0,3.85,0.49,1.89
1777958311.2269275,0.0,3.85,0.49,1.89
1777958312.9124115,0.0,3.85,0.49,1.89
1777958314.588825,0.0,3.85,0.49,1.89
1777958316.27062,0.0,3.85,0.49,1.89
1777958317.9450188,0.0,3.85,0.49,1.89
1777958319.6277304,0.0,3.85,0.49,1.89
1777958321.30135,0.0,3.85,0.49,1.89
1777958322.9861066,0.0,3.85,0.49,1.89
1777958324.656207,0.0,3.85,0.49,1.89
1777958326.336606,0.0,3.85,0.49,1.89
1777958328.0092313,0.0,3.85,0.49,1.89
1777958329.68565,0.0,3.85,0.49,1.89
1777958331.3584886,0.0,3.85,0.49,1.89
1777958333.0446534,0.0,3.85,0.49,1.89
1777958334.71442,0.0,3.85,0.49,1.89
1777958336.3927689,0.0,3.85,0.49,1.89
1777958338.0746715,0.0,3.85,0.49,1.89
1777958339.7512279,0.0,3.85,0.49,1.89
1777958341.4319174,0.0,3.85,0.49,1.89
1777958343.1122909,0.0,3.85,0.49,1.89
1777958344.78821,0.0,3.85,0.49,1.89
1777958346.4842188,0.0,3.85,0.49,1.89
1777958348.1680965,0.0,3.85,0.49,1.89
1777958349.8426924,0.0,3.85,0.49,1.89
1777958351.526536,0.0,3.85,0.49,1.89
1777958353.2089434,0.0,3.85,0.49,1.89
1777958354.8847978,0.0,3.85,0.49,1.89
1777958356.5743911,0.0,3.85,0.49,1.89
1777958358.258512,0.0,3.85,0.49,1.89
1777958359.9367065,0.0,3.85,0.49,1.89
1777958361.6221287,0.0,3.85,0.49,1.89
1777958363.2878532,0.0,3.85,0.49,1.89
1777958364.969565,0.0,3.85,0.49,1.89
1777958366.660442,0.0,3.85,0.49,1.89
1777958368.344271,0.0,3.85,0.49,1.89
1777958370.0197263,0.0,3.85,0.49,1.89
1777958371.701317,0.0,3.85,0.49,1.89
1777958373.3737862,0.0,3.85,0.49,1.89
1777958375.0488622,0.0,3.85,0.49,1.89
1777958376.7322767,0.0,3.85,0.49,1.89
1777958378.4326074,0.0,3.85,0.49,1.89
1777958380.1162622,0.0,3.85,0.49,1.89
1777958381.79007,0.0,3.85,0.49,1.89
1777958383.460225,0.0,3.85,0.49,1.89
1777958385.1336918,0.0,3.85,0.49,1.89
1777958386.8060758,0.0,3.85,0.49,1.89
1777958388.4818265,0.0,3.85,0.49,1.89
1777958390.1700017,0.0,3.85,0.49,1.89
1777958391.8439837,0.0,3.85,0.49,1.89
1777958393.5203524,0.0,3.85,0.49,1.89
1777958395.2075346,0.0,3.85,0.49,1.89
1777958396.8983417,0.0,3.85,0.49,1.89
1777958398.5737586,0.0,3.85,0.49,1.89
1777958400.2566562,0.0,3.85,0.49,1.89
1777958401.9281077,0.0,3.85,0.49,1.89
1777958403.6064236,0.0,3.85,0.49,1.89
1777958405.2858984,0.0,3.85,0.49,1.89
1777958406.969509,0.0,3.85,0.49,1.89
1777958408.6450982,0.0,3.85,0.49,1.89
1777958410.3226666,0.0,3.85,0.49,1.89
1777958411.9964492,0.0,3.85,0.49,1.89
1777958413.687106,0.0,3.85,0.49,1.89
1777958415.3668072,0.0,3.85,0.49,1.89
1777958417.048427,0.0,3.85,0.49,1.89
1777958418.7195618,0.0,3.85,0.49,1.89
1777958420.4026399,0.0,3.85,0.49,1.89
1777958422.0829349,0.0,3.85,0.49,1.89
1777958423.7521772,0.0,3.85,0.49,1.89
1777958425.432432,0.0,3.85,0.49,1.89
1777958427.1001873,0.0,3.85,0.49,1.89
1777958428.7793376,0.0,3.85,0.49,1.89
1777958430.4600203,0.0,3.85,0.49,1.89
1777958432.133148,0.0,3.85,0.49,1.89
1777958433.812622,0.0,3.85,0.49,1.89
1777958435.490649,0.0,3.85,0.49,1.89
1777958437.165138,0.0,3.85,0.49,1.89
1777958438.8375976,0.0,3.85,0.49,1.89
1777958440.5145757,0.0,3.85,0.49,1.89
1777958442.2000957,0.0,3.85,0.49,1.89
1777958443.8787901,0.0,3.85,0.49,1.89
1777958445.5595527,0.0,3.85,0.49,1.89
1777958447.248963,0.0,3.85,0.49,1.89
1777958448.9292996,0.0,3.85,0.49,1.89
1777958450.6032517,0.0,3.85,0.49,1.89
1777958452.2808065,0.0,3.85,0.49,1.89
1777958453.957944,0.0,3.85,0.49,1.89
1777958455.6374948,0.0,3.85,0.49,1.89
1777958457.323165,0.0,3.85,0.49,1.89
1777958458.999632,0.0,3.85,0.49,1.89
1777958460.6720104,0.0,3.85,0.49,1.89
1777958462.3539274,0.0,3.85,0.49,1.89
1777958464.0352256,0.0,3.85,0.49,1.89
1777958465.7177558,0.0,3.85,0.49,1.89
1777958467.4187777,0.0,3.85,0.49,1.89
1777958469.0939503,0.0,3.85,0.49,1.89
1777958470.770723,0.0,3.85,0.49,1.89
1777958472.4442613,0.0,3.85,0.49,1.89
1777958474.1170077,0.0,3.85,0.49,1.89
1777958475.7923963,0.0,3.85,0.49,1.89
1777958477.4630237,0.0,3.85,0.49,1.89
1777958479.1436994,0.0,3.85,0.49,1.89
1777958480.8318722,0.0,3.85,0.49,1.89
1777958482.5051832,0.0,3.85,0.49,1.89
1777958484.1892378,0.0,3.85,0.49,1.89
1777958485.8607004,0.0,3.85,0.49,1.89
1777958487.5382454,0.0,3.85,0.49,1.89
1777958489.2086275,0.0,3.85,0.49,1.89
1777958490.8854063,0.0,3.85,0.49,1.89
1777958492.5758476,0.0,3.85,0.49,1.89
1777958494.2531977,0.0,3.85,0.49,1.89
1777958495.9351773,0.0,3.85,0.49,1.89
1777958497.615398,0.0,3.85,0.49,1.89
1777958499.2945385,0.0,3.85,0.49,1.89
1777958500.9827456,0.0,3.85,0.49,1.89
1777958502.6553802,0.0,3.85,0.49,1.89
1777958504.3464072,0.0,3.85,0.49,1.89
1777958506.0241737,0.0,3.85,0.49,1.89
1777958507.703804,0.0,3.85,0.49,1.89
1777958509.375917,0.0,3.85,0.49,1.89
1777958511.0583348,0.0,3.85,0.49,1.89
1777958512.735262,0.0,3.85,0.49,1.89
1777958514.4143834,0.0,3.85,0.49,1.89
1777958516.10193,0.0,3.85,0.49,1.89
1777958517.7810843,0.0,3.85,0.49,1.89
1777958519.4589367,0.0,3.85,0.49,1.89
1777958521.1357832,0.0,3.85,0.49,1.89
1777958522.820575,0.0,3.85,0.49,1.89
1777958524.5034463,0.0,3.85,0.49,1.89
1777958526.1761327,0.0,3.85,0.49,1.89
1777958527.8559132,0.0,3.85,0.49,1.89
1777958529.5340874,0.0,3.85,0.49,1.89
1777958531.205663,0.0,3.85,0.49,1.89
1777958532.8867235,0.0,3.85,0.49,1.89
1777958534.5731323,0.0,3.85,0.49,1.89
1777958536.2573955,0.0,3.85,0.49,1.89
1777958537.943759,0.0,3.85,0.49,1.89
1777958539.6136873,0.0,3.85,0.49,1.89
1777958541.2891145,0.0,3.85,0.49,1.89
1777958542.9687448,0.0,3.85,0.49,1.89
1777958544.6462092,0.0,3.85,0.49,1.89
1777958546.3199093,0.0,3.85,0.49,1.89
1777958548.0007339,0.0,3.85,0.49,1.89
1777958549.6804307,0.0,3.85,0.49,1.89
1777958551.361291,0.0,3.85,0.49,1.89
1777958553.0392594,0.0,3.85,0.49,1.89
1777958554.7190588,0.0,3.85,0.49,1.89
1777958556.4020588,0.0,3.85,0.49,1.89
1777958558.0789502,0.0,3.85,0.49,1.89
1777958559.7518938,0.0,3.85,0.49,1.89
1777958561.4249327,0.0,3.85,0.49,1.89
1777958563.1097088,0.0,3.85,0.49,1.89
1777958564.786605,0.0,3.85,0.49,1.89
1777958566.4717324,0.0,3.85,0.49,1.89
1777958568.1446683,0.0,3.85,0.49,1.89
1777958569.8220844,0.0,3.85,0.49,1.89
1777958571.5021682,0.0,3.85,0.49,1.89
1777958573.1844654,0.0,3.85,0.49,1.89
1777958574.8620472,0.0,3.85,0.49,1.89
1777958576.5459561,0.0,3.85,0.49,1.89
1777958578.2247775,0.0,3.85,0.49,1.89
1777958579.9021475,0.0,3.85,0.49,1.89
1777958581.5906773,0.0,3.85,0.49,1.89
1777958583.2725024,0.0,3.85,0.49,1.89
1777958584.9609075,0.0,3.85,0.49,1.89
1777958586.6336982,0.0,3.85,0.49,1.89
1777958588.3149078,0.0,3.85,0.49,1.89
1777958589.989633,0.0,3.85,0.49,1.89
1777958591.6638885,0.0,3.85,0.49,1.89
1777958593.341474,0.0,3.85,0.49,1.89
1777958595.0286348,0.0,3.85,0.49,1.89
1777958596.701367,0.0,3.85,0.49,1.89
1777958598.3822682,0.0,3.85,0.49,1.89
1777958600.0615203,0.0,3.85,0.49,1.89
1777958601.7369735,0.0,3.85,0.49,1.89
1777958603.4088547,0.0,3.85,0.49,1.89
1777958605.0853925,0.0,3.85,0.49,1.89
1777958606.7617762,0.0,3.85,0.49,1.89
1777958608.436232,0.0,3.85,0.49,1.89
1777958610.1119103,0.0,3.85,0.49,1.89
1777958611.7925227,0.0,3.85,0.49,1.89
1777958613.462888,0.0,3.85,0.49,1.89
1777958615.1336558,0.0,3.85,0.49,1.89
1777958616.8061292,0.0,3.85,0.49,1.89
1777958618.499977,0.0,3.85,0.49,1.89
1777958620.1878564,0.0,3.85,0.49,1.89
1777958621.8668435,0.0,3.85,0.49,1.89
1777958623.5366116,0.0,3.85,0.49,1.89
1777958625.2092597,0.0,3.85,0.49,1.89
1777958626.8816338,0.0,3.85,0.49,1.89
1777958628.5542674,0.0,3.85,0.49,1.89
1777958630.2361321,0.0,3.85,0.49,1.89
1777958631.9151278,0.0,3.85,0.49,1.89
1777958633.60395,0.0,3.85,0.49,1.89
1777958635.2827191,0.0,3.85,0.49,1.89
1777958636.9678874,0.0,3.85,0.49,1.89
1777958638.650938,0.0,3.85,0.49,1.89
1777958640.328512,0.0,3.85,0.49,1.89
1777958642.0125656,0.0,3.85,0.49,1.89
1777958643.693994,0.0,3.85,0.49,1.89
1777958645.3656688,0.0,3.85,0.49,1.89
1777958647.0520606,0.0,3.85,0.49,1.89
1777958648.7238839,0.0,3.85,0.49,1.89
1777958650.406079,0.0,3.85,0.49,1.89
1777958652.082947,0.0,3.85,0.49,1.89
1777958653.760575,0.0,3.85,0.49,1.89
1777958655.4304726,0.0,3.85,0.49,1.89
1777958657.110956,0.0,3.85,0.49,1.89
1777958658.7928367,0.0,3.85,0.49,1.89
1777958660.4679892,0.0,3.85,0.49,1.89
1777958662.1418636,0.0,3.85,0.49,1.89
1777958663.813459,0.0,3.85,0.49,1.89
1777958665.4887507,0.0,3.85,0.49,1.89
1777958667.1689973,0.0,3.85,0.49,1.89
1777958668.8321598,0.0,3.85,0.49,1.89
1777958670.5032134,0.0,3.85,0.49,1.89
1777958672.174672,0.0,3.85,0.49,1.89
1777958673.8449078,0.0,3.85,0.49,1.89
1777958675.526243,0.0,3.85,0.49,1.89
1777958677.1982002,0.0,3.85,0.49,1.89
1777958678.8741453,0.0,3.85,0.49,1.89
1777958680.5436227,0.0,3.85,0.49,1.89
1777958682.2316022,0.0,3.85,0.49,1.89
1777958683.9077663,0.0,3.85,0.49,1.89
1777958685.5888124,0.0,3.85,0.49,1.89
1777958687.2642367,0.0,3.85,0.49,1.89
1777958688.937222,0.0,3.85,0.49,1.89
1777958690.613863,0.0,3.85,0.49,1.89
1777958692.3028877,0.0,3.85,0.49,1.89
1777958693.9783533,0.0,3.85,0.49,1.89
1777958695.6556363,0.0,3.85,0.49,1.89
1777958697.3360925,0.0,3.85,0.49,1.89
1777958699.0241332,0.0,3.85,0.49,1.89
1777958700.7124848,0.0,3.85,0.49,1.89
1777958702.3894265,0.0,3.85,0.49,1.89
1777958704.063898,0.0,3.85,0.49,1.89
1777958705.738473,0.0,3.85,0.49,1.89
1777958707.4110708,0.0,3.85,0.49,1.89
1777958709.0974739,0.0,3.85,0.49,1.89
1777958710.7662332,0.0,3.85,0.49,1.89
1777958712.4723809,0.0,3.85,0.49,1.89
1777958714.1751196,0.0,3.85,0.49,1.89
1777958715.9074292,0.0,3.85,0.49,1.89
1777958717.6230254,0.0,3.85,0.49,1.89
1777958719.3375995,0.0,3.85,0.49,1.89
1777958721.1323395,0.0,3.85,0.49,1.89
1777958722.9023147,0.0,3.85,0.49,1.89
1777958724.5957792,0.0,3.85,0.49,1.89
1777958726.3024163,0.0,3.85,0.49,1.89
1777958728.1005783,0.0,3.85,0.49,1.89
1777958729.8166907,0.0,3.85,0.49,1.89
1777958731.5213084,0.0,3.85,0.49,1.89
1777958733.2347188,0.0,3.85,0.49,1.89
1777958734.936266,0.0,3.85,0.49,1.89
1777958736.6363888,0.0,3.85,0.49,1.89
1777958738.43976,0.0,3.85,0.49,1.89
1777958740.1201675,0.0,3.85,0.49,1.89
1777958741.8877518,0.0,3.85,0.49,1.89
1777958743.849239,0.0,3.85,0.49,1.89
1777958745.7012682,0.0,3.85,0.49,1.89
1777958747.4783776,0.0,3.85,0.49,1.89
1777958749.1563845,0.0,3.85,0.49,1.89
1777958750.8291948,0.0,3.85,0.49,1.89
1777958752.5130293,0.0,3.85,0.49,1.89
1777958754.196971,0.0,3.85,0.49,1.89
1777958755.8741221,0.0,3.85,0.49,1.89
1777958757.5422971,0.0,3.85,0.49,1.89
1777958759.234041,0.0,3.85,0.49,1.89
1777958760.9083993,0.0,3.85,0.49,1.89
1777958762.583061,0.0,3.85,0.49,1.89
1777958764.2516816,0.0,3.85,0.49,1.89
1777958765.924331,0.0,3.85,0.49,1.89
1777958767.5987136,0.0,3.85,0.49,1.89
1777958769.2976427,0.0,3.85,0.49,1.89
1777958770.9664266,0.0,3.85,0.49,1.89
1777958772.8323624,0.0,3.85,0.49,1.89
1777958774.5562747,0.0,3.85,0.49,1.89
1777958776.2592652,0.0,3.85,0.49,1.89
1777958777.9324584,0.0,3.85,0.49,1.89
1777958779.6042778,0.0,3.85,0.49,1.89
1777958781.2775118,0.0,3.85,0.49,1.89
1777958782.9572282,0.0,3.85,0.49,1.89
1777958784.6306176,0.0,3.85,0.49,1.89
1777958786.3150766,0.0,3.85,0.49,1.89
1777958787.9927294,0.0,3.85,0.49,1.89
1777958789.6732059,0.0,3.85,0.49,1.89
1777958791.347438,0.0,3.85,0.49,1.89
1777958793.0230238,0.0,3.85,0.49,1.89
1777958794.69399,0.0,3.85,0.49,1.89
1777958796.3647163,0.0,3.85,0.49,1.89
1777958798.0397422,0.0,3.85,0.49,1.89
1777958799.7250478,0.0,3.85,0.49,1.89
1777958801.396348,0.0,3.85,0.49,1.89
1777958803.0767722,0.0,3.85,0.49,1.89
1777958804.7473369,0.0,3.85,0.49,1.89
1777958806.4194021,0.0,3.85,0.49,1.89
1777958808.0934906,0.0,3.85,0.49,1.89
1777958809.768956,0.0,3.85,0.49,1.89
1777958811.4431863,0.0,3.85,0.49,1.89
1777958813.1128476,0.0,3.85,0.49,1.89
1777958814.7861934,0.0,3.85,0.49,1.89
1777958816.4571743,0.0,3.85,0.49,1.89
1777958818.1323526,0.0,3.85,0.49,1.89
1777958819.8024542,0.0,3.85,0.49,1.89
1777958821.4713397,0.0,3.85,0.49,1.89
1777958823.142158,0.0,3.85,0.49,1.89
1777958824.8154883,0.0,3.85,0.49,1.89
1777958826.4832385,0.0,3.85,0.49,1.89
1777958828.1576767,0.0,3.85,0.49,1.89
1777958829.8282635,0.0,3.85,0.49,1.89
1777958831.51197,0.0,3.85,0.49,1.89
1777958833.2008984,0.0,3.85,0.49,1.89
1777958834.8708444,0.0,3.85,0.49,1.89
1777958836.556624,0.0,3.85,0.49,1.89
1777958838.233113,0.0,3.85,0.49,1.89
1777958839.9085112,0.0,3.85,0.49,1.89
1777958841.5821023,0.0,3.85,0.49,1.89
1777958843.2636087,0.0,3.85,0.49,1.89
1777958844.941458,0.0,3.85,0.49,1.89
1777958846.6223915,0.0,3.85,0.49,1.89
1777958848.3080964,0.0,3.85,0.49,1.89
1777958849.9787934,0.0,3.85,0.49,1.89
1777958851.6624763,0.0,3.85,0.49,1.89
1777958853.3381371,0.0,3.85,0.49,1.89
1777958855.033761,0.0,3.85,0.49,1.89
1777958856.7084053,0.0,3.85,0.49,1.89
1777958858.4127069,0.0,3.85,0.49,1.89
1777958860.0870786,0.0,3.85,0.49,1.89
1777958861.7866802,0.0,3.85,0.49,1.89
1777958863.4597337,0.0,3.85,0.49,1.89
1777958865.1373773,0.0,3.85,0.49,1.89
1777958866.8043952,0.0,3.85,0.49,1.89
1777958868.474086,0.0,3.85,0.49,1.89
1777958870.151232,0.0,3.85,0.49,1.89
1777958871.8251405,0.0,3.85,0.49,1.89
1777958873.5030484,0.0,3.85,0.49,1.89
1777958875.1696074,0.0,3.85,0.49,1.89
1777958876.8444977,0.0,3.85,0.49,1.89
1777958878.5234387,0.0,3.85,0.49,1.89
1777958880.2057536,0.0,3.85,0.49,1.89
1777958881.8833468,0.0,3.85,0.49,1.89
1777958883.5700126,0.0,3.85,0.49,1.89
1777958885.2648911,0.0,3.85,0.49,1.89
1777958886.9427853,0.0,3.85,0.49,1.89
1777958888.6231172,0.0,3.85,0.49,1.89
1777958890.2889595,0.0,3.85,0.49,1.89
1777958891.9573224,0.0,3.85,0.49,1.89
1777958893.6259737,0.0,3.85,0.49,1.89
1777958895.294047,0.0,3.85,0.49,1.89
1777958896.9671605,0.0,3.85,0.49,1.89
1777958898.631999,0.0,3.85,0.49,1.89
1777958900.298618,0.0,3.85,0.49,1.89
1777958901.9864588,0.0,3.85,0.49,1.89
1777958903.658598,0.0,3.85,0.49,1.89
1777958905.3267674,0.0,3.85,0.49,1.89
1777958906.9945905,0.0,3.85,0.49,1.89
1777958908.6794505,0.0,3.85,0.49,1.89
1777958910.3633163,0.0,3.85,0.49,1.89
1777958912.0564666,0.0,3.85,0.49,1.89
1777958913.747346,0.0,3.85,0.49,1.89
1777958915.4259915,0.0,3.85,0.49,1.89
1777958917.0953665,0.0,3.85,0.49,1.89
1777958918.7832344,0.0,3.85,0.49,1.89
1777958920.480089,0.0,3.85,0.49,1.89
1777958922.1809065,0.0,3.85,0.49,1.89
1777958923.8610444,0.0,3.85,0.49,1.89
1777958925.5648305,0.0,3.85,0.49,1.89
1777958927.3021462,0.0,3.85,0.49,1.89
1777958929.021995,0.0,3.85,0.49,1.89
1777958930.7405546,0.0,3.85,0.49,1.89
1777958932.4230282,0.0,3.85,0.49,1.89
1777958934.096123,0.0,3.85,0.49,1.89
1777958935.7684786,0.0,3.85,0.49,1.89
1777958937.4608934,0.0,3.85,0.49,1.89
1777958939.1511326,0.0,3.85,0.49,1.89
1777958940.8590808,0.0,3.85,0.49,1.89
1777958942.5740385,0.0,3.85,0.49,1.89
1777958944.2473435,0.0,3.85,0.49,1.89
1777958945.9326868,0.0,3.85,0.49,1.89
1777958947.6255286,0.0,3.85,0.49,1.89
1777958949.2965963,0.0,3.85,0.49,1.89
1777958950.964787,0.0,3.85,0.49,1.89
1777958952.6321635,0.0,3.85,0.49,1.89
1777958954.305791,0.0,3.85,0.49,1.89
1777958956.0194864,0.0,3.85,0.49,1.89
1777958957.6909652,0.0,3.85,0.49,1.89
1777958959.380214,0.0,3.85,0.49,1.89
1777958961.06067,0.0,3.85,0.49,1.89
1777958962.7457013,0.0,3.85,0.49,1.89
1777958964.4126642,0.0,3.85,0.49,1.89
1777958966.0933018,0.0,3.85,0.49,1.89
1777958967.779547,0.0,3.85,0.49,1.89
1777958969.4475944,0.0,3.85,0.49,1.89
1777958971.1215105,0.0,3.85,0.49,1.89
1777958972.81217,0.0,3.85,0.49,1.89
1777958974.4911106,0.0,3.85,0.49,1.89
1777958976.1705413,0.0,3.85,0.49,1.89
1777958977.8670027,0.0,3.85,0.49,1.89
1777958979.5540779,0.0,3.85,0.49,1.89
1777958981.30464,0.0,3.85,0.49,1.89
1777958982.9908261,0.0,3.85,0.49,1.89
1777958984.6601157,0.0,3.85,0.49,1.89
1777958986.3427658,0.0,3.85,0.49,1.89
1777958988.018265,0.0,3.85,0.49,1.89
1777958989.767836,0.0,3.85,0.49,1.89
1777958991.5356297,0.0,3.85,0.49,1.89
1777958993.2836263,0.0,3.85,0.49,1.89
1777958994.9546509,0.0,3.85,0.49,1.89
1777958996.7056835,0.0,3.85,0.49,1.89
1777958998.4182644,0.0,3.85,0.49,1.89
1777959000.1767876,0.0,3.85,0.49,1.89
1777959001.8989031,0.0,3.85,0.49,1.89
1777959003.5854745,0.0,3.85,0.49,1.89
1777959005.2624621,0.0,3.85,0.49,1.89
1777959006.9479825,0.0,3.85,0.49,1.89
1777959008.62507,0.0,3.85,0.49,1.89
1777959010.3003478,0.0,3.85,0.49,1.89
1777959011.970219,0.0,3.85,0.49,1.89
1777959013.6493134,0.0,3.85,0.49,1.89
1777959015.3941622,0.0,3.85,0.49,1.89
1777959017.0662766,0.0,3.85,0.49,1.89
1777959018.745642,0.0,3.85,0.49,1.89
1777959020.4257593,0.0,3.85,0.49,1.89
1777959022.1468756,0.0,3.85,0.49,1.89
1777959023.828657,0.0,3.85,0.49,1.89
1777959025.5108128,0.0,3.85,0.49,1.89
1777959027.18818,0.0,3.85,0.49,1.89
1777959028.9077787,0.0,3.85,0.49,1.89
1777959030.5887592,0.0,3.85,0.49,1.89
1777959032.269233,0.0,3.85,0.49,1.89
1777959033.9487212,0.0,3.85,0.49,1.89
1777959035.6202893,0.0,3.85,0.49,1.89
1777959037.3111088,0.0,3.85,0.49,1.89
1777959039.000403,0.0,3.85,0.49,1.89
1777959040.6796057,0.0,3.85,0.49,1.89
1777959042.3891504,0.0,3.85,0.49,1.89
1777959044.0773246,0.0,3.85,0.49,1.89
1777959045.752369,0.0,3.85,0.49,1.89
1777959047.4289415,0.0,3.85,0.49,1.89
1777959049.1344125,0.0,3.85,0.49,1.89
1777959050.7979581,0.0,3.85,0.49,1.89
1777959052.4729955,0.0,3.85,0.49,1.89
1777959054.1497471,0.0,3.85,0.49,1.89
1777959055.8550963,0.0,3.85,0.49,1.89
1777959057.5421984,0.0,3.85,0.49,1.89
1777959059.2340736,0.0,3.85,0.49,1.89
1777959060.917702,0.0,3.85,0.49,1.89
1777959062.6058643,0.0,3.85,0.49,1.89
1777959064.2765496,0.0,3.85,0.49,1.89
1777959065.9686623,0.0,3.85,0.49,1.89
1777959067.647948,0.0,3.85,0.49,1.89
1777959069.345112,0.0,3.85,0.49,1.89
1777959071.021144,0.0,3.85,0.49,1.89
1777959072.6998317,0.0,3.85,0.49,1.89
1777959074.376449,0.0,3.85,0.49,1.89
1777959076.1477685,0.0,3.85,0.49,1.89
1777959077.875316,0.0,3.85,0.49,1.89
1777959079.5602095,0.0,3.85,0.49,1.89
1777959081.2249947,0.0,3.85,0.49,1.89
1777959082.9134533,0.0,3.85,0.49,1.89
1777959084.5974905,0.0,3.85,0.49,1.89
1777959086.2779865,0.0,3.85,0.49,1.89
1777959087.971538,0.0,3.85,0.49,1.89
1777959089.6389039,0.0,3.85,0.49,1.89
1777959091.3196864,0.0,3.85,0.49,1.89
1777959093.0020523,0.0,3.85,0.49,1.89
1777959094.6823184,0.0,3.85,0.49,1.89
1777959096.3594332,0.0,3.85,0.49,1.89
1777959098.0290432,0.0,3.85,0.49,1.89
1777959099.7140455,0.0,3.85,0.49,1.89
1777959101.3852563,0.0,3.85,0.49,1.89
1777959103.0578327,0.0,3.85,0.49,1.89
1777959104.7309172,0.0,3.85,0.49,1.89
1777959106.4083276,0.0,3.85,0.49,1.89
1777959108.0896738,0.0,3.85,0.49,1.89
1777959109.8376038,0.0,3.85,0.49,1.89
1777959111.5155797,0.0,3.85,0.49,1.89
1777959113.1967237,0.0,3.85,0.49,1.89
1777959114.8763647,0.0,3.85,0.49,1.89
1777959116.5521605,0.0,3.85,0.49,1.89
1777959118.228717,0.0,3.85,0.49,1.89
1777959119.9030378,0.0,3.85,0.49,1.89
1777959121.5827909,0.0,3.85,0.49,1.89
1777959123.2497525,0.0,3.85,0.49,1.89
1777959124.9499145,0.0,3.85,0.49,1.89
1777959126.6144686,0.0,3.85,0.49,1.89
1777959128.29377,0.0,3.85,0.49,1.89
1777959129.9892938,0.0,3.85,0.49,1.89
1777959131.6646876,0.0,3.85,0.49,1.89
1777959133.3289719,0.0,3.85,0.49,1.89
1777959135.010211,0.0,3.85,0.49,1.89
1777959136.6828284,0.0,3.85,0.49,1.89
1777959138.3632376,0.0,3.85,0.49,1.89
1777959140.087503,0.0,3.85,0.49,1.89
1777959141.803675,0.0,3.85,0.49,1.89
1777959143.4766078,0.0,3.85,0.49,1.89
1777959145.1483958,0.0,3.85,0.49,1.89
1777959146.8473094,0.0,3.85,0.49,1.89
1777959148.5233936,0.0,3.85,0.49,1.89
1777959150.2112489,0.0,3.85,0.49,1.89
1777959151.9178,0.0,3.85,0.49,1.89
1777959153.5840995,0.0,3.85,0.49,1.89
1777959155.25533,0.0,3.85,0.49,1.89
1777959156.9351785,0.0,3.85,0.49,1.89
1777959158.6221962,0.0,3.85,0.49,1.89
1777959160.2962434,0.0,3.85,0.49,1.89
1777959161.9940257,0.0,3.85,0.49,1.89
1777959163.6740055,0.0,3.85,0.49,1.89
1777959165.3671527,0.0,3.85,0.49,1.89
1777959167.037029,0.0,3.85,0.49,1.89
1777959168.7209585,0.0,3.85,0.49,1.89
1777959170.39803,0.0,3.85,0.49,1.89
1777959172.083004,0.0,3.85,0.49,1.89
1777959173.7702043,0.0,3.85,0.49,1.89
1777959175.4397676,0.0,3.85,0.49,1.89
1777959177.172182,0.0,3.85,0.49,1.89
1777959178.8541129,0.0,3.85,0.49,1.89
1777959180.5336199,0.0,3.85,0.49,1.89
1777959182.2038739,0.0,3.85,0.49,1.89
1777959183.884096,0.0,3.85,0.49,1.89
1777959185.5675116,0.0,3.85,0.49,1.89
1777959187.2440972,0.0,3.85,0.49,1.89
1777959188.9177425,0.0,3.85,0.49,1.89
1777959190.587597,0.0,3.85,0.49,1.89
1777959192.265278,0.0,3.85,0.49,1.89
1777959193.9325278,0.0,3.85,0.49,1.89
1777959195.605347,0.0,3.85,0.49,1.89
1777959197.2769885,0.0,3.85,0.49,1.89
1777959198.9498434,0.0,3.85,0.49,1.89
1777959200.6312432,0.0,3.85,0.49,1.89
1777959202.3026962,0.0,3.85,0.49,1.89
1777959203.990023,0.0,3.85,0.49,1.89
1777959205.6930146,0.0,3.85,0.49,1.89
1777959207.3687677,0.0,3.85,0.49,1.89
1777959209.0360692,0.0,3.85,0.49,1.89
1777959210.7122364,0.0,3.85,0.49,1.89
1777959212.3993285,0.0,3.85,0.49,1.89
1777959214.0793815,0.0,3.85,0.49,1.89
1777959215.7462373,0.0,3.85,0.49,1.89
1777959217.4252906,0.0,3.85,0.49,1.89
1777959219.0986397,0.0,3.85,0.49,1.89
1777959220.7743235,0.0,3.85,0.49,1.89
1777959222.446757,0.0,3.85,0.49,1.89
1777959224.1138334,0.0,3.85,0.49,1.89
1777959225.8042352,0.0,3.85,0.49,1.89
1777959227.4784899,0.0,3.85,0.49,1.89
1777959229.1531584,0.0,3.85,0.49,1.89
1777959230.8523808,0.0,3.85,0.49,1.89
1777959232.5358045,0.0,3.85,0.49,1.89
1777959234.2062175,0.0,3.85,0.49,1.89
1777959235.884191,0.0,3.85,0.49,1.89
1777959237.5600512,0.0,3.85,0.49,1.89
1777959239.2306473,0.0,3.85,0.49,1.89
1777959240.9119425,0.0,3.85,0.49,1.89
1777959242.599781,0.0,3.85,0.49,1.89
1777959244.3035002,0.0,3.85,0.49,1.89
1777959245.9790246,0.0,3.85,0.49,1.89
1777959247.6480207,0.0,3.85,0.49,1.89
1777959249.3177185,0.0,3.85,0.49,1.89
1777959250.995964,0.0,3.85,0.49,1.89
1777959252.667922,0.0,3.85,0.49,1.89
1777959254.4055953,0.0,3.85,0.49,1.89
1777959256.078877,0.0,3.85,0.49,1.89
1777959257.753077,0.0,3.85,0.49,1.89
1777959259.4336295,0.0,3.85,0.49,1.89
1777959261.104512,0.0,3.85,0.49,1.89
1777959262.7783635,0.0,3.85,0.49,1.89
1777959264.4533868,0.0,3.85,0.49,1.89
1777959266.125302,0.0,3.85,0.49,1.89
1777959267.790242,0.0,3.85,0.49,1.89
1777959269.4770107,0.0,3.85,0.49,1.89
1777959271.1472087,0.0,3.85,0.49,1.89
1777959272.824178,0.0,3.85,0.49,1.89
1777959274.5006015,0.0,3.85,0.49,1.89
1777959276.18527,0.0,3.85,0.49,1.89
1777959277.8499894,0.0,3.85,0.49,1.89
1777959279.527399,0.0,3.85,0.49,1.89
1777959281.194501,0.0,3.85,0.49,1.89
1777959282.8668964,0.0,3.85,0.49,1.89
1777959284.5362093,0.0,3.85,0.49,1.89
1777959286.2142143,0.0,3.85,0.49,1.89
1777959287.8987727,0.0,3.85,0.49,1.89
1777959289.5768878,0.0,3.85,0.49,1.89
1777959291.2420738,0.0,3.85,0.49,1.89
1777959292.9202294,0.0,3.85,0.49,1.89
1777959294.5951602,0.0,3.85,0.49,1.89
1777959296.2487738,0.0,3.85,0.49,1.89
1777959297.9304545,0.0,3.85,0.49,1.89
1777959299.5934289,0.0,3.85,0.49,1.89
1777959301.287609,0.0,3.85,0.49,1.89
1777959302.959863,0.0,3.85,0.49,1.89
1777959304.6472847,0.0,3.85,0.49,1.89
1777959306.3390326,0.0,3.85,0.49,1.89
1777959308.040725,0.0,3.85,0.49,1.89
1777959309.6938238,0.0,3.85,0.49,1.89
1777959311.348547,0.0,3.85,0.49,1.89
1777959313.0072403,0.0,3.85,0.49,1.89
1777959314.6760795,0.0,3.85,0.49,1.89
1777959316.3651009,0.0,3.85,0.49,1.89
1777959318.0821297,0.0,3.85,0.49,1.89
1777959319.7497413,0.0,3.85,0.49,1.89
1777959321.4235523,0.0,3.85,0.49,1.89
1777959323.12356,0.0,3.85,0.49,1.89
1777959324.7928064,0.0,3.85,0.49,1.89
1777959326.4619696,0.0,3.85,0.49,1.89
1777959328.1487322,0.0,3.85,0.49,1.89
1777959329.8665965,0.0,3.85,0.49,1.89
1777959331.5951924,0.0,3.85,0.49,1.89
1777959333.2899897,0.0,3.85,0.49,1.89
1777959334.9875314,0.0,3.85,0.49,1.89
1777959336.7394373,0.0,3.85,0.49,1.89
1777963041.7695508,0,0,0,0
1777963043.9978762,0,0,0,0
1777963044.5160475,35.6,0.23,0.0,0.0
1777963045.0617638,35.6,0.44,0.0,0.0
1777963045.6061928,35.6,0.64,0.0,0.0
1777963046.1527643,35.6,0.82,0.0,0.0
1777963046.696749,35.6,0.99,0.0,0.0
1777963047.2432828,35.6,1.14,0.0,0.0
1777963047.7889652,35.6,1.28,0.0,0.0
1777963048.334801,35.6,1.41,0.0,0.0
1777963048.8829834,35.6,1.53,0.0,0.0
1777963049.4283583,35.6,1.64,0.0,0.0
1777963049.9830666,35.6,1.74,0.0,0.0
1777963050.5470994,35.6,1.83,0.0,0.0
1777963051.132978,35.6,1.91,0.0,0.0
1777963051.6989324,35.6,1.99,0.0,0.0
1777963052.2627518,35.6,2.06,0.0,0.0
1777963052.8241277,35.6,2.13,0.0,0.0
1777963053.4141486,35.6,2.19,0.0,0.0
1777963053.979222,35.6,2.24,0.0,0.0
1777963054.558236,35.6,2.29,0.0,0.0
1777963055.1478174,35.6,2.34,0.0,0.0
1777963055.7357183,35.6,2.38,0.0,0.0
1777963056.342516,35.6,2.42,0.0,0.0
1777963056.9683008,35.6,2.46,0.0,0.0
1777963057.6979249,35.6,2.49,0.0,0.0
1777963058.6216936,35.6,2.52,0.0,0.0
1777963059.2487361,35.6,2.55,0.0,0.0
1777963059.836578,35.6,2.58,0.0,0.0
1777963060.4517934,35.6,2.6,0.0,0.0
1777963061.0438733,35.6,2.63,0.0,0.0
1777963061.8515148,35.6,2.65,0.0,0.0
1777963062.7233014,35.6,2.67,0.0,0.0
1777963063.8973446,35.6,2.69,0.0,0.0
1777963064.740662,35.6,2.7,0.0,0.0
1777963065.5173132,35.6,2.72,0.0,0.0
1777963066.282207,35.6,2.73,0.0,0.0
1777963067.0048964,35.6,2.74,0.0,0.0
1777963067.7456422,35.6,2.75,0.0,0.0
1777963068.4931846,35.6,2.77,0.0,0.0
1777963069.2290165,35.6,2.78,0.0,0.0
1777963069.9299197,35.6,2.78,0.0,0.0
1777963070.6871283,35.6,2.79,0.0,0.0
1777963071.4300714,35.6,2.8,0.0,0.0
1777963072.1622965,35.6,2.81,0.0,0.0
1777963072.8311255,35.6,2.81,0.0,0.0
1777963073.5056095,35.6,2.82,0.0,0.0
1777963074.1747584,35.6,2.82,0.0,0.0
1777963074.8481035,35.6,2.83,0.0,0.0
1777963075.520914,35.6,2.83,0.0,0.0
1777963076.1909826,35.6,2.84,0.0,0.0
1777963076.8609664,35.6,2.84,0.0,0.0
1777963077.5286822,35.6,2.85,0.0,0.0
1777963078.1986506,35.6,2.85,0.0,0.0
1777963078.866862,35.6,2.86,0.0,0.0
1777963079.5336423,35.6,2.86,0.0,0.0
1777963080.2060685,35.6,2.86,0.0,0.0
1777963080.8730273,35.6,2.86,0.0,0.0
1777963081.5582886,35.6,2.87,0.0,0.0
1777963082.2359319,35.6,2.87,0.0,0.0
1777963082.906514,35.6,2.87,0.0,0.0
1777963083.5720432,35.6,2.87,0.0,0.0
1777963084.242411,35.6,2.87,0.0,0.0
1777963084.910841,35.6,2.87,0.0,0.0
1777963085.592741,35.6,2.88,0.0,0.0
1777963086.2843022,35.6,2.88,0.0,0.0
1777963086.959522,35.6,2.88,0.0,0.0
1777963087.6448054,35.6,2.88,0.0,0.0
1777963088.3356278,35.6,2.88,0.0,0.0
1777963089.0391476,35.6,2.88,0.0,0.0
1777963089.7131934,35.6,2.88,0.0,0.0
1777963090.4007645,35.6,2.89,0.0,0.0
1777963091.0716412,35.6,2.89,0.0,0.0
1777963091.7408953,35.6,2.89,0.0,0.0
1777963092.4180753,35.6,2.89,0.0,0.0
1777963093.180812,35.6,2.89,0.0,0.0
1777963093.9211447,35.6,2.89,0.0,0.0
1777963094.5935879,35.6,2.91,0.0,0.0
1777963095.2660685,35.6,2.98,0.12,0.89
1777963095.937787,35.6,3.05,0.2,0.91
1777963096.6093013,35.6,3.11,0.27,0.93
1777963097.3203764,35.6,3.16,0.32,0.95
1777963098.0187716,35.6,3.21,0.35,0.96
1777963098.6887395,35.6,3.26,0.38,0.98
1777963099.3579204,35.6,3.3,0.4,0.99
1777963100.031761,35.6,3.34,0.42,1.0
1777963100.7130759,35.6,3.38,0.43,1.01
1777963101.3857934,35.6,3.41,0.43,1.02
1777963102.0712357,35.6,3.44,0.44,1.03
1777963102.7450435,35.6,3.47,0.45,1.04
1777963103.414567,35.6,3.49,0.45,1.05
1777963104.0843985,35.6,3.52,0.45,1.06
1777963104.7576528,35.6,3.54,0.45,1.06
1777963105.4287198,35.6,3.46,0.37,1.04
1777963106.1074722,35.6,3.39,0.28,1.02
1777963106.7818081,35.6,3.33,0.21,1.0
1777963107.4533775,35.6,3.27,0.19,0.98
1777963108.1216028,35.6,3.21,0.17,0.96
1777963108.7907083,35.6,3.16,0.16,0.95
1777963109.4574366,35.6,3.11,0.15,0.93
1777963110.1276677,35.6,3.07,0.14,0.92
1777963110.7990172,35.6,3.03,0.13,0.91
1777963111.4719906,35.6,2.99,0.1,0.0
1777963112.145707,35.6,2.96,0.11,0.89
1777963112.8158355,35.6,2.94,0.08,0.0
1777963113.4859922,35.6,2.92,0.09,0.0
1777963114.1552768,35.6,2.91,0.07,0.0
1777963114.8219109,35.6,2.9,0.05,0.0
1777963115.4936628,35.6,2.9,0.04,0.0
1777963116.165049,35.6,2.9,0.03,0.0
1777963116.8454049,35.6,2.91,0.02,0.0
1777963117.5139358,35.6,2.91,0.02,0.0
1777963118.2042909,35.6,2.91,0.01,0.0
1777963118.883488,35.6,2.91,0.01,0.0
1777963119.555666,35.8,2.92,0.01,0.0
1777963120.2253501,35.8,2.92,0.0,0.0
1777963120.8969872,35.8,2.92,0.0,0.0
1777963121.5670943,35.8,2.92,0.0,0.0
1777963122.2351885,35.9,2.93,0.0,0.0
1777963122.9061985,35.9,2.93,0.0,0.0
1777963123.6271994,35.9,2.93,0.0,0.0
1777963124.2957027,35.9,2.93,0.0,0.0
1777963124.9649243,36.3,2.93,0.0,0.0
1777963125.6323216,36.3,2.94,0.0,0.0
1777963126.3016415,36.3,2.94,0.0,0.0
1777963126.9724815,36.3,2.94,0.0,0.0
1777963127.642297,36.3,2.94,0.0,0.0
1777963128.3113008,36.3,2.94,0.0,0.0
1777963128.9826148,36.3,2.94,0.0,0.0
1777963129.6503835,36.3,2.94,0.0,0.0
1777963130.3210938,36.3,2.94,0.0,0.0
1777963130.9940429,36.3,2.95,0.0,0.0
1777963131.6634138,36.3,2.95,0.0,0.0
1777963132.333871,36.3,2.95,0.0,0.0
1777963133.0255854,36.3,2.95,0.0,0.0
1777963133.695246,36.3,2.95,0.0,0.0
1777963134.366459,36.3,2.96,0.0,0.0
1777963135.032751,36.3,2.96,0.0,0.0
1777963135.7021725,36.3,2.96,0.0,0.0
1777963136.3774076,36.3,2.96,0.0,0.0
1777963137.0480494,36.3,2.96,0.0,0.0
1777963137.720307,36.3,2.96,0.0,0.0
1777963138.3888845,36.3,2.96,0.0,0.0
1777963139.0592065,36.3,2.97,0.0,0.0
1777963139.729347,36.3,2.97,0.0,0.0
1777963140.4019535,36.3,2.97,0.0,0.0
1777963141.0743012,36.3,2.97,0.0,0.0
1777963141.7448452,36.3,2.97,0.0,0.0
1777963142.4155154,36.3,2.97,0.0,0.0
1777963143.0853858,36.3,2.97,0.0,0.0
1777963143.758126,36.3,2.97,0.0,0.0
1777963144.4319801,36.3,2.97,0.0,0.0
1777963145.1010032,36.3,2.97,0.0,0.0
1777963145.7902625,36.3,2.97,0.0,0.0
1777963146.4637618,36.3,2.97,0.0,0.0
1777963147.134411,36.3,2.97,0.0,0.0
1777963147.8047156,36.3,2.97,0.0,0.0
1777963148.4745765,36.3,2.98,0.0,0.0
1777963149.142915,36.3,2.98,0.0,0.0
1777963149.8137765,36.3,2.98,0.0,0.0
1777963150.485108,36.3,2.98,0.0,0.0
1777963151.155451,36.3,2.98,0.0,0.0
1777963151.8337476,36.3,2.98,0.0,0.0
1777963152.5944128,36.3,2.98,0.0,0.0
1777963153.2665849,36.3,2.98,0.0,0.0
1777963153.9363334,36.3,2.98,0.0,0.0
1777963154.6048894,36.3,2.98,0.0,0.0
1777963155.292678,36.3,2.98,0.0,0.0
1777963155.973322,36.3,2.98,0.0,0.0
1777963156.646826,36.3,2.98,0.0,0.0
1777963157.3178525,36.3,2.98,0.0,0.0
1777963157.986915,36.3,2.98,0.0,0.0
1777963158.65521,36.3,2.98,0.0,0.0
1777963159.326798,36.3,2.98,0.0,0.0
1777963159.9944837,36.3,2.98,0.0,0.0
1777963160.6643884,36.3,2.98,0.0,0.0
1777963161.3382905,36.3,2.98,0.0,0.0
1777963162.0447404,36.3,2.98,0.0,0.0
1777963162.7403548,36.3,2.98,0.0,0.0
1777963163.463137,36.3,2.98,0.0,0.0
1777963164.140924,36.3,2.98,0.0,0.0
1777963164.8176255,36.3,2.98,0.0,0.0
1777963165.4892576,36.3,2.98,0.0,0.0
1777963166.1612573,36.3,2.98,0.0,0.0
1777963166.8350687,36.3,2.98,0.0,0.0
1777963167.5063877,36.3,2.98,0.0,0.0
1777963168.1761425,36.3,2.98,0.0,0.0
1777963168.8438756,36.3,2.98,0.0,0.0
1777963169.5131955,36.3,2.98,0.0,0.0
1777963170.1849732,36.3,2.98,0.0,0.0
1777963170.8535728,36.3,2.98,0.0,0.0
1777963171.5239077,36.3,2.98,0.0,0.0
1777963172.193989,36.3,2.98,0.0,0.0
1777963172.8648608,36.3,2.98,0.0,0.0
1777963173.5357807,36.3,2.98,0.0,0.0
1777963174.2051847,36.3,2.98,0.0,0.0
1777963174.8769684,36.3,2.98,0.0,0.0
1777963175.5475547,36.3,2.99,0.0,0.0
1777963176.2171588,36.3,2.99,0.0,0.0
1777963176.8849633,36.3,2.99,0.0,0.0
1777963177.551413,36.3,2.99,0.0,0.0
1777963178.2256198,36.3,2.99,0.0,0.0
1777963178.8959072,36.3,2.99,0.0,0.0
1777963179.568494,36.3,2.99,0.0,0.0
1777963180.2392664,36.3,2.99,0.0,0.0
1777963180.9108555,36.3,2.99,0.0,0.0
1777963181.5790825,36.3,2.99,0.0,0.0
1777963182.2654812,36.3,2.99,0.0,0.0
1777963182.9411092,36.3,2.99,0.0,0.0
1777963183.6159306,36.3,2.99,0.0,0.0
1777963184.2869437,36.3,3.0,0.0,0.0
1777963184.959259,36.3,3.0,0.0,0.0
1777963185.6297543,36.3,3.0,0.0,0.0
1777963186.3026938,36.3,3.0,0.0,0.0
1777963186.9748394,36.3,3.0,0.0,0.0
1777963187.6498582,36.3,3.0,0.0,0.0
1777963188.3176632,36.3,3.0,0.0,0.0
1777963188.9905338,36.3,3.0,0.0,0.0
1777963189.6625042,36.3,3.0,0.0,0.0
1777963190.3317065,36.3,3.0,0.0,0.0
1777963190.9994552,36.3,3.0,0.0,0.0
1777963191.671691,36.3,3.0,0.0,0.0
1777963192.3414795,36.3,3.0,0.0,0.0
1777963193.0123718,36.3,3.0,0.0,0.0
1777963193.6808448,36.3,3.01,0.0,0.0
1777963194.363939,36.3,3.01,0.0,0.0
1777963195.0338917,36.3,3.01,0.0,0.0
1777963195.7041955,36.3,3.01,0.0,0.0
1777963196.37174,36.3,3.01,0.0,0.0
1777963197.0522106,36.3,3.01,0.0,0.0
1777963197.7239132,36.3,3.01,0.0,0.0
1777963198.394628,36.3,3.01,0.0,0.0
1777963199.0642645,36.3,3.01,0.0,0.0
1777963199.7311475,36.3,3.01,0.0,0.0
1777963200.4014194,36.3,3.01,0.0,0.0
1777963201.0708978,36.3,3.01,0.0,0.0
1777963201.7447896,36.3,3.01,0.0,0.0
1777963202.4150105,36.3,3.01,0.0,0.0
1777963203.0860872,36.3,3.01,0.0,0.0
1777963203.7587943,36.3,3.01,0.0,0.0
1777963204.4302342,36.3,3.01,0.0,0.0
1777963205.1011326,36.3,3.07,0.12,0.92
1777963205.7743583,36.3,3.13,0.22,0.94
1777963206.4466438,36.3,3.19,0.29,0.96
1777963207.1157908,36.3,3.24,0.34,0.97
1777963207.7873423,36.3,3.29,0.38,0.99
1777963208.4573853,36.3,3.33,0.4,1.0
1777963209.1303675,36.3,3.37,0.42,1.01
1777963209.8042057,36.3,3.4,0.44,1.02
1777963210.4786623,36.3,3.43,0.45,1.03
1777963211.1493335,36.3,3.46,0.45,1.04
1777963211.818053,36.3,3.49,0.46,1.05
1777963212.4891417,36.3,3.52,0.46,1.05
1777963213.1564157,36.3,3.54,0.47,1.06
1777963213.832928,36.3,3.56,0.47,1.08
1777963214.505283,36.3,3.58,0.47,1.11
1777963215.1765041,36.3,3.6,0.47,1.15
1777963215.848211,36.3,3.62,0.47,1.18
1777963216.527911,36.3,3.63,0.47,1.21
1777963217.2039905,36.3,3.65,0.47,1.24
1777963217.8777158,36.3,3.66,0.47,1.27
1777963218.5502858,36.3,3.67,0.47,1.3
1777963219.2235265,36.3,3.68,0.48,1.32
1777963219.8971002,36.3,3.69,0.47,1.35
1777963220.5723896,36.3,3.7,0.48,1.37
1777963221.2474988,36.3,3.71,0.48,1.4
1777963221.9229872,36.3,3.72,0.48,1.42
1777963222.5988853,36.3,3.72,0.48,1.44
1777963223.2724485,36.3,3.73,0.48,1.46
1777963223.9473922,36.3,3.74,0.48,1.48
1777963224.6183279,36.3,3.74,0.48,1.5
1777963225.2931867,36.3,3.75,0.48,1.51
1777963225.9698038,36.3,3.75,0.48,1.53
1777963226.644277,36.3,3.76,0.48,1.54
1777963227.3187997,36.3,3.76,0.48,1.56
1777963227.992385,36.3,3.77,0.48,1.57
1777963228.6624243,36.3,3.77,0.48,1.59
1777963229.3400323,36.3,3.77,0.48,1.6
1777963230.0134094,36.3,3.77,0.47,1.61
1777963230.6876907,36.3,3.78,0.48,1.62
1777963231.3626125,36.3,3.78,0.48,1.63
1777963232.0381327,36.3,3.78,0.48,1.64
1777963232.7109418,36.3,3.78,0.48,1.65
1777963233.3865519,36.3,3.79,0.48,1.66
1777963234.058603,36.3,3.79,0.48,1.67
1777963234.732732,36.3,3.79,0.48,1.67
1777963235.4048269,36.3,3.79,0.48,1.68
1777963236.0774016,36.3,3.79,0.48,1.69
1777963236.756843,36.3,3.79,0.48,1.7
1777963237.435324,36.3,3.8,0.48,1.7
1777963238.175557,36.3,3.8,0.48,1.71
1777963238.849094,36.3,3.8,0.48,1.72
1777963239.5223322,36.3,3.8,0.48,1.72
1777963240.2039723,36.3,3.8,0.48,1.73
1777963240.8900504,36.3,3.8,0.48,1.73
1777963241.566334,36.3,3.8,0.48,1.74
1777963242.2435236,36.3,3.8,0.48,1.74
1777963242.946991,36.3,3.8,0.48,1.74
1777963243.6257958,36.3,3.8,0.48,1.75
1777963244.3023982,36.3,3.8,0.48,1.75
1777963244.9732559,36.3,3.72,0.39,1.7
1777963245.6482375,36.3,3.63,0.29,1.63
1777963246.3233714,36.3,3.55,0.22,1.55
1777963246.9994411,36.3,3.48,0.16,1.47
1777963247.6714888,36.3,3.44,0.12,1.4
1777963248.3468208,36.3,3.39,0.09,0.0
1777963249.024283,36.3,3.35,0.07,0.0
1777963249.6994636,36.3,3.32,0.05,0.0
1777963250.3706312,36.3,3.28,0.04,0.0
1777963251.0457582,36.3,3.26,0.03,0.0
1777963251.7182584,36.3,3.22,0.02,0.0
1777963252.3960762,36.3,3.2,0.02,0.0
1777963253.0711708,36.3,3.18,0.01,0.0
1777963253.7472415,36.3,3.15,0.01,0.0
1777963254.4263635,36.3,3.13,0.01,0.0
1777963255.098784,36.3,3.11,0.01,0.0
1777963255.7739265,36.3,3.09,0.0,0.0
1777963256.4539592,36.3,3.07,0.0,0.0
1777963257.127282,36.3,3.05,0.0,0.0
1777963257.8082688,36.3,3.04,0.0,0.0
1777963258.4833508,36.3,3.02,0.0,0.0
1777963259.1588774,36.3,3.01,0.0,0.0
1777963259.8324382,36.3,3.0,0.0,0.0
1777963260.507503,36.3,2.99,0.0,0.0
1777963261.1820323,36.3,2.98,0.0,0.0
1777963261.8585222,36.3,2.97,0.0,0.0
1777963262.532587,36.3,2.96,0.0,0.0
1777963263.2064693,36.3,2.95,0.0,0.0
1777963263.880173,36.3,2.95,0.0,0.0
1777963264.562604,36.3,2.94,0.0,0.0
1777963265.2347162,36.3,2.93,0.0,0.0
1777963265.907027,36.3,2.93,0.0,0.0
1777963266.5835292,36.3,2.92,0.0,0.0
1777963267.259514,36.3,2.92,0.0,0.0
1777963267.9326968,36.3,2.91,0.0,0.0
1777963268.6071608,36.3,2.91,0.0,0.0
1777963269.286005,36.3,2.9,0.0,0.0
1777963269.9607303,36.3,2.9,0.0,0.0
1777963270.635476,36.3,2.9,0.0,0.0
1777963271.3128684,36.3,2.89,0.0,0.0
1777963271.9894104,36.3,2.89,0.0,0.0
1777963272.6639464,36.3,2.89,0.0,0.0
1777963273.3406582,36.3,2.89,0.0,0.0
1777963274.0177536,36.3,2.89,0.0,0.0
1777963274.6913419,36.3,2.89,0.0,0.0
1777963275.3642812,36.3,2.89,0.0,0.0
1777963276.036773,36.3,2.89,0.0,0.0
1777963276.7206926,36.3,2.89,0.0,0.0
1777963277.4382794,36.3,2.89,0.0,0.0
1777963278.1172862,36.3,2.89,0.0,0.0
1777963278.799915,36.3,2.89,0.0,0.0
1777963279.4744983,36.3,2.89,0.0,0.0
1777963280.149778,36.3,2.89,0.0,0.0
1777963280.8221283,36.3,2.89,0.0,0.0
1777963281.4999158,36.4,2.89,0.0,0.0
1777963282.177032,36.4,2.88,0.0,0.0
1777963282.8522718,36.4,2.88,0.0,0.0
1777963283.530553,36.4,2.88,0.0,0.0
1777963284.2097201,36.4,2.88,0.0,0.0
1777963284.8816936,36.4,2.88,0.0,0.0
1777963285.5569715,36.4,2.88,0.0,0.0
1777963286.2310612,36.4,2.88,0.0,0.0
1777963286.905572,36.3,2.88,0.0,0.0
1777963287.5805771,36.3,2.88,0.0,0.0
1777963288.2541726,36.3,2.88,0.0,0.0
1777963288.9272554,36.3,2.88,0.0,0.0
1777963289.601307,36.4,2.89,0.0,0.0
1777963290.2904713,36.4,2.96,0.12,1.16
1777963290.9691103,36.4,3.03,0.21,1.16
1777963291.6453755,36.4,3.09,0.27,1.17
1777963292.3277028,36.4,3.14,0.32,1.18
1777963293.003997,36.4,3.2,0.36,1.2
1777963293.6780102,36.4,3.24,0.39,1.22
1777963294.3537345,36.4,3.29,0.41,1.24
1777963295.0304983,36.4,3.33,0.43,1.27
1777963295.7051668,36.4,3.37,0.44,1.29
1777963296.3787117,36.4,3.4,0.45,1.31
1777963297.0532794,36.4,3.43,0.45,1.34
1777963297.726913,36.4,3.46,0.46,1.36
1777963298.4035068,36.4,3.49,0.46,1.38
1777963299.0801685,36.4,3.51,0.47,1.41
1777963299.7579303,36.4,3.54,0.47,1.43
1777963300.4339626,36.5,3.56,0.47,1.45
1777963301.1084082,36.5,3.58,0.47,1.47
1777963301.787166,36.5,3.6,0.47,1.49
1777963302.4604359,36.5,3.61,0.47,1.5
1777963303.136507,36.6,3.63,0.47,1.52
1777963303.8108082,36.6,3.64,0.47,1.53
1777963304.4850771,36.6,3.65,0.47,1.55
1777963305.1730232,36.6,3.67,0.47,1.56
1777963305.8500392,36.6,3.68,0.47,1.57
1777963306.5301962,36.6,3.69,0.47,1.59
1777963307.2050257,36.6,3.7,0.47,1.6
1777963307.8795154,36.6,3.7,0.47,1.61
1777963308.555954,36.7,3.71,0.47,1.62
1777963309.2292502,36.7,3.72,0.47,1.63
1777963309.9041157,36.7,3.72,0.47,1.64
1777963310.5802855,36.7,3.73,0.47,1.65
1777963311.25374,36.7,3.73,0.39,1.64
1777963311.927402,36.7,3.64,0.33,1.58
1777963312.5989401,36.7,3.56,0.29,1.52
1777963313.2736442,36.7,3.5,0.22,1.46
1777963313.947269,36.8,3.45,0.16,1.39
1777963314.6239853,36.8,3.4,0.12,1.33
1777963315.300234,36.8,3.36,0.09,0.0
1777963315.9766536,36.8,3.32,0.07,0.0
1777963316.6583455,36.8,3.29,0.05,0.0
1777963317.335886,36.8,3.26,0.04,0.0
1777963318.0119278,36.8,3.23,0.03,0.0
1777963318.6852562,36.8,3.2,0.02,0.0
1777963319.359741,36.9,3.18,0.02,0.0
1777963320.038414,36.9,3.16,0.01,0.0
1777963320.713941,36.9,3.14,0.01,0.0
1777963321.3915696,36.9,3.12,0.01,0.0
1777963322.0701673,36.9,3.1,0.01,0.0
1777963322.7488983,36.9,3.09,0.0,0.0
1777963323.462143,36.9,3.07,0.0,0.0
1777963324.1375587,36.9,3.06,0.0,0.0
1777963324.8132927,36.9,3.05,0.0,0.0
1777963325.4875286,36.9,3.04,0.0,0.0
1777963326.1637337,36.9,3.03,0.0,0.0
1777963326.8417754,36.9,3.02,0.0,0.0
1777963327.5613177,36.9,3.01,0.0,0.0
1777963328.2466352,36.9,3.0,0.0,0.0
1777963328.92181,36.9,3.0,0.0,0.0
1777963329.5992587,36.9,2.99,0.0,0.0
1777963330.2850683,36.9,2.99,0.0,0.0
1777963330.9619322,36.9,2.98,0.0,0.0
1777963331.6383963,36.9,2.98,0.0,0.0
1777963332.315361,36.9,2.97,0.0,0.0
1777963332.9903376,36.9,2.97,0.0,0.0
1777963333.6673539,36.9,2.97,0.0,0.0
1777963334.3439775,36.9,2.96,0.0,0.0
1777963335.0192664,36.9,2.96,0.0,0.0
1777963335.6952975,36.9,2.96,0.0,0.0
1777963336.3696182,36.9,2.95,0.0,0.0
1777963337.0481117,36.9,2.95,0.0,0.0
1777963337.7226574,36.9,2.95,0.0,0.0
1777963338.4180045,36.9,2.95,0.0,0.0
1777963339.0980206,36.9,2.95,0.0,0.0
1777963339.786329,36.9,2.95,0.0,0.0
1777963340.470048,36.9,2.94,0.0,0.0
1777963341.150209,36.9,2.94,0.0,0.0
1777963341.822361,36.9,2.94,0.0,0.0
1777963342.4981632,36.9,2.94,0.0,0.0
1777963343.1740148,36.9,2.94,0.0,0.0
1777963343.850424,36.9,2.94,0.0,0.0
1777963344.5239308,36.9,2.94,0.0,0.0
1777963345.1998274,36.9,2.94,0.0,0.0
1777963345.87627,36.9,2.94,0.0,0.0
1777963346.5509634,36.9,2.94,0.0,0.0
1777963347.232534,36.9,2.94,0.0,0.0
1777963347.9092302,36.9,2.94,0.0,0.0
1777963348.5836627,36.9,2.94,0.0,0.0
1777963349.2583,36.9,2.93,0.0,0.0
1777963349.9356096,36.9,2.93,0.0,0.0
1777963350.6113832,36.9,2.93,0.0,0.0
1777963351.2884836,36.9,2.93,0.0,0.0
1777963351.9697928,36.9,2.93,0.0,0.0
1777963352.6470342,36.9,2.93,0.0,0.0
1777963353.3261707,36.9,2.93,0.0,0.0
1777963354.000243,36.9,2.93,0.0,0.0
1777963354.6767623,36.9,2.93,0.0,0.0
1777963355.3557053,36.9,2.93,0.0,0.0
1777963356.038684,36.9,2.93,0.0,0.0
1777963356.7685359,36.9,2.93,0.0,0.0
1777963357.4673326,36.9,2.93,0.0,0.0
1777963358.143899,36.9,2.93,0.0,0.0
1777963358.818453,36.9,2.93,0.0,0.0
1777963359.4904351,36.9,2.93,0.0,0.0
1777963360.1633415,36.9,2.93,0.0,0.0
1777963360.8370163,36.9,2.93,0.0,0.0
1777963361.519558,36.9,2.93,0.0,0.0
1777963362.2023013,36.9,2.93,0.0,0.0
1777963362.8799818,36.9,2.93,0.0,0.0
1777963363.5563426,36.9,2.93,0.0,0.0
1777963364.2398374,36.9,2.93,0.0,0.0
1777963364.9140685,36.9,2.93,0.0,0.0
1777963365.592725,36.9,2.93,0.0,0.0
1777963366.2704668,36.9,2.93,0.0,0.0
1777963366.9465346,36.9,2.93,0.0,0.0
1777963367.6228004,36.9,2.93,0.0,0.0
1777963368.2974195,36.9,2.93,0.0,0.0
1777963368.9730744,36.9,2.93,0.0,0.0
1777963369.6488075,36.9,2.93,0.0,0.0
1777963370.3253305,36.9,2.93,0.0,0.0
1777963371.0072389,36.9,2.93,0.0,0.0
1777963371.6880789,36.9,2.93,0.0,0.0
1777963372.3694146,36.9,2.93,0.0,0.0
1777963373.044459,36.9,2.93,0.0,0.0
1777963373.7222257,36.9,2.93,0.0,0.0
1777963374.4000442,36.9,2.93,0.0,0.0
1777963375.0746026,36.9,2.93,0.0,0.0
1777963375.7522104,36.9,2.93,0.0,0.0
1777963376.4316275,36.9,2.93,0.0,0.0
1777963377.1076336,36.9,2.93,0.0,0.0
1777963377.7831452,36.9,2.93,0.0,0.0
1777963378.456046,36.9,2.93,0.0,0.0
1777963379.1331472,36.9,2.93,0.0,0.0
1777963379.8111537,36.9,2.93,0.0,0.0
1777963380.4867911,36.9,2.93,0.0,0.0
1777963381.1772778,36.9,2.93,0.0,0.0
1777963381.8642507,36.9,2.93,0.0,0.0
1777963382.5418832,36.9,2.93,0.0,0.0
1777963383.2156456,36.9,2.93,0.0,0.0
1777963383.887944,36.9,2.93,0.0,0.0
1777963384.5646448,36.9,2.93,0.0,0.0
1777963385.2389205,36.9,2.93,0.0,0.0
1777963385.9241505,36.9,2.93,0.0,0.0
1777963386.6072927,36.9,2.93,0.0,0.0
1777963387.290719,36.9,2.93,0.0,0.0
1777963387.686951,36.9,2.93,0.0,0.0
1777963388.2500298,36.9,2.93,0.0,0.0
1777963388.7979882,36.9,2.93,0.0,0.0
1777963389.345158,36.9,2.93,0.0,0.0
1777963389.8924296,36.9,2.93,0.0,0.0
1777963390.44123,36.9,2.93,0.0,0.0
1777963390.9883158,36.9,2.93,0.0,0.0
1777963391.5333612,36.9,2.93,0.0,0.0
1777963392.0798151,36.9,2.93,0.0,0.0
1777963392.6212978,36.9,2.93,0.0,0.0
1777963393.1662717,36.9,2.93,0.0,0.0
1777963393.7126393,36.9,2.93,0.0,0.0
1777963394.2590313,36.9,2.93,0.0,0.0
1777963394.8033848,36.9,2.93,0.0,0.0
1777963395.3492928,36.9,2.93,0.0,0.0
1777963395.8956413,36.9,2.93,0.0,0.0
1777963396.4410875,36.9,2.93,0.0,0.0
1777963396.9878905,36.9,2.93,0.0,0.0
1777963397.5381877,36.9,2.93,0.0,0.0
1777963398.0823035,36.9,2.93,0.0,0.0
1777963398.627632,36.9,2.93,0.0,0.0
1777963399.1740324,36.9,2.93,0.0,0.0
1777963399.7203574,36.9,2.94,0.0,0.0
1777963400.2638474,36.9,2.94,0.0,0.0
1777963400.8066468,36.9,2.94,0.0,0.0
1777963401.3512292,36.9,2.94,0.0,0.0
1777963401.896966,36.9,2.94,0.0,0.0
1777963402.4430387,36.9,2.94,0.0,0.0
1777963402.989628,36.9,2.94,0.0,0.0
1777963403.5361812,36.9,2.94,0.0,0.0
1777963404.0807424,36.9,2.94,0.0,0.0
1777963404.7448559,36.9,2.94,0.0,0.0
1777963405.412643,36.9,2.94,0.0,0.0
1777963406.0810935,36.9,2.94,0.0,0.0
1777963406.7521625,36.9,2.94,0.0,0.0
1777963407.4196136,36.9,2.94,0.0,0.0
1777963408.08823,36.9,2.94,0.0,0.0
1777963408.7583542,36.9,2.96,0.0,0.0
1777963409.4277532,36.9,3.02,0.12,1.14
1777963410.0962815,36.9,3.08,0.12,1.12
1777963410.7645085,36.9,3.05,0.12,1.07
1777963411.4345186,36.9,3.04,0.09,0.0
1777963412.104041,36.9,3.02,0.07,0.0
1777963412.7748156,36.9,3.02,0.05,0.0
1777963413.4559925,36.9,3.01,0.04,0.0
1777963414.1300116,36.9,3.0,0.03,0.0
1777963414.7988782,36.9,3.0,0.02,0.0
1777963415.4722,36.9,2.99,0.02,0.0
1777963416.1436117,36.9,2.99,0.01,0.0
1777963416.8156862,36.9,2.99,0.01,0.0
1777963417.4876304,36.9,2.98,0.01,0.0
1777963418.1611753,36.9,2.98,0.01,0.0
1777963418.8442223,36.9,2.98,0.0,0.0
1777963419.5167015,36.9,2.98,0.0,0.0
1777963420.1865702,36.9,2.97,0.0,0.0
1777963420.8564253,36.9,2.97,0.0,0.0
1777963421.5262187,36.9,2.97,0.0,0.0
1777963422.1935027,36.9,2.97,0.0,0.0
1777963422.866709,36.9,2.97,0.0,0.0
1777963423.536562,36.9,2.96,0.0,0.0
1777963424.2121897,36.9,2.96,0.0,0.0
1777963424.9218307,36.9,2.96,0.0,0.0
1777963425.593309,36.9,2.96,0.0,0.0
1777963426.2630455,36.9,2.96,0.0,0.0
1777963426.928748,36.9,2.96,0.0,0.0
1777963427.5956516,36.9,2.96,0.0,0.0
1777963428.2652605,36.9,2.96,0.0,0.0
1777963428.9372365,36.9,2.96,0.0,0.0
1777963429.6094267,36.9,2.96,0.0,0.0
1777963430.2763226,36.9,2.96,0.0,0.0
1777963430.9733846,36.9,2.96,0.0,0.0
1777963431.644022,36.9,2.96,0.0,0.0
1777963432.3124108,36.9,2.96,0.0,0.0
1777963432.9857004,36.9,2.96,0.0,0.0
1777963433.6533902,36.9,2.96,0.0,0.0
1777963434.324645,36.9,2.96,0.0,0.0
1777963434.9934454,36.9,2.96,0.0,0.0
1777963435.6646473,36.9,2.96,0.0,0.0
1777963436.3327653,36.9,2.96,0.0,0.0
1777963437.0050724,36.9,2.96,0.0,0.0
1777963437.6723676,36.9,2.96,0.0,0.0
1777963438.3653128,36.9,2.96,0.0,0.0
1777963439.034465,36.9,2.96,0.0,0.0
1777963439.7044315,36.9,2.96,0.0,0.0
1777963440.3714309,36.9,2.96,0.0,0.0
1777963441.0400288,36.9,2.95,0.0,0.0
1777963441.7169342,36.9,2.95,0.0,0.0
1777963442.4010293,36.9,2.95,0.0,0.0
1777963443.069407,36.9,2.95,0.0,0.0
1777963443.7403138,36.9,2.95,0.0,0.0
1777963444.4096634,36.9,2.95,0.0,0.0
1777963445.0821278,36.9,2.95,0.0,0.0
1777963445.753394,36.9,2.95,0.0,0.0
1777963446.4263306,36.9,2.95,0.0,0.0
1777963447.095971,36.9,2.95,0.0,0.0
1777963447.770036,36.9,2.95,0.0,0.0
1777963448.4397702,36.9,2.95,0.0,0.0
1777963449.1097507,36.9,2.95,0.0,0.0
1777963449.7761016,36.9,2.95,0.0,0.0
1777963450.4429786,36.9,2.95,0.0,0.0
1777963451.1156666,36.9,2.95,0.0,0.0
1777963451.787002,36.9,2.95,0.0,0.0
1777963452.4591813,36.9,2.95,0.0,0.0
1777963453.141034,36.9,2.95,0.0,0.0
1777963453.8338416,36.9,2.95,0.0,0.0
1777963454.508887,36.9,2.95,0.0,0.0
1777963455.1832,36.9,2.95,0.0,0.0
1777963455.8586771,36.9,2.95,0.0,0.0
1777963456.5444372,36.9,2.95,0.0,0.0
1777963457.2202299,36.9,2.95,0.0,0.0
1777963457.8878093,36.9,2.95,0.0,0.0
1777963458.5587218,36.9,2.95,0.0,0.0
1777963459.2276754,36.9,2.95,0.0,0.0
1777963459.903723,36.9,2.95,0.0,0.0
1777963460.5782511,36.9,2.95,0.0,0.0
1777963461.250706,36.9,2.95,0.0,0.0
1777963461.934717,36.9,2.95,0.0,0.0
1777963462.634627,36.9,2.95,0.0,0.0
1777963463.3052106,36.9,2.95,0.0,0.0
1777963463.9766314,36.9,2.96,0.0,0.0
1777963464.6481404,36.9,2.96,0.0,0.0
1777963465.32892,36.9,2.96,0.0,0.0
1777963465.9973202,36.9,2.96,0.0,0.0
1777963466.6707933,36.9,2.96,0.0,0.0
1777963467.344495,36.9,2.96,0.0,0.0
1777963468.01824,36.9,2.96,0.0,0.0
1777963468.6854398,36.9,2.96,0.0,0.0
1777963469.3553119,36.9,2.96,0.0,0.0
1777963470.0248563,36.9,2.96,0.0,0.0
1777963470.6919384,36.9,2.96,0.0,0.0
1777963471.3648653,36.9,2.96,0.0,0.0
1777963472.0441272,36.9,2.96,0.0,0.0
1777963472.7164054,36.9,2.96,0.0,0.0
1777963473.3889036,36.9,2.95,0.0,0.0
1777963474.0586336,36.9,2.95,0.0,0.0
1777963474.728612,36.9,2.95,0.0,0.0
1777963475.4022245,36.9,2.95,0.0,0.0
1777963476.072874,36.9,2.95,0.0,0.0
1777963476.743973,36.9,2.95,0.0,0.0
1777963477.4154594,36.9,2.95,0.0,0.0
1777963478.0869281,36.9,2.94,0.0,0.0
1777963478.761372,36.9,2.94,0.0,0.0
1777963479.4317203,36.9,2.94,0.0,0.0
1777963480.1040459,36.9,2.94,0.0,0.0
1777963480.7758107,36.9,2.94,0.0,0.0
1777963481.4493082,36.9,2.94,0.0,0.0
1777963482.120114,36.9,2.94,0.0,0.0
1777963482.7913601,36.9,2.94,0.0,0.0
1777963483.4638803,36.9,2.94,0.0,0.0
1777963484.1360097,36.9,2.94,0.0,0.0
1777963484.8043182,36.9,2.95,0.0,0.0
1777963485.4759831,36.9,2.94,0.0,0.0
1777963486.1441293,36.9,2.95,0.0,0.0
1777963486.8174052,36.9,2.95,0.0,0.0
1777963487.489921,36.9,2.95,0.0,0.0
1777963488.160804,36.9,2.95,0.0,0.0
1777963488.8295283,36.9,2.96,0.0,0.0
1777963489.5013123,36.9,2.96,0.0,0.0
1777963490.1712227,36.9,2.96,0.0,0.0
1777963490.843058,36.9,2.96,0.0,0.0
1777963491.5170863,36.9,2.97,0.0,0.0
1777963492.1882157,36.9,2.97,0.0,0.0
1777963492.8587255,36.9,2.97,0.0,0.0
1777963493.5329585,36.9,2.97,0.0,0.0
1777963494.204296,36.9,2.98,0.0,0.0
1777963494.8983076,36.9,2.98,0.0,0.0
1777963495.570842,36.9,2.98,0.0,0.0
1777963496.2432914,36.9,2.98,0.0,0.0
1777963496.9143116,36.9,2.98,0.0,0.0
1777963497.5850358,36.9,2.98,0.0,0.0
1777963498.2546806,36.9,2.97,0.0,0.0
1777963498.9273906,36.9,2.99,0.0,0.0
1777963499.6023946,36.9,3.06,0.13,1.04
1777963500.2977824,36.9,3.12,0.22,1.04
1777963500.97516,36.9,3.17,0.29,1.05
1777963501.6594741,36.9,3.22,0.34,1.07
1777963502.3312714,36.9,3.27,0.38,1.09
1777963503.0041325,36.9,3.31,0.41,1.12
1777963503.6783981,36.9,3.35,0.43,1.15
1777963504.3542063,36.9,3.39,0.44,1.18
1777963505.024712,36.9,3.43,0.46,1.21
1777963505.6969876,36.9,3.46,0.47,1.24
1777963506.3669116,36.9,3.49,0.47,1.27
1777963507.0406227,36.9,3.51,0.48,1.3
1777963507.7130876,36.9,3.54,0.49,1.33
1777963508.3842764,36.9,3.56,0.49,1.36
1777963509.0551736,36.9,3.58,0.49,1.39
1777963509.7278025,36.9,3.6,0.49,1.41
1777963510.3989336,36.9,3.62,0.49,1.44
1777963511.068033,36.9,3.63,0.49,1.46
1777963511.7419589,36.9,3.65,0.49,1.48
1777963512.417641,36.9,3.66,0.49,1.51
1777963513.0927687,36.9,3.67,0.49,1.53
1777963513.7655747,36.9,3.69,0.49,1.55
1777963514.4390624,36.9,3.7,0.49,1.56
1777963515.1086447,36.9,3.71,0.49,1.58
1777963515.7764468,36.9,3.71,0.5,1.6
1777963516.45051,36.9,3.72,0.5,1.61
1777963517.1216762,36.9,3.73,0.49,1.63
1777963517.7966638,36.9,3.74,0.5,1.64
1777963518.475486,36.9,3.74,0.5,1.66
1777963519.1654997,36.9,3.75,0.49,1.67
1777963519.8462453,36.9,3.76,0.49,1.68
1777963520.5185149,36.9,3.76,0.49,1.69
1777963521.1922076,36.9,3.77,0.49,1.7
1777963521.8665688,36.9,3.77,0.49,1.71
1777963522.5423753,36.9,3.77,0.49,1.72
1777963523.2166908,36.9,3.78,0.49,1.73
1777963523.890698,36.9,3.78,0.49,1.74
1777963524.5662825,36.9,3.78,0.49,1.74
1777963525.2420776,36.9,3.78,0.49,1.75
1777963525.915727,0.0,3.78,0.49,1.75
1777963526.5895584,0.0,3.79,0.49,1.76
1777963527.2626638,0.0,3.79,0.49,1.77
1777963527.9342692,0.0,3.79,0.49,1.77
1777963528.6060534,36.9,3.8,0.49,1.78
1777963529.2767918,36.9,3.8,0.49,1.78
1777963529.9500186,36.9,3.8,0.49,1.79
1777963530.6225111,36.9,3.8,0.49,1.79
1777963531.2976663,36.9,3.81,0.48,1.79
1777963531.968574,36.9,3.81,0.49,1.8
1777963532.6429932,36.9,3.81,0.49,1.8
1777963533.316364,36.9,3.81,0.49,1.8
1777963533.9909928,36.9,3.81,0.48,1.81
1777963534.6663556,36.9,3.81,0.49,1.81
1777963535.3403342,36.9,3.81,0.48,1.81
1777963536.0159075,36.9,3.82,0.48,1.81
1777963536.689213,36.9,3.82,0.48,1.82
1777963537.3902519,36.9,3.82,0.49,1.82
1777963538.1579626,36.9,3.82,0.49,1.82
1777963538.8335078,36.9,3.82,0.49,1.82
1777963539.5094626,36.9,3.82,0.49,1.83
1777963540.1844847,36.9,3.82,0.49,1.83
1777963540.8666184,36.9,3.82,0.49,1.83
1777963541.5395763,36.9,3.82,0.49,1.83
1777963542.2133076,36.9,3.82,0.49,1.83
1777963542.8858802,36.9,3.82,0.49,1.84
1777963543.5597122,36.9,3.82,0.49,1.84
1777963544.2459166,36.9,3.82,0.49,1.84
1777963544.922558,36.9,3.82,0.49,1.84
1777963545.5972912,36.9,3.83,0.49,1.85
1777963546.2691486,36.9,3.83,0.49,1.85
1777963546.962497,36.9,3.83,0.49,1.85
1777963547.634976,36.9,3.83,0.49,1.85
1777963548.3082817,36.9,3.83,0.49,1.85
1777963548.9982812,36.9,3.83,0.49,1.85
1777963549.6733406,36.9,3.83,0.49,1.85
1777963550.3489947,36.9,3.83,0.49,1.86
1777963551.0343895,36.9,3.83,0.49,1.86
1777963551.7307107,36.9,3.83,0.49,1.86
1777963552.4060266,36.9,3.83,0.49,1.86
1777963553.082169,36.9,3.83,0.49,1.86
1777963553.7564158,36.9,3.83,0.49,1.86
1777963554.4287965,36.9,3.83,0.49,1.86
1777963555.1188998,36.9,3.83,0.49,1.86
1777963555.792508,36.9,3.83,0.49,1.86
1777963556.4687638,36.9,3.83,0.49,1.86
1777963557.1471372,36.9,3.83,0.49,1.87
1777963557.8236036,36.9,3.83,0.49,1.87
1777963558.499685,36.9,3.83,0.49,1.87
1777963559.17736,36.9,3.83,0.49,1.87
1777963559.8489895,36.9,3.83,0.49,1.87
1777963560.5287092,36.9,3.83,0.49,1.87
1777963561.2058916,36.9,3.83,0.49,1.87
1777963561.8858192,36.9,3.83,0.49,1.87
1777963562.5640092,36.9,3.83,0.49,1.87
1777963563.2417455,36.9,3.83,0.49,1.87
1777963563.9145904,36.9,3.83,0.49,1.87
1777963564.5923543,36.9,3.83,0.49,1.87
1777963565.2706714,36.9,3.83,0.49,1.87
1777963565.948165,36.9,3.83,0.49,1.87
1777963566.6223524,36.9,3.83,0.49,1.87
1777963567.3588681,36.9,3.83,0.49,1.87
1777963568.0350697,36.9,3.83,0.49,1.88
1777963568.711869,36.9,3.83,0.49,1.88
1777963569.3890076,36.9,3.83,0.49,1.88
1777963570.065653,36.9,3.83,0.5,1.88
1777963570.740392,36.9,3.83,0.49,1.88
1777963571.4230382,36.9,3.83,0.48,1.87
1777963572.0973032,36.9,3.83,0.47,1.87
1777963572.774612,36.9,3.83,0.47,1.87
1777963573.4490445,36.9,3.82,0.47,1.86
1777963574.12349,36.9,3.82,0.47,1.86
1777963574.7973645,36.9,3.82,0.47,1.86
1777963575.4737098,36.9,3.82,0.47,1.85
1777963576.1515152,36.9,3.82,0.47,1.85
1777963576.8287787,36.9,3.82,0.47,1.85
1777963577.503986,36.9,3.82,0.47,1.84
1777963578.1792874,36.9,3.82,0.47,1.84
1777963578.8518643,36.9,3.82,0.47,1.84
1777963579.527711,36.9,3.81,0.47,1.83
1777963580.207044,0.0,3.81,0.47,1.83
1777963580.8838217,0.0,3.81,0.47,1.83
1777963581.5596566,0.0,3.81,0.47,1.82
1777963582.2366507,0.0,3.8,0.46,1.82
1777963582.9113228,0.0,3.8,0.46,1.82
1777963583.589472,0.0,3.8,0.46,1.81
1777963584.2641711,0.0,3.8,0.46,1.81
1777963584.9956603,0.0,3.8,0.46,1.81
1777963585.6696668,0.0,3.79,0.46,1.8
1777963586.3512816,0.0,3.79,0.47,1.8
1777963587.0377295,0.0,3.79,0.47,1.8
1777963587.7136207,0.0,3.79,0.46,1.8
1777963588.3884223,0.0,3.79,0.46,1.79
1777963589.0640872,0.0,3.79,0.46,1.79
1777963589.741282,0.0,3.79,0.47,1.79
1777963590.4139497,0.0,3.79,0.47,1.79
1777963591.0904307,0.0,3.79,0.47,1.79
1777963591.76521,0.0,3.79,0.47,1.79
1777963592.4424717,0.0,3.79,0.47,1.79
1777963593.1193025,0.0,3.79,0.47,1.79
1777963593.794885,0.0,3.79,0.47,1.79
1777963594.4707565,0.0,3.79,0.47,1.79
1777963595.1482391,0.0,3.79,0.47,1.79
1777963595.8246405,0.0,3.81,0.47,1.79
1777963596.4998095,0.0,3.82,0.47,1.8
1777963597.174397,0.0,3.82,0.48,1.8
1777963597.85119,0.0,3.82,0.48,1.8
1777963598.5266058,0.0,3.82,0.47,1.8
1777963599.215153,0.0,3.82,0.48,1.8
1777963599.891776,0.0,3.82,0.48,1.8
1777963600.5681672,0.0,3.82,0.48,1.81
1777963601.2485962,0.0,3.82,0.48,1.81
1777963601.9260323,36.4,3.82,0.48,1.81
1777963602.6008716,36.4,3.83,0.49,1.81
1777963603.2762496,36.4,3.83,0.49,1.82
1777963603.9542258,36.4,3.83,0.49,1.82
1777963604.6327558,36.4,3.83,0.49,1.82
1777963605.3110878,36.4,3.83,0.49,1.83
1777963605.98817,36.4,3.83,0.49,1.83
1777963606.6637783,36.4,3.84,0.49,1.83
1777963607.3366153,36.5,3.84,0.49,1.84
1777963608.0117657,36.5,3.84,0.49,1.84
1777963608.686823,36.5,3.84,0.5,1.85
1777963609.364046,36.5,3.84,0.49,1.85
1777963610.037636,36.6,3.84,0.49,1.85
1777963610.712304,36.6,3.84,0.49,1.85
1777963611.3895142,36.6,3.84,0.49,1.86
1777963612.0680685,36.6,3.84,0.49,1.86
1777963612.7424662,36.8,3.84,0.49,1.86
1777963613.4180148,36.8,3.84,0.48,1.86
1777963614.0971456,36.8,3.84,0.48,1.85
1777963614.7803566,36.8,3.84,0.48,1.85
1777963615.4690106,36.8,3.84,0.48,1.85
1777963616.1613088,36.8,3.84,0.48,1.85
1777963616.3353643,36.8,3.83,0.48,1.85
1777963616.8878071,36.8,3.83,0.48,1.85
1777963617.4633112,36.9,3.83,0.48,1.84
1777963618.0084789,36.9,3.83,0.48,1.84
1777963618.5561032,36.9,3.83,0.48,1.84
1777963619.103093,36.9,3.83,0.48,1.84
1777963619.6481032,36.9,3.83,0.48,1.84
1777963620.1986961,36.9,3.83,0.48,1.84
1777963620.746282,36.9,3.83,0.48,1.84
1777963621.2928188,36.9,3.83,0.48,1.84
1777963621.8422787,36.9,3.83,0.48,1.84
1777963622.390079,36.9,3.83,0.49,1.84
1777963622.9353552,36.9,3.83,0.49,1.84
1777963623.4818757,36.9,3.83,0.49,1.84
1777963624.0287142,36.9,3.83,0.49,1.85
1777963624.5757043,36.9,3.83,0.49,1.85
1777963625.123696,36.9,3.84,0.49,1.85
1777963625.667902,36.9,3.84,0.5,1.86
1777963626.2163594,36.9,3.84,0.5,1.86
1777963626.7662997,36.9,3.85,0.51,1.87
1777963627.330698,36.9,3.85,0.51,1.87
1777963627.8871312,36.9,3.85,0.51,1.88
1777963628.4314716,36.9,3.85,0.51,1.88
1777963628.9771876,36.9,3.86,0.51,1.89
1777963629.528963,36.9,3.86,0.51,1.89
1777963630.074093,36.9,3.86,0.51,1.9
1777963630.6193619,36.9,3.86,0.51,1.9
1777963631.165512,36.9,3.86,0.51,1.91
1777963631.7114232,36.9,3.86,0.51,1.91
1777963632.2565732,36.9,3.86,0.51,1.91
1777963632.8098483,36.9,3.86,0.5,1.91
1777963633.482222,36.9,3.86,0.51,1.92
1777963634.1534731,36.9,3.86,0.51,1.92
1777963634.8369398,36.9,3.86,0.51,1.92
1777963635.5048325,36.9,3.77,0.5,1.87
1777963636.1718476,36.9,3.67,0.42,1.81
1777963636.839256,36.9,3.59,0.38,1.75
1777963637.5109951,36.9,3.59,0.34,1.72
1777963638.1806648,36.9,3.51,0.31,1.65
1777963638.850051,36.9,3.44,0.29,1.59
1777963639.5222273,36.9,3.38,0.26,1.53
1777963640.1884882,36.9,3.34,0.23,1.47
1777963640.8572361,36.9,3.31,0.17,1.41
1777963641.5270398,36.9,3.36,0.25,1.4
1777963642.200477,36.9,3.4,0.32,1.4
1777963642.8734534,36.9,3.43,0.36,1.41
1777963643.5403836,36.9,3.47,0.4,1.42
1777963644.2094126,36.9,3.5,0.43,1.44
1777963644.880464,36.9,3.53,0.45,1.46
1777963645.550975,36.9,3.56,0.46,1.48
1777963646.2212892,36.9,3.49,0.38,1.44
1777963646.8979578,36.9,3.42,0.33,1.4
1777963647.5674398,36.9,3.37,0.29,1.36
1777963648.2356586,36.9,3.31,0.26,1.31
1777963648.9065,36.9,3.25,0.25,1.26
1777963649.5756712,36.9,3.22,0.19,1.22
1777963650.2458496,36.9,3.2,0.14,1.17
1777963650.9170742,36.9,3.19,0.1,1.13
1777963651.5875626,36.9,3.17,0.08,0.0
1777963652.2600863,36.9,3.16,0.06,0.0
1777963652.929462,36.9,3.16,0.04,0.0
1777963653.600818,36.9,3.15,0.03,0.0
1777963654.2699215,36.9,3.14,0.02,0.0
1777963654.9549491,36.9,3.13,0.02,0.0
1777963655.6233246,36.9,3.13,0.01,0.0
1777963656.2981513,36.9,3.12,0.01,0.0
1777963656.9730043,36.9,3.11,0.01,0.0
1777963657.642518,36.9,3.11,0.01,0.0
1777963658.3150513,36.9,3.1,0.0,0.0
1777963658.9875922,36.9,3.1,0.0,0.0
1777963659.655005,36.9,3.09,0.0,0.0
1777963660.333685,36.9,3.09,0.0,0.0
1777963661.0039127,36.9,3.09,0.0,0.0
1777963661.671056,36.9,3.08,0.0,0.0
1777963662.3384087,36.9,3.08,0.0,0.0
1777963663.015872,36.9,3.07,0.0,0.0
1777963663.6873655,36.9,3.07,0.0,0.0
1777963664.3596623,36.9,3.07,0.0,0.0
1777963665.0279138,36.9,3.07,0.0,0.0
1777963665.6996264,36.9,3.06,0.0,0.0
1777963666.3683276,36.9,3.06,0.0,0.0
1777963667.0401754,36.9,3.06,0.0,0.0
1777963667.7087793,36.9,3.06,0.0,0.0
1777963668.3791013,36.9,3.06,0.0,0.0
1777963669.050042,36.9,3.06,0.0,0.0
1777963669.720579,36.9,3.05,0.0,0.0
1777963670.391743,36.9,3.05,0.0,0.0
1777963671.0892622,36.9,3.05,0.0,0.0
1777963671.7869353,36.9,3.05,0.0,0.0
1777963672.4569871,36.9,3.05,0.0,0.0
1777963673.1292334,36.9,3.05,0.0,0.0
1777963673.7984738,36.9,3.05,0.0,0.0
1777963674.469846,36.9,3.05,0.0,0.0
1777963675.1396945,36.9,3.05,0.0,0.0
1777963675.8120086,36.9,3.05,0.0,0.0
1777963676.4839642,36.9,3.05,0.0,0.0
1777963677.1553576,36.9,3.05,0.0,0.0
1777963677.8257668,36.9,3.05,0.0,0.0
1777963678.4981918,36.9,3.05,0.0,0.0
1777963679.1674862,36.9,3.05,0.0,0.0
1777963679.8395212,36.9,3.05,0.0,0.0
1777963680.5109816,36.9,3.05,0.0,0.0
1777963681.1841242,36.9,3.05,0.0,0.0
1777963681.8782198,36.9,3.05,0.0,0.0
1777963682.5627246,36.9,3.05,0.0,0.0
1777963683.2318192,36.9,3.05,0.0,0.0
1777963683.903741,36.9,3.05,0.0,0.0
1777963684.637089,36.9,3.05,0.0,0.0
1777963685.364695,36.9,3.05,0.0,0.0
1777963686.0338275,36.9,3.11,0.13,1.06
1777963686.7052228,36.9,3.17,0.22,1.06
1777963687.372198,36.9,3.23,0.29,1.08
1777963688.0454545,36.9,3.28,0.34,1.09
1777963688.7138975,36.9,3.32,0.38,1.12
1777963689.3851507,36.9,3.37,0.41,1.14
1777963690.0597255,36.9,3.41,0.43,1.17
1777963690.7300065,36.9,3.44,0.45,1.2
1777963691.4002361,36.9,3.47,0.46,1.24
1777963692.0740633,36.9,3.51,0.47,1.27
1777963692.7458806,36.9,3.53,0.48,1.3
1777963693.4149363,36.9,3.56,0.49,1.33
1777963694.0845885,36.9,3.58,0.49,1.36
1777963694.780496,36.9,3.61,0.49,1.39
1777963695.4631972,36.9,3.63,0.5,1.42
1777963696.1336064,36.9,3.64,0.5,1.44
1777963696.8117585,36.9,3.66,0.5,1.47
1777963697.485181,36.9,3.68,0.5,1.49
1777963698.1565087,36.9,3.69,0.5,1.52
1777963698.8306978,36.9,3.7,0.5,1.54
1777963699.4993138,36.9,3.72,0.5,1.56
1777963700.1747026,36.9,3.73,0.5,1.58
1777963700.846431,36.9,3.74,0.5,1.6
1777963701.5246868,36.9,3.75,0.5,1.62
1777963702.198666,36.9,3.76,0.5,1.63
1777963702.8717058,36.9,3.77,0.5,1.65
1777963703.5422642,36.9,3.77,0.5,1.67
1777963704.2149389,36.9,3.78,0.5,1.68
1777963704.884421,36.9,3.79,0.5,1.69
1777963705.560252,36.9,3.79,0.5,1.71
1777963706.2324123,36.9,3.8,0.51,1.72
1777963706.9091911,36.9,3.8,0.51,1.73
1777963707.5817268,36.9,3.81,0.51,1.74
1777963708.2547953,36.9,3.81,0.5,1.75
1777963708.927817,36.9,3.82,0.51,1.77
1777963709.5962677,36.9,3.82,0.5,1.78
1777963710.270901,36.9,3.82,0.5,1.78
1777963710.9405894,36.9,3.82,0.5,1.79
1777963711.6136553,36.9,3.83,0.5,1.8
1777963712.2861664,36.9,3.83,0.5,1.81
1777963712.9563212,36.9,3.83,0.51,1.82
1777963713.629719,36.9,3.83,0.5,1.82
1777963714.304475,36.9,3.83,0.5,1.83
1777963714.976855,36.9,3.84,0.49,1.83
1777963715.6477141,36.9,3.84,0.5,1.83
1777963716.318979,36.9,3.84,0.5,1.84
1777963716.9935613,36.9,3.84,0.5,1.85
1777963717.666483,36.9,3.84,0.5,1.85
1777963718.3466582,36.9,3.84,0.5,1.85
1777963719.0224237,36.9,3.84,0.5,1.86
1777963719.7175903,36.9,3.85,0.5,1.86
1777963720.388475,36.9,3.85,0.49,1.86
1777963721.0623877,36.9,3.84,0.49,1.86
1777963721.7335842,36.9,3.84,0.48,1.86
1777963722.4079618,36.9,3.84,0.49,1.86
1777963723.0792038,36.9,3.85,0.5,1.87
1777963723.7528193,36.9,3.88,0.51,1.89
1777963724.426253,36.9,3.91,0.57,1.92
1777963725.0960052,36.9,3.91,0.56,1.93
1777963725.7663598,36.9,3.9,0.54,1.93
1777963726.439423,36.9,3.89,0.52,1.94
1777963727.1150262,36.9,3.88,0.51,1.93
1777963727.787222,36.9,3.9,0.53,1.95
1777963728.4618628,36.9,3.95,0.59,1.99
1777963729.1369686,36.9,3.99,0.65,2.04
1777963729.8114715,36.9,3.99,0.67,2.07
1777963730.4850001,36.9,4.02,0.7,2.12
1777963731.1568139,36.9,4.03,0.69,2.16
1777963731.8312418,36.9,4.04,0.68,2.19
1777963732.505867,36.8,4.04,0.66,2.22
1777963733.1804717,36.8,4.06,0.67,2.26
1777963733.8533077,36.8,4.06,0.69,2.28
1777963734.538056,36.8,4.06,0.66,2.3
1777963735.217917,36.8,4.05,0.62,2.3
1777963735.900318,36.8,4.03,0.6,2.3
1777963736.5893137,36.8,4.02,0.57,2.29
1777963737.2645934,36.8,4.0,0.55,2.28
1777963737.9406793,36.8,3.98,0.53,2.26
1777963738.6158268,36.8,3.97,0.52,2.24
1777963739.2912064,36.8,3.96,0.51,2.22
1777963739.9605255,36.8,3.94,0.5,2.2
1777963740.6556866,36.7,3.93,0.49,2.18
1777963741.378225,36.7,3.93,0.49,2.17
1777963742.0536163,36.7,3.92,0.48,2.15
1777963742.7266455,36.7,3.91,0.48,2.13
1777963743.4015396,36.7,3.9,0.48,2.11
1777963744.0754385,36.7,3.89,0.47,2.09
1777963744.7469125,36.7,3.89,0.47,2.08
1777963745.4313788,36.7,3.88,0.47,2.06
1777963746.1087391,36.7,3.87,0.47,2.05
1777963746.7803361,36.7,3.87,0.47,2.04
1777963747.4533548,36.7,3.87,0.47,2.02
1777963748.1252663,36.7,3.86,0.47,2.01
1777963748.7971227,36.7,3.86,0.47,2.0
1777963749.4712012,36.7,3.85,0.47,1.99
1777963750.1444292,36.7,3.85,0.47,1.98
1777963750.8184617,36.7,3.84,0.47,1.97
1777963751.4913995,36.7,3.85,0.49,1.97
1777963752.1686907,36.7,3.85,0.49,1.96
1777963752.8447375,36.7,3.85,0.49,1.96
1777963753.5207925,36.7,3.85,0.49,1.96
1777963754.1942606,36.6,3.85,0.49,1.95
1777963754.8666377,36.6,3.85,0.49,1.95
1777963755.5450969,36.6,3.85,0.49,1.94
1777963756.216811,36.6,3.88,0.54,1.97
1777963756.8910773,36.6,3.91,0.58,2.0
1777963757.5647478,36.6,3.93,0.61,2.03
1777963758.247409,36.6,3.95,0.62,2.06
1777963758.9179544,36.6,3.96,0.62,2.08
1777963759.5930793,36.5,3.95,0.6,2.09
1777963760.2695506,36.5,3.94,0.57,2.1
1777963760.9424844,36.5,3.93,0.55,2.1
1777963761.6170197,36.5,3.94,0.58,2.11
1777963762.305973,36.5,3.94,0.58,2.12
1777963763.045517,36.5,3.93,0.59,2.12
1777963763.7224996,36.5,3.93,0.56,2.12
1777963764.400452,36.5,3.94,0.55,2.13
1777963765.079939,36.5,3.93,0.55,2.13
1777963765.7556555,36.5,3.92,0.53,2.12
1777963766.429305,36.5,3.92,0.51,2.11
1777963767.1092308,36.5,3.91,0.5,2.1
1777963767.7838404,36.4,3.91,0.51,2.1
1777963768.4601164,36.4,3.94,0.59,2.13
1777963769.131306,36.4,3.93,0.57,2.13
1777963769.8243728,36.4,3.95,0.58,2.14
1777963770.4987497,36.5,3.96,0.57,2.15
1777963771.1736035,36.5,3.95,0.55,2.15
1777963771.8484166,36.5,3.94,0.53,2.14
1777963772.5220056,36.5,3.92,0.52,2.13
1777963773.1941996,36.4,3.91,0.5,2.11
1777963773.871027,36.4,3.92,0.51,2.11
1777963774.5437427,36.4,3.94,0.52,2.11
1777963775.2200453,36.4,3.97,0.59,2.15
1777963775.8964896,36.4,4.01,0.64,2.18
1777963776.5713394,36.4,4.01,0.7,2.22
1777963777.2612576,36.4,4.04,0.72,2.27
1777963777.9389799,36.4,4.07,0.73,2.32
1777963778.6131735,36.4,4.09,0.73,2.36
1777963779.287744,36.4,4.11,0.74,2.4
1777963779.9619744,36.4,4.12,0.73,2.44
1777963780.6383107,36.4,4.12,0.71,2.47
1777963781.313675,36.4,4.11,0.68,2.48
1777963781.9870741,36.4,4.09,0.64,2.47
1777963782.6611726,36.4,4.07,0.6,2.46
1777963783.334354,36.4,4.05,0.57,2.44
1777963784.082878,36.4,4.04,0.55,2.42
1777963784.7831945,36.4,4.02,0.54,2.4
1777963785.4906175,36.4,4.01,0.53,2.38
1777963786.1753953,36.4,3.99,0.51,2.35
1777963786.8577366,36.3,3.97,0.5,2.32
1777963787.5370455,36.3,3.96,0.49,2.3
1777963788.215611,36.3,3.95,0.49,2.27
1777963788.892097,36.3,3.95,0.49,2.26
1777963789.5691807,36.4,3.96,0.52,2.25
1777963790.2459755,36.4,3.97,0.54,2.25
1777963790.925956,36.4,3.97,0.54,2.24
1777963791.6076417,36.4,3.97,0.54,2.24
1777963792.2843466,36.4,3.97,0.54,2.24
1777963792.9582093,36.4,3.97,0.55,2.23
1777963793.638622,36.4,3.97,0.55,2.23
1777963794.3162081,36.4,3.97,0.55,2.23
1777963795.0312567,36.4,3.97,0.55,2.22
1777963795.7080293,36.4,3.97,0.55,2.22
1777963796.3819244,36.4,3.97,0.55,2.22
1777963797.1157143,36.4,3.97,0.55,2.22
1777963797.7930963,36.4,3.97,0.54,2.22
1777963798.471947,36.4,3.97,0.55,2.22
1777963799.1448243,36.4,3.97,0.55,2.21
1777963799.826151,36.4,3.97,0.55,2.21
1777963800.505107,36.4,3.97,0.55,2.21
1777963801.1803894,36.4,3.97,0.55,2.21
1777963801.8586578,36.4,3.97,0.55,2.21
1777963802.5406222,36.4,3.97,0.55,2.2
1777963803.2162805,36.4,3.96,0.54,2.2
1777963803.900639,36.4,3.95,0.53,2.19
1777963804.578313,36.4,3.95,0.52,2.18
1777963805.256899,36.4,3.94,0.52,2.17
1777963805.9361787,36.4,3.94,0.51,2.16
1777963806.6123466,36.4,3.93,0.51,2.15
1777963807.2991908,36.4,3.93,0.51,2.14
1777963807.9994721,36.4,3.92,0.51,2.13
1777963808.6805081,36.4,3.92,0.51,2.12
1777963809.3573265,36.4,3.92,0.51,2.11
1777963810.0638003,36.4,3.91,0.5,2.1
1777963810.738681,36.4,3.91,0.5,2.09
1777963811.4166088,36.4,3.9,0.49,2.08
1777963812.0984528,36.4,3.9,0.49,2.07
1777963812.776864,36.4,3.9,0.49,2.06
1777963813.4534779,36.4,3.9,0.5,2.06
1777963814.1293197,36.3,3.89,0.49,2.05
1777963814.807585,36.3,3.88,0.48,2.04
1777963815.4838326,36.3,3.88,0.48,2.02
1777963816.1679115,36.3,3.87,0.47,2.01
1777963816.8433943,36.3,3.87,0.47,2.0
1777963817.5229616,36.3,3.86,0.47,1.99
1777963818.2005339,36.3,3.85,0.47,1.97
1777963818.8788922,36.3,3.85,0.47,1.96
1777963819.5557313,36.3,3.87,0.51,1.97
1777963820.2371488,36.3,3.88,0.52,1.98
1777963820.9161985,36.3,3.89,0.53,1.99
1777963821.601551,36.3,3.89,0.54,2.0
1777963822.2795649,36.3,3.9,0.54,2.01
1777963822.9591305,36.3,3.91,0.55,2.02
1777963823.6345966,36.3,3.91,0.55,2.02
1777963824.3099287,36.3,3.91,0.54,2.03
1777963824.9842803,36.3,3.92,0.54,2.04
1777963825.6679928,36.3,3.92,0.55,2.04
1777963826.3460004,36.3,3.92,0.55,2.05
1777963827.0252414,36.3,3.92,0.55,2.06
1777963827.6984406,36.3,3.93,0.55,2.06
1777963828.3755827,36.3,3.93,0.55,2.07
1777963829.0483887,36.3,3.93,0.55,2.07
1777963829.7226782,36.3,3.93,0.55,2.08
1777963830.40186,36.3,3.94,0.54,2.08
1777963831.0791607,36.3,3.94,0.55,2.09
1777963831.755838,36.3,3.93,0.53,2.09
1777963832.43047,36.3,3.93,0.51,2.08
1777963833.1063683,36.3,3.92,0.5,2.07
1777963833.7823994,36.3,3.91,0.5,2.06
1777963834.459658,36.3,3.91,0.49,2.05
1777963835.1393044,36.3,3.9,0.49,2.04
1777963835.8178492,36.3,3.89,0.49,2.03
1777963836.509005,36.3,3.89,0.49,2.02
1777963837.1876342,36.3,3.88,0.48,2.01
1777963837.8678768,36.3,3.88,0.48,2.0
1777963838.5408902,36.3,3.87,0.47,1.99
1777963839.2217844,36.3,3.87,0.48,1.98
1777963839.902726,36.3,3.86,0.47,1.97
1777963840.576619,36.3,3.86,0.47,1.96
1777963841.2535436,36.3,3.86,0.47,1.95
1777963841.9289339,36.3,3.86,0.48,1.95
1777963842.6043265,36.3,3.86,0.48,1.94
1777963843.2770448,36.3,3.85,0.48,1.94
1777963843.9544654,36.3,3.85,0.48,1.93
1777963844.630758,36.3,3.85,0.48,1.93
1777963845.30706,36.3,3.85,0.48,1.92
1777963845.982629,36.3,3.85,0.48,1.92
1777963846.6606457,36.3,3.85,0.48,1.92
1777963847.3388245,36.3,3.85,0.48,1.91
1777963848.0161738,36.3,3.85,0.48,1.91
1777963848.6922016,36.3,3.85,0.48,1.9
1777963849.371268,36.3,3.85,0.48,1.9
1777963850.0486047,36.3,3.84,0.48,1.9
1777963850.7260702,36.3,3.84,0.48,1.9
1777963851.410939,36.3,3.84,0.48,1.89
1777963852.1099203,36.3,3.84,0.48,1.89
1777963852.7878149,36.3,3.84,0.48,1.89
1777963853.4668047,36.3,3.84,0.48,1.88
1777963854.145808,36.3,3.84,0.48,1.88
1777963854.8236868,36.3,3.84,0.48,1.88
1777963855.5022247,36.3,3.84,0.49,1.88
1777963856.179313,36.3,3.84,0.49,1.88
1777963856.854742,36.3,3.84,0.48,1.88
1777963857.5365493,36.3,3.84,0.48,1.87
1777963858.217052,36.3,3.84,0.48,1.87
1777963858.8940346,36.3,3.84,0.48,1.87
1777963859.5721524,36.3,3.84,0.48,1.87
1777963860.24955,36.3,3.83,0.48,1.87
1777963860.9236395,36.3,3.83,0.48,1.87
1777963861.5976596,36.3,3.83,0.48,1.87
1777963862.2785106,36.3,3.83,0.48,1.86
1777963862.9602022,36.3,3.83,0.48,1.86
1777963863.638682,36.3,3.83,0.48,1.86
1777963864.3169384,36.3,3.83,0.48,1.86
1777963864.9947383,36.3,3.83,0.48,1.86
1777963865.675249,36.3,3.83,0.48,1.86
1777963866.3542008,36.3,3.83,0.48,1.86
1777963867.030415,36.3,3.83,0.48,1.86
1777963867.7110655,36.3,3.83,0.48,1.85
1777963868.3866217,36.3,3.83,0.48,1.85
1777963869.0642478,36.3,3.83,0.48,1.85
1777963869.7425706,36.3,3.83,0.48,1.85
1777963870.4314325,36.3,3.83,0.48,1.85
1777963871.1111662,36.3,3.83,0.48,1.85
1777963871.7993891,36.3,3.83,0.48,1.85
1777963872.475227,36.3,3.83,0.48,1.85
1777963873.1542804,36.3,3.83,0.48,1.85
1777963873.8331068,36.3,3.83,0.48,1.85
1777963874.5095882,36.3,3.83,0.48,1.85
1777963875.186489,36.3,3.83,0.48,1.85
1777963875.8615708,36.3,3.83,0.48,1.85
1777963876.540275,36.3,3.83,0.48,1.85
1777963877.2212837,36.3,3.83,0.48,1.85
1777963877.8995888,36.3,3.83,0.48,1.85
1777963878.5781937,36.3,3.83,0.48,1.85
1777963879.257744,36.3,3.83,0.48,1.85
1777963879.9345932,36.3,3.83,0.48,1.85
1777963880.6120396,36.3,3.83,0.48,1.85
1777963881.2913804,36.3,3.83,0.48,1.84
1777963881.9674056,36.3,3.83,0.48,1.84
1777963882.6448014,36.3,3.83,0.48,1.84
1777963883.318776,36.3,3.83,0.48,1.84
1777963883.9983923,36.3,3.83,0.48,1.84
1777963884.6746237,36.3,3.83,0.48,1.84
1777963885.3552604,36.3,3.83,0.48,1.84
1777963886.0346034,36.3,3.83,0.48,1.84
1777963886.7150486,36.3,3.83,0.48,1.84
1777963887.3934581,36.3,3.83,0.48,1.84
1777963888.0717196,36.3,3.83,0.48,1.84
1777963888.7483456,36.3,3.83,0.48,1.84
1777963889.4247983,36.3,3.83,0.48,1.84
1777963890.1004148,36.3,3.83,0.48,1.84
1777963890.7784712,36.3,3.83,0.48,1.84
1777963891.4519393,36.3,3.83,0.48,1.84
1777963892.1313531,36.3,3.83,0.48,1.84
1777963892.8080695,36.3,3.83,0.48,1.84
1777963893.488482,36.3,3.83,0.48,1.84
1777963894.1669922,36.3,3.83,0.48,1.84
1777963894.8576617,36.3,3.83,0.48,1.84
1777963895.5366454,36.3,3.83,0.48,1.84
1777963896.2154164,36.3,3.83,0.48,1.84
1777963896.8930707,36.3,3.83,0.48,1.84
1777963897.5687659,36.3,3.83,0.48,1.84
1777963898.24186,36.3,3.83,0.48,1.84
1777963898.9207969,36.3,3.83,0.48,1.84
1777963899.5946586,36.3,3.83,0.48,1.84
1777963900.2721045,36.3,3.83,0.48,1.84
1777963900.951296,36.3,3.83,0.48,1.84
1777963901.6320946,36.3,3.83,0.48,1.84
1777963902.3131554,36.3,3.83,0.48,1.84
1777963902.990735,36.3,3.83,0.48,1.84
1777963903.6683683,36.3,3.83,0.49,1.84
1777963904.345592,36.3,3.83,0.49,1.84
1777963905.0204751,36.3,3.83,0.48,1.84
1777963905.6956651,36.3,3.83,0.48,1.84
1777963906.3711205,36.3,3.83,0.48,1.84
1777963907.048762,36.3,3.83,0.48,1.84
1777963907.7242594,36.3,3.83,0.48,1.84
1777963908.3994594,36.3,3.83,0.47,1.84
1777963909.0768027,36.3,3.84,0.47,1.84
1777963909.752665,36.3,3.84,0.48,1.84
1777963910.4294868,36.3,3.84,0.48,1.84
1777963911.1067686,36.3,3.84,0.47,1.84
1777963911.7841063,36.3,3.84,0.47,1.84
1777963912.4658146,36.3,3.84,0.48,1.84
1777963913.1449308,36.3,3.84,0.48,1.84
1777963913.824253,36.3,3.84,0.48,1.84
1777963914.5020764,36.3,3.84,0.48,1.84
1777963915.1825905,36.3,3.84,0.48,1.84
1777963915.8562853,36.3,3.84,0.48,1.84
1777963916.5361054,36.3,3.84,0.48,1.84
1777963917.217838,36.3,3.83,0.48,1.84
1777963917.8940275,36.3,3.83,0.48,1.84
1777963918.5709214,36.3,3.83,0.47,1.84
1777963919.2606156,36.3,3.83,0.47,1.83
1777963919.9413965,36.3,3.83,0.47,1.83
1777963920.6347384,36.3,3.83,0.48,1.83
1777963921.3177457,36.3,3.83,0.48,1.83
1777963921.9933925,36.3,3.83,0.47,1.83
1777963922.6707702,36.4,3.83,0.47,1.83
1777963923.347557,36.4,3.83,0.48,1.83
1777963924.0239286,36.4,3.83,0.48,1.83
1777963924.7035549,36.4,3.83,0.48,1.83
1777963925.3772829,36.3,3.83,0.48,1.83
1777963926.057419,36.3,3.83,0.48,1.83
1777963926.742573,36.3,3.83,0.48,1.83
1777963927.4201193,36.3,3.83,0.48,1.83
1777963928.1036818,36.3,3.83,0.48,1.83
1777963928.8003252,36.3,3.83,0.48,1.83
1777963929.486293,36.3,3.83,0.48,1.83
1777963930.1783993,36.3,3.83,0.48,1.83
1777963930.861938,36.3,3.83,0.48,1.83
1777963931.5400069,36.3,3.83,0.48,1.83
1777963932.2209077,36.3,3.83,0.48,1.83
1777963932.8992753,36.3,3.83,0.48,1.83
1777963933.5810683,36.3,3.83,0.48,1.83
1777963934.2631698,36.3,3.83,0.48,1.83
1777963934.9373553,36.3,3.83,0.48,1.83
1777963935.6150365,36.3,3.83,0.48,1.83
1777963936.2941642,36.3,3.83,0.48,1.83
1777963936.971385,36.3,3.83,0.48,1.83
1777963937.6507947,36.3,3.83,0.48,1.83
1777963938.3277142,36.3,3.83,0.48,1.83
1777963939.0050123,36.3,3.83,0.48,1.83
1777963939.6824863,36.3,3.83,0.48,1.83
1777963940.3651583,36.3,3.83,0.48,1.83
1777963941.044951,36.3,3.83,0.48,1.83
1777963941.7262936,36.3,3.83,0.48,1.83
1777963942.4164157,36.3,3.83,0.48,1.83
1777963943.0954504,36.3,3.83,0.48,1.83
1777963943.7713845,36.3,3.83,0.48,1.83
1777963944.4479432,36.3,3.83,0.48,1.83
1777963945.1272144,36.3,3.83,0.48,1.83
1777963945.8048005,36.3,3.83,0.48,1.83
1777963946.4848995,36.3,3.83,0.48,1.83
1777963947.1620405,36.3,3.83,0.48,1.83
1777963947.842893,36.3,3.83,0.48,1.83
1777963948.5210857,36.3,3.83,0.48,1.83
1777963949.197284,36.3,3.83,0.47,1.83
1777963949.8741632,36.3,3.83,0.47,1.83
1777963950.5534763,36.3,3.83,0.48,1.83
1777963951.234783,36.3,3.83,0.48,1.83
1777963951.912683,36.3,3.83,0.47,1.83
1777963952.589511,36.3,3.83,0.47,1.83
1777963953.2663853,36.3,3.83,0.48,1.83
1777963953.9449093,36.3,3.83,0.47,1.83
1777963954.6583831,36.3,3.83,0.47,1.82
1777963955.3351245,36.3,3.83,0.47,1.82
1777963956.0121193,36.3,3.83,0.47,1.82
1777963956.6924887,36.3,3.83,0.47,1.82
1777963957.3761554,36.3,3.83,0.47,1.82
1777963958.0554638,36.3,3.82,0.47,1.82
1777963958.7322876,36.3,3.83,0.47,1.82
1777963959.416714,36.3,3.82,0.47,1.82
1777963960.096257,36.3,3.82,0.47,1.82
1777963960.7743466,36.3,3.82,0.47,1.82
1777963961.4581487,36.3,3.83,0.47,1.82
1777963962.14816,36.3,3.82,0.47,1.82
1777963962.8487813,36.3,3.82,0.47,1.81
1777963963.537627,36.3,3.82,0.47,1.81
1777963964.2333562,36.3,3.82,0.47,1.81
1777963964.9297576,36.3,3.82,0.47,1.81
1777963965.6101613,36.3,3.82,0.47,1.81
1777963966.3013475,36.3,3.82,0.47,1.81
1777963966.9913104,36.3,3.82,0.47,1.81
1777963967.7341726,36.3,3.82,0.47,1.81
1777963968.4503477,36.3,3.82,0.47,1.81
1777963969.132164,36.3,3.82,0.47,1.8
1777963969.8099017,36.3,3.82,0.47,1.8
1777963970.4869378,36.3,3.82,0.47,1.8
1777963971.1664388,36.3,3.82,0.47,1.8
1777963971.848557,36.3,3.82,0.47,1.8
1777963972.532662,36.3,3.82,0.47,1.8
1777963973.2171283,36.3,3.82,0.47,1.8
1777963973.8959868,36.3,3.82,0.47,1.8
1777963974.5763507,36.3,3.82,0.47,1.8
1777963975.259425,36.3,3.82,0.47,1.8
1777963975.9414592,36.3,3.82,0.47,1.8
1777963976.6212718,36.3,3.82,0.47,1.8
1777963977.3033218,36.3,3.82,0.48,1.8
1777963977.9827461,36.3,3.82,0.49,1.81
1777963978.6604238,36.3,3.82,0.49,1.81
1777963979.3475988,36.3,3.83,0.49,1.81
1777963980.0265236,36.3,3.83,0.49,1.82
1777963980.7376873,36.3,3.83,0.49,1.82
1777963981.4191852,36.3,3.83,0.49,1.82
1777963982.0992837,36.3,3.83,0.49,1.83
1777963982.7802403,36.3,3.83,0.49,1.83
1777963983.459517,36.3,3.83,0.49,1.83
1777963984.1442924,36.3,3.83,0.49,1.83
1777963984.819093,36.3,3.83,0.49,1.83
1777963985.5046818,36.3,3.83,0.49,1.84
1777963986.1998396,36.3,3.84,0.49,1.84
1777963986.9225807,36.3,3.84,0.49,1.84
1777963987.6004822,36.3,3.84,0.49,1.84
1777963988.2756221,36.3,3.84,0.49,1.84
1777963988.9592898,36.3,3.84,0.49,1.84
1777963989.6375437,36.3,3.84,0.49,1.85
1777963990.3259432,36.3,3.84,0.49,1.85
1777963991.0068846,36.3,3.84,0.49,1.85
1777963991.6863847,36.3,3.84,0.49,1.85
1777963992.3674798,36.3,3.84,0.49,1.85
1777963993.046154,36.3,3.84,0.49,1.85
1777963993.7221386,36.3,3.84,0.49,1.85
1777963994.405225,36.3,3.84,0.49,1.85
1777963995.0862436,36.3,3.84,0.49,1.86
1777963995.7691233,36.3,3.84,0.49,1.86
1777963996.455204,36.3,3.84,0.48,1.86
1777963997.1384282,36.3,3.84,0.49,1.86
1777963997.848014,36.3,3.84,0.48,1.86
1777963998.5350895,36.3,3.84,0.48,1.86
1777963999.2160683,36.3,3.84,0.48,1.86
1777963999.9017005,36.3,3.84,0.49,1.86
1777964000.5827549,36.3,3.84,0.49,1.86
1777964001.2747617,36.3,3.84,0.49,1.86
1777964001.9675026,36.3,3.84,0.48,1.86
1777964002.66719,36.3,3.84,0.49,1.86
1777964003.3465137,36.3,3.84,0.49,1.86
1777964004.0357425,36.3,3.84,0.49,1.86
1777964004.7216046,36.3,3.84,0.49,1.86
1777964005.4096112,36.3,3.84,0.49,1.86
1777964006.1029005,36.3,3.84,0.49,1.86
1777964006.7877724,36.3,3.84,0.49,1.86
1777964007.470625,36.3,3.84,0.49,1.86
1777964008.148861,36.3,3.84,0.49,1.86
1777964008.8397837,36.3,3.84,0.49,1.86
1777964009.525537,36.3,3.84,0.49,1.86
1777964010.2022114,36.3,3.84,0.48,1.86
1777964010.8884976,36.3,3.84,0.49,1.86
1777964011.567162,36.3,3.84,0.48,1.86
1777964012.2720308,36.3,3.84,0.48,1.86
1777964012.9642117,36.3,3.84,0.49,1.86
1777964013.6489265,36.3,3.84,0.49,1.86
1777964014.3535132,36.3,3.84,0.49,1.86
1777964015.03186,36.3,3.84,0.49,1.86
1777964015.71851,36.3,3.84,0.49,1.86
1777964016.4152267,36.3,3.84,0.49,1.86
1777964017.1078176,36.3,3.84,0.49,1.86
1777964017.8034244,36.3,3.84,0.49,1.87
1777964018.5284016,36.3,3.84,0.49,1.87
1777964019.225117,36.3,3.84,0.49,1.87
1777964019.9228551,36.3,3.84,0.49,1.87
1777964020.6086795,36.3,3.84,0.49,1.87
1777964021.2904408,36.3,3.84,0.49,1.87
1777964021.9780588,36.3,3.84,0.49,1.87
1777964022.6597295,36.3,3.84,0.49,1.87
1777964023.3495076,36.3,3.84,0.49,1.87
1777964024.0353823,36.3,3.84,0.49,1.87
1777964024.7293718,36.3,3.84,0.49,1.87
1777964025.4124005,36.3,3.84,0.49,1.87
1777964026.093243,36.3,3.84,0.49,1.87
1777964026.7772493,36.3,3.84,0.49,1.87
1777964027.4571114,36.3,3.84,0.49,1.87
1777964028.1394827,36.3,3.84,0.49,1.87
1777964028.82947,36.3,3.84,0.49,1.87
1777964029.5100458,36.3,3.84,0.49,1.87
1777964030.190857,36.3,3.84,0.49,1.87
1777964030.8728247,36.3,3.84,0.49,1.87
1777964031.5556207,36.3,3.83,0.49,1.87
1777964032.2376459,36.3,3.83,0.49,1.87
1777964032.9134877,36.3,3.84,0.49,1.87
1777964033.5923893,36.3,3.84,0.49,1.87
1777964034.2695355,36.3,3.83,0.49,1.87
1777964034.9537559,36.3,3.83,0.49,1.87
1777964035.6415324,36.3,3.84,0.49,1.87
1777964036.3255744,36.3,3.83,0.49,1.87
1777964037.0126169,36.3,3.83,0.49,1.87
1777964037.6933312,36.3,3.83,0.49,1.87
1777964038.3696034,36.3,3.84,0.49,1.87
1777964039.052074,36.3,3.84,0.49,1.87
1777964039.7387714,36.3,3.84,0.49,1.87
1777964040.421309,36.3,3.84,0.49,1.87
1777964041.0984266,36.3,3.84,0.49,1.87
1777964041.779739,36.3,3.84,0.49,1.87
1777964042.4599192,36.3,3.84,0.49,1.88
1777964043.1499486,36.3,3.84,0.49,1.88
1777964043.8357916,36.3,3.84,0.49,1.88
1777964044.5181093,36.3,3.84,0.49,1.88
1777964045.2002397,36.3,3.84,0.49,1.88
1777964045.8936737,36.3,3.84,0.49,1.88
1777964046.571841,36.3,3.84,0.49,1.88
1777964047.2608624,36.3,3.84,0.49,1.88
1777964047.9402516,36.3,3.84,0.49,1.88
1777964048.6635687,36.3,3.83,0.49,1.88
1777964049.344546,36.3,3.84,0.49,1.88
1777964050.0208974,36.3,3.83,0.49,1.88
1777964050.700319,36.3,3.83,0.49,1.88
1777964051.3817866,36.3,3.83,0.49,1.88
1777964052.06882,36.3,3.84,0.49,1.88
1777964052.7509134,36.3,3.83,0.49,1.88
1777964053.4390998,36.3,3.83,0.49,1.88
1777964054.1254451,36.3,3.83,0.49,1.88
1777964054.80497,36.3,3.83,0.49,1.88
1777964055.479702,36.3,3.83,0.49,1.88
1777964056.1634986,36.3,3.83,0.49,1.88
1777964056.8574615,36.3,3.83,0.49,1.88
1777964057.5390599,36.3,3.83,0.49,1.88
1777964058.2222729,36.3,3.83,0.49,1.88
1777964058.8978631,36.3,3.83,0.49,1.87
1777964059.5842159,36.3,3.83,0.48,1.87
1777964060.2662594,36.3,3.83,0.49,1.87
1777964060.9644446,36.3,3.83,0.49,1.87
1777964061.6679716,36.3,3.83,0.49,1.87
1777964062.3552854,36.3,3.83,0.49,1.87
1777964063.0506814,36.3,3.83,0.49,1.87
1777964063.7631178,36.3,3.83,0.49,1.87
1777964064.4495845,36.3,3.83,0.49,1.87
1777964065.1378996,36.3,3.83,0.49,1.87
1777964065.8203936,36.3,3.83,0.49,1.87
1777964066.4996283,36.3,3.83,0.49,1.87
1777964067.1863005,36.3,3.83,0.49,1.87
1777964067.8743775,36.3,3.83,0.49,1.87
1777964068.5602984,36.3,3.83,0.49,1.87
1777964069.2381773,36.3,3.83,0.49,1.87
1777964069.9224446,36.3,3.83,0.48,1.87
1777964070.5994742,36.3,3.83,0.48,1.87
1777964071.2981594,36.3,3.83,0.48,1.87
1777964072.0044403,36.3,3.83,0.48,1.87
1777964072.7081,36.3,3.83,0.48,1.87
1777964073.3994467,36.3,3.83,0.48,1.87
1777964074.0838466,36.3,3.83,0.49,1.87
1777964074.787754,36.3,3.83,0.48,1.86
1777964075.4730036,36.3,3.83,0.48,1.86
1777964076.1584318,36.3,3.83,0.48,1.86
1777964076.8440995,36.3,3.83,0.49,1.86
1777964077.534628,36.3,3.83,0.49,1.86
1777964078.2214642,36.3,3.83,0.49,1.86
1777964078.9099107,36.3,3.83,0.49,1.86
1777964079.6169107,36.3,3.83,0.49,1.86
1777964080.3030562,36.3,3.83,0.49,1.86
1777964080.9866514,36.3,3.83,0.49,1.86
1777964081.66702,36.3,3.83,0.49,1.86
1777964082.353733,36.3,3.83,0.49,1.86
1777964083.0337152,36.3,3.83,0.49,1.86
1777964083.7229488,36.3,3.83,0.49,1.86
1777964084.4013636,36.3,3.83,0.48,1.86
1777964085.0930755,36.3,3.83,0.49,1.86
1777964085.777512,36.3,3.83,0.48,1.86
1777964086.4554765,36.3,3.83,0.48,1.86
1777964087.1531155,36.3,3.83,0.49,1.86
1777964087.8484092,36.3,3.83,0.49,1.86
1777964088.5333495,36.3,3.83,0.49,1.86
1777964089.214596,36.3,3.83,0.49,1.86
1777964089.8985598,36.3,3.83,0.49,1.86
1777964090.6000693,36.3,3.83,0.49,1.87
1777964091.2901564,36.3,3.83,0.49,1.87
1777964091.976354,36.3,3.83,0.49,1.87
1777964092.6603367,36.3,3.83,0.49,1.87
1777964093.3395493,36.3,3.83,0.49,1.87
1777964094.0279071,36.3,3.83,0.49,1.87
1777964094.7100787,36.3,3.83,0.49,1.87
1777964095.3955913,36.3,3.83,0.49,1.87
1777964096.082761,36.3,3.83,0.49,1.87
1777964096.758221,36.3,3.83,0.49,1.87
1777964097.446256,36.3,3.83,0.49,1.87
1777964098.128923,36.3,3.83,0.49,1.87
1777964098.8039877,36.3,3.83,0.49,1.87
1777964099.4883847,36.3,3.83,0.49,1.87
1777964100.1722689,36.3,3.83,0.49,1.87
1777964100.8500621,36.3,3.83,0.49,1.87
1777964101.5285013,36.3,3.83,0.49,1.87
1777964102.2063687,36.3,3.83,0.49,1.87
1777964102.882914,36.3,3.83,0.49,1.87
1777964103.5660365,36.3,3.83,0.48,1.87
1777964104.255453,36.3,3.83,0.48,1.86
1777964104.943605,36.3,3.83,0.48,1.86
1777964105.6185727,36.3,3.83,0.48,1.86
1777964106.299851,36.3,3.82,0.48,1.86
1777964107.035352,36.3,3.82,0.48,1.85
1777964107.7273536,36.3,3.82,0.48,1.85
1777964108.4103105,36.3,3.82,0.47,1.85
1777964109.1288528,36.3,3.82,0.47,1.85
1777964109.8179772,36.3,3.82,0.47,1.84
1777964110.5020616,36.3,3.82,0.47,1.84
1777964111.1852686,36.3,3.82,0.47,1.84
1777964111.8689976,36.3,3.81,0.47,1.83
1777964112.551107,36.3,3.81,0.47,1.83
1777964113.2254229,36.3,3.81,0.47,1.83
1777964113.9072278,36.3,3.81,0.47,1.83
1777964114.5869193,36.3,3.81,0.47,1.83
1777964115.2696147,36.3,3.81,0.47,1.82
1777964115.9486697,36.3,3.81,0.47,1.82
1777964116.6291282,36.3,3.81,0.47,1.82
1777964117.3161764,36.3,3.81,0.47,1.82
1777964117.996173,36.3,3.81,0.47,1.82
1777964118.6781785,36.3,3.81,0.47,1.82
1777964119.3589284,36.3,3.81,0.47,1.82
1777964120.0429502,36.3,3.81,0.47,1.82
1777964120.7276075,36.3,3.81,0.47,1.81
1777964121.4117303,36.3,3.81,0.47,1.81
1777964122.101056,36.3,3.81,0.47,1.81
1777964122.8018148,36.3,3.81,0.47,1.81
1777964123.483586,36.3,3.81,0.47,1.81
1777964124.164774,36.3,3.81,0.47,1.81
1777964124.845113,36.3,3.81,0.47,1.81
1777964125.5232372,36.3,3.81,0.47,1.81
1777964126.211241,36.3,3.81,0.47,1.81
1777964126.891806,36.3,3.81,0.47,1.81
1777964127.5772996,36.3,3.81,0.47,1.81
1777964128.2612092,36.3,3.81,0.47,1.81
1777964128.9577496,36.3,3.81,0.47,1.81
1777964129.6581216,36.3,3.81,0.47,1.81
1777964130.3557982,36.3,3.81,0.47,1.81
1777964131.0609531,36.3,3.81,0.47,1.81
1777964131.766658,36.3,3.81,0.47,1.81
1777964132.459302,36.3,3.81,0.47,1.8
1777964133.169528,36.3,3.81,0.47,1.8
1777964133.906455,36.3,3.81,0.47,1.8
1777964134.689291,36.3,3.81,0.47,1.8
1777964135.4461,36.3,3.81,0.47,1.8
1777964136.2142537,36.3,3.81,0.47,1.8
1777964136.899269,36.3,3.81,0.47,1.8
1777964137.596835,36.3,3.81,0.47,1.8
1777964138.3188107,36.3,3.81,0.47,1.8
1777964139.0290687,36.3,3.81,0.48,1.8
1777964139.7357087,36.3,3.8,0.48,1.8
1777964140.4429567,36.3,3.81,0.48,1.8
1777964141.1620607,36.3,3.8,0.47,1.8
1777964141.8840861,36.3,3.8,0.47,1.8
1777964142.609851,36.3,3.8,0.47,1.8
1777964143.311437,36.3,3.8,0.47,1.8
1777964144.0338144,36.3,3.8,0.47,1.8
1777964144.749909,36.3,3.8,0.47,1.8
1777964145.4785874,36.3,3.8,0.48,1.8
1777964146.223901,36.3,3.8,0.47,1.8
1777964146.9758413,36.3,3.8,0.47,1.8
1777964147.731904,36.3,3.8,0.47,1.8
1777964148.4684837,36.3,3.8,0.47,1.8
1777964149.241149,36.3,3.8,0.47,1.8
1777964150.0434875,36.3,3.8,0.47,1.8
1777964150.7473097,36.3,3.8,0.47,1.8
1777964151.439105,36.3,3.8,0.47,1.8
1777964152.1473958,36.3,3.8,0.47,1.8
1777964152.8281434,36.3,3.8,0.47,1.8
1777964153.5295603,36.3,3.8,0.47,1.8
1777964154.23124,36.3,3.8,0.47,1.8
1777964154.9223564,36.3,3.8,0.47,1.8
1777964155.6103811,36.3,3.8,0.47,1.8
1777964156.2964401,36.3,3.8,0.47,1.8
1777964156.9944603,36.3,3.8,0.47,1.8
1777964157.6854086,36.3,3.8,0.48,1.8
1777964158.3950634,36.3,3.8,0.47,1.8
1777964159.0860422,36.3,3.8,0.47,1.8
1777964159.7726915,36.3,3.8,0.47,1.8
1777964160.4517422,36.3,3.8,0.47,1.8
1777964161.132243,36.3,3.8,0.47,1.8
1777964161.8105576,36.3,3.8,0.47,1.8
1777964162.488262,36.3,3.8,0.47,1.8
1777964163.1675878,36.3,3.8,0.48,1.8
1777964163.8438134,36.3,3.8,0.47,1.8
1777964164.5212288,36.3,3.8,0.48,1.8
1777964165.225582,36.3,3.8,0.47,1.8
1777964165.9632628,36.3,3.8,0.48,1.8
1777964166.6417203,36.3,3.8,0.48,1.8
1777964167.3204038,36.3,3.8,0.48,1.8
1777964167.999955,36.3,3.8,0.48,1.8
1777964168.6967332,36.3,3.81,0.48,1.8
1777964169.3951502,36.3,3.81,0.48,1.8
1777964170.0916085,36.3,3.8,0.47,1.8
1777964170.7949748,36.3,3.8,0.47,1.8
1777964171.5153873,36.3,3.81,0.47,1.8
1777964172.2715702,36.3,3.81,0.47,1.8
1777964173.0248578,36.3,3.8,0.47,1.8
1777964173.8154678,36.3,3.8,0.47,1.8
1777964174.7508302,36.3,3.81,0.47,1.8
1777964175.5491157,36.3,3.81,0.47,1.8
1777964176.259928,36.3,3.81,0.47,1.8
1777964176.964211,36.3,3.81,0.47,1.8
1777964177.6564293,36.3,3.81,0.47,1.8
1777964178.4175842,36.3,3.81,0.47,1.8
1777964179.1603866,36.3,3.81,0.47,1.8
1777964179.8795664,36.3,3.8,0.47,1.8
1777964180.5900536,36.3,3.81,0.47,1.8
1777964181.3121545,36.3,3.81,0.47,1.8
1777964182.0074944,36.3,3.8,0.47,1.8
1777964182.724936,36.3,3.8,0.47,1.8
1777964183.4656892,36.3,3.81,0.48,1.8
1777964184.1937056,36.3,3.81,0.48,1.8
1777964184.967015,36.3,3.81,0.48,1.8
1777964185.6566691,36.3,3.81,0.47,1.8
1777964186.3319547,36.3,3.81,0.48,1.8
1777964187.0123827,36.3,3.81,0.48,1.8
1777964187.6869695,36.3,3.81,0.48,1.8
1777964188.3613608,36.3,3.81,0.48,1.8
1777964189.0429213,36.3,3.81,0.48,1.81
1777964189.728159,36.3,3.81,0.48,1.81
1777964190.408985,36.3,3.81,0.48,1.81
1777964191.0957403,36.3,3.81,0.48,1.81
1777964191.809008,36.3,3.81,0.48,1.81
1777964192.505859,36.3,3.81,0.48,1.81
1777964193.208818,36.3,3.81,0.47,1.81
1777964193.9463356,36.3,3.81,0.47,1.81
1777964194.6990545,36.3,3.81,0.48,1.81
1777964195.389606,36.3,3.81,0.48,1.81
1777964196.099173,36.3,3.81,0.48,1.81
1777964196.7934036,36.3,3.81,0.48,1.81
1777964197.4879503,36.3,3.81,0.48,1.81
1777964198.1959925,36.3,3.81,0.47,1.81
1777964198.8958435,36.3,3.81,0.47,1.81
1777964199.588975,36.3,3.81,0.47,1.81
1777964200.2846205,36.3,3.81,0.47,1.81
1777964200.9705112,36.3,3.81,0.47,1.81
1777964201.6616106,36.3,3.8,0.48,1.81
1777964202.476181,36.3,3.8,0.47,1.81
1777964203.2455277,36.3,3.8,0.48,1.81
1777964204.0079088,36.3,3.8,0.48,1.81
1777964204.7352242,36.3,3.8,0.48,1.81
1777964205.446019,36.3,3.8,0.47,1.81
1777964206.164119,36.3,3.8,0.48,1.81
1777964206.912804,36.3,3.8,0.48,1.81
1777964207.6511538,36.3,3.8,0.47,1.81
1777964208.3654287,36.3,3.8,0.47,1.81
1777964209.1029804,36.3,3.8,0.47,1.81
1777964209.8249242,36.3,3.8,0.47,1.81
1777964210.5526705,36.3,3.8,0.47,1.81
1777964211.34035,36.3,3.8,0.47,1.81
1777964212.085147,36.3,3.8,0.47,1.81
1777964212.8506637,36.3,3.8,0.47,1.81
1777964213.5886438,36.3,3.8,0.48,1.81
1777964214.3255336,36.3,3.8,0.48,1.81
1777964215.052197,36.3,3.8,0.48,1.81
1777964215.8299382,36.3,3.8,0.47,1.81
1777964216.5637052,36.3,3.8,0.47,1.81
1777964217.2975492,36.3,3.8,0.47,1.81
1777964218.0177505,36.3,3.8,0.48,1.81
1777964218.733743,36.3,3.8,0.48,1.81
1777964219.4756732,36.3,3.8,0.48,1.81
1777964220.211893,36.3,3.8,0.47,1.81
1777964220.9397335,36.3,3.8,0.48,1.81
1777964221.6931345,36.3,3.8,0.48,1.81
1777964222.4470444,36.3,3.8,0.48,1.81
1777964223.1791987,36.3,3.8,0.48,1.81
1777964223.937859,36.3,3.8,0.48,1.81
1777964224.7195344,36.3,3.8,0.48,1.81
1777964225.4633875,36.3,3.8,0.48,1.81
1777964226.226835,36.3,3.8,0.48,1.81
1777964226.9756143,36.3,3.8,0.48,1.81
1777964227.7330177,36.3,3.8,0.48,1.81
1777964228.5215166,36.3,3.8,0.48,1.81
1777964229.248794,36.3,3.8,0.48,1.81
1777964230.0084875,36.3,3.8,0.48,1.81
1777964230.770719,36.3,3.8,0.48,1.81
1777964231.5107446,36.3,3.8,0.48,1.81
1777964232.2263048,36.3,3.8,0.48,1.81
1777964232.9458277,36.3,3.81,0.48,1.81
1777964233.6380975,36.3,3.8,0.48,1.81
1777964234.3257558,36.3,3.8,0.48,1.81
1777964235.0203397,36.3,3.8,0.48,1.81
1777964235.7114758,36.3,3.81,0.48,1.81
1777964236.3968272,36.3,3.81,0.47,1.81
1777964237.0894902,36.3,3.81,0.47,1.81
1777964237.7858772,36.3,3.81,0.47,1.81
1777964238.4810245,36.3,3.81,0.47,1.81
1777964239.1706424,36.3,3.81,0.47,1.81
1777964239.8600032,36.3,3.81,0.47,1.81
1777964240.5464523,36.3,3.81,0.47,1.81
1777964241.236269,36.3,3.81,0.47,1.81
1777964241.9224691,36.3,3.81,0.47,1.81
1777964242.6148157,36.3,3.8,0.47,1.81
1777964243.308952,36.3,3.8,0.47,1.81
1777964244.0109026,36.3,3.8,0.47,1.81
1777964244.698755,36.3,3.8,0.47,1.81
1777964245.4109483,36.3,3.8,0.47,1.81
1777964246.139208,36.3,3.8,0.47,1.81
1777964246.8397675,36.3,3.8,0.47,1.81
1777964247.5453424,36.3,3.8,0.47,1.81
1777964248.2395153,36.3,3.8,0.47,1.81
1777964248.9432476,36.3,3.8,0.47,1.81
1777964249.6485193,36.3,3.8,0.47,1.81
1777964250.3584924,36.3,3.8,0.47,1.81
1777964251.0728464,36.3,3.8,0.48,1.81
1777964251.8068426,36.3,3.8,0.47,1.81
1777964252.5507073,36.3,3.8,0.47,1.81
1777964253.277569,36.3,3.8,0.48,1.81
1777964253.990335,36.3,3.8,0.47,1.81
1777964254.7061155,36.3,3.8,0.47,1.8
1777964255.4410157,36.3,3.8,0.47,1.8
1777964256.18117,36.3,3.8,0.47,1.8
1777964256.9387033,36.3,3.8,0.47,1.8
1777964257.6991627,36.3,3.8,0.47,1.8
1777964258.4213521,36.3,3.8,0.47,1.8
1777964259.133214,36.3,3.8,0.47,1.8
1777964259.8505685,36.3,3.8,0.47,1.8
1777964260.5516896,36.3,3.8,0.47,1.8
1777964261.246441,36.3,3.8,0.47,1.8
1777964261.9356449,36.3,3.8,0.47,1.8
1777964262.628605,36.3,3.8,0.47,1.8
1777964263.3401613,36.3,3.8,0.47,1.8
1777964264.1105733,36.3,3.8,0.48,1.8
1777964264.846215,36.3,3.8,0.48,1.8
1777964265.5411146,36.3,3.8,0.48,1.8
1777964266.2494173,36.3,3.8,0.47,1.8
1777964266.9386742,36.3,3.8,0.47,1.8
1777964267.6355379,36.3,3.8,0.47,1.8
1777964268.3307188,36.3,3.8,0.47,1.8
1777964269.045773,36.3,3.8,0.47,1.8
1777964269.78607,36.3,3.8,0.48,1.8
1777964270.4933593,36.3,3.8,0.48,1.8
1777964271.1976779,36.3,3.8,0.48,1.8
1777964271.9445477,36.3,3.8,0.47,1.8
1777964272.6847782,36.3,3.8,0.48,1.8
1777964273.4414062,36.3,3.8,0.48,1.8
1777964274.1787996,36.3,3.8,0.48,1.81
1777964274.8932745,36.3,3.8,0.48,1.81
1777964275.6339853,36.3,3.8,0.48,1.81
1777964276.3720906,36.3,3.8,0.48,1.81
1777964277.0688572,36.3,3.8,0.48,1.81
1777964277.7665303,36.3,3.8,0.48,1.81
1777964278.463748,36.3,3.8,0.48,1.81
1777964279.1557262,36.3,3.8,0.48,1.81
1777964279.8471942,36.3,3.81,0.48,1.81
1777964280.59305,36.3,3.81,0.49,1.82
1777964281.32835,36.3,3.82,0.49,1.82
1777964282.0934403,36.3,3.82,0.49,1.82
1777964282.8203251,36.3,3.82,0.49,1.83
1777964283.536985,36.3,3.82,0.49,1.83
1777964284.2715113,36.3,3.83,0.5,1.84
1777964285.0359926,36.3,3.83,0.5,1.84
1777964285.7647293,36.3,3.83,0.5,1.84
1777964286.4538898,36.3,3.83,0.5,1.85
1777964287.1571412,36.3,3.83,0.5,1.85
1777964287.8495111,36.3,3.83,0.5,1.86
1777964288.5357382,36.3,3.83,0.5,1.86
1777964289.2173924,36.3,3.84,0.5,1.86
1777964289.9313414,36.3,3.84,0.5,1.86
1777964290.6175582,36.3,3.84,0.5,1.87
1777964291.3036103,36.3,3.84,0.5,1.87
1777964292.0083246,36.3,3.84,0.5,1.87
1777964292.7023468,36.3,3.84,0.5,1.87
1777964293.4133253,36.3,3.84,0.5,1.87
1777964294.1197762,36.3,3.84,0.49,1.88
1777964294.8061967,36.3,3.84,0.49,1.88
1777964295.5235558,36.3,3.84,0.5,1.88
1777964296.2110674,36.3,3.84,0.49,1.88
1777964296.9042792,36.3,3.84,0.5,1.88
1777964297.5971608,36.3,3.84,0.5,1.88
1777964298.2865043,36.3,3.84,0.5,1.88
1777964298.9763746,36.3,3.84,0.5,1.89
1777964299.6850595,36.3,3.84,0.49,1.89
1777964300.3738744,36.3,3.84,0.49,1.89
1777964301.0591695,36.3,3.85,0.49,1.89
1777964301.7505732,36.3,3.84,0.49,1.89
1777964302.456433,36.3,3.84,0.49,1.89
1777964303.1657555,36.3,3.84,0.49,1.89
1777964303.8576405,36.3,3.85,0.5,1.89
1777964304.565637,36.3,3.85,0.5,1.89
1777964305.2561743,36.3,3.85,0.49,1.89
1777964305.949152,36.3,3.85,0.49,1.89
1777964306.6569455,36.3,3.85,0.49,1.89
1777964307.3499362,36.3,3.85,0.49,1.89
1777964308.0558112,36.3,3.85,0.49,1.89
1777964308.7483501,36.3,3.85,0.49,1.89
1777964309.4375763,36.3,3.85,0.49,1.89
1777964310.133292,36.3,3.85,0.49,1.89
1777964310.822677,36.3,3.85,0.49,1.89
1777964311.5071623,36.3,3.85,0.49,1.89
1777964312.2053611,36.3,3.85,0.49,1.89
1777964312.8974028,36.3,3.85,0.49,1.89
1777964313.584385,36.3,3.85,0.49,1.89
1777964314.2753224,36.3,3.85,0.49,1.89
1777964314.970738,36.3,3.85,0.5,1.89
1777964315.6584501,36.3,3.85,0.49,1.89
1777964316.3484435,36.3,3.85,0.49,1.89
1777964317.0383568,36.3,3.85,0.49,1.89
1777964317.737231,36.3,3.85,0.49,1.89
1777964318.43489,36.3,3.85,0.49,1.89
1777964319.123483,36.3,3.85,0.49,1.89
1777964319.820536,36.3,3.85,0.49,1.89
1777964320.5152228,36.3,3.85,0.49,1.89
1777964321.2041235,36.3,3.85,0.49,1.89
1777964321.8919883,36.3,3.85,0.49,1.89
1777964322.5859356,36.3,3.85,0.49,1.89
1777964323.2774172,36.3,3.85,0.49,1.89
1777964323.9736805,36.3,3.85,0.49,1.89
1777964324.6675928,36.3,3.85,0.49,1.89
1777964325.3586605,36.3,3.85,0.49,1.89
1777964326.049093,36.3,3.85,0.49,1.89
1777964326.7404132,36.3,3.85,0.49,1.89
1777964327.4300284,36.3,3.85,0.49,1.89
1777964328.1194882,36.3,3.85,0.49,1.89
1777964328.8051107,36.3,3.85,0.49,1.89
1777964329.4956234,36.3,3.85,0.49,1.89
1777964330.1860812,36.3,3.85,0.5,1.89
1777964330.8694406,36.3,3.85,0.49,1.89
1777964331.5767615,36.3,3.85,0.5,1.89
1777964332.28922,36.3,3.85,0.49,1.89
1777964332.9820163,36.3,3.85,0.49,1.89
1777964333.6757548,36.3,3.85,0.49,1.89
1777964334.3836975,36.3,3.85,0.49,1.89
1777964335.0993009,36.3,3.85,0.49,1.89
1777964335.8024175,36.3,3.85,0.49,1.89
1777964336.5053911,36.3,3.85,0.49,1.89
1777964337.1910338,36.3,3.85,0.49,1.89
1777964337.8794794,36.3,3.85,0.49,1.89
1777964338.5728683,36.3,3.85,0.49,1.89
1777964339.2682068,36.3,3.85,0.49,1.89
1777964339.960897,36.3,3.85,0.49,1.89
1777964340.6598763,36.3,3.85,0.49,1.89
1777964341.3503196,36.3,3.85,0.49,1.89
1777964342.0473633,36.3,3.85,0.49,1.89
1777964342.743571,36.3,3.85,0.5,1.89
1777964343.4303594,36.3,3.85,0.49,1.89
1777964344.1228635,36.3,3.85,0.49,1.89
1777964344.8146808,36.3,3.85,0.49,1.89
1777964345.5290437,36.3,3.85,0.5,1.9
1777964346.2214484,36.3,3.85,0.49,1.9
1777964346.9118395,36.3,3.85,0.5,1.9
1777964347.629317,36.3,3.85,0.5,1.9
1777964348.3222172,36.3,3.85,0.5,1.9
1777964349.0166018,36.3,3.85,0.49,1.9
1777964349.7157428,36.3,3.85,0.49,1.9
1777964350.4119596,36.3,3.85,0.49,1.9
1777964351.1030772,36.3,3.85,0.49,1.9
1777964351.7991133,36.3,3.85,0.49,1.9
1777964352.5175908,36.3,3.85,0.49,1.9
1777964353.210282,36.3,3.85,0.49,1.9
1777964353.892954,36.3,3.85,0.5,1.9
1777964354.5835607,36.3,3.85,0.49,1.9
1777964355.2714655,36.3,3.85,0.49,1.9
1777964355.9558659,36.3,3.85,0.49,1.9
1777964356.6468887,36.3,3.85,0.49,1.9
1777964357.3304088,36.3,3.85,0.49,1.9
1777964358.0205185,36.3,3.85,0.49,1.9
1777964358.7127552,36.3,3.85,0.49,1.9
1777964359.4023757,36.3,3.85,0.49,1.9
1777964360.0909646,36.3,3.85,0.49,1.9
1777964360.7823358,36.3,3.85,0.49,1.9
1777964361.4799092,36.3,3.85,0.49,1.9
1777964362.1784515,36.3,3.85,0.49,1.9
1777964362.862965,36.3,3.85,0.49,1.9
1777964363.587541,36.3,3.85,0.49,1.89
1777964364.2843568,36.3,3.85,0.49,1.89
1777964364.9778223,36.3,3.85,0.49,1.89
1777964365.6662438,36.3,3.85,0.49,1.89
1777964366.355219,36.3,3.84,0.49,1.89
1777964367.0419192,36.3,3.84,0.49,1.89
1777964367.744502,36.3,3.84,0.49,1.89
1777964368.4385834,36.3,3.84,0.49,1.89
1777964369.1269412,36.3,3.84,0.49,1.89
1777964369.8196352,36.3,3.84,0.49,1.89
1777964370.5031621,36.3,3.84,0.49,1.88
1777964371.191479,36.3,3.84,0.49,1.88
1777964371.8891141,36.3,3.84,0.49,1.88
1777964372.5743625,36.3,3.84,0.49,1.88
1777964373.3388817,36.3,3.84,0.49,1.88
1777964374.0500093,36.3,3.84,0.49,1.88
1777964374.736003,36.3,3.84,0.49,1.88
1777964375.4309795,36.3,3.84,0.49,1.88
1777964376.12009,36.3,3.84,0.49,1.88
1777964376.8124201,36.3,3.84,0.49,1.88
1777964377.500857,36.3,3.84,0.49,1.88
1777964378.1919014,36.3,3.84,0.49,1.88
1777964378.878398,36.3,3.84,0.49,1.88
1777964379.5649142,36.3,3.84,0.49,1.88
1777964380.2503953,36.3,3.84,0.49,1.88
1777964380.9383147,36.3,3.84,0.49,1.88
1777964381.628854,36.3,3.84,0.49,1.88
1777964382.3224485,36.3,3.84,0.49,1.88
1777964383.011123,36.3,3.84,0.49,1.88
1777964383.6974037,36.3,3.84,0.49,1.88
1777964384.3851488,36.3,3.84,0.49,1.88
1777964385.0763156,36.3,3.84,0.49,1.88
1777964385.7721314,36.3,3.84,0.49,1.88
1777964386.4658186,36.3,3.84,0.49,1.88
1777964387.1655972,36.3,3.84,0.5,1.88
1777964387.8694413,36.3,3.84,0.5,1.89
1777964388.560542,36.3,3.84,0.49,1.89
1777964389.2754593,36.3,3.84,0.49,1.89
1777964389.9628932,36.3,3.85,0.49,1.89
1777964390.6788037,36.3,3.84,0.5,1.89
1777964391.3828807,36.3,3.85,0.5,1.89
1777964392.0853827,36.3,3.85,0.5,1.89
1777964392.7905972,36.3,3.85,0.5,1.89
1777964393.481313,36.3,3.85,0.5,1.89
1777964394.1794446,36.3,3.85,0.5,1.9
1777964394.8711731,36.3,3.85,0.5,1.9
1777964395.5794716,36.3,3.85,0.5,1.9
1777964396.2604048,36.3,3.85,0.5,1.9
1777964396.9513967,36.3,3.85,0.5,1.9
1777964397.649176,36.3,3.85,0.5,1.9
1777964398.334173,36.3,3.85,0.5,1.9
1777964399.0240703,36.3,3.85,0.5,1.91
1777964399.7153783,36.3,3.85,0.5,1.91
1777964400.417881,36.3,3.85,0.5,1.91
1777964401.1252363,36.3,3.85,0.5,1.91
1777964401.822694,36.3,3.85,0.5,1.91
1777964402.5098002,36.3,3.85,0.5,1.91
1777964403.19515,36.3,3.85,0.5,1.91
1777964403.8866775,36.3,3.85,0.5,1.91
1777964404.5815494,36.3,3.85,0.5,1.91
1777964405.266287,36.3,3.85,0.5,1.91
1777964405.9575744,36.3,3.85,0.49,1.91
1777964406.6573987,36.3,3.85,0.5,1.91
1777964407.3634725,36.3,3.85,0.5,1.91
1777964408.054016,36.3,3.85,0.5,1.91
1777964408.7585776,36.3,3.85,0.5,1.91
1777964409.4550827,36.3,3.85,0.5,1.91
1777964410.141778,36.3,3.85,0.49,1.91
1777964410.8531644,36.3,3.85,0.49,1.91
1777964411.5517263,36.3,3.85,0.5,1.91
1777964412.2614686,36.3,3.85,0.5,1.91
1777964412.9483576,36.3,3.85,0.49,1.91
1777964413.6398125,36.3,3.85,0.49,1.91
1777964414.330716,36.3,3.85,0.49,1.91
1777964415.0297692,36.3,3.85,0.5,1.91
1777964415.7252595,36.3,3.85,0.5,1.91
1777964416.4249954,36.3,3.85,0.49,1.91
1777964417.1377392,36.3,3.85,0.5,1.91
1777964417.8356876,36.3,3.85,0.5,1.91
1777964418.5316474,36.3,3.85,0.49,1.91
1777964419.2215538,36.3,3.85,0.49,1.91
1777964419.9233763,36.3,3.85,0.49,1.91
1777964420.6199992,36.3,3.85,0.5,1.91
1777964421.3278131,36.3,3.85,0.5,1.91
1777964422.0356975,36.3,3.85,0.49,1.91
1777964422.74058,36.3,3.85,0.49,1.91
1777964423.443271,36.3,3.85,0.49,1.91
1777964424.1409748,36.3,3.85,0.49,1.91
1777964424.8271136,36.3,3.85,0.5,1.91
1777964425.517696,36.3,3.85,0.5,1.91
1777964426.2132828,36.3,3.85,0.5,1.91
1777964426.898476,36.3,3.85,0.5,1.91
1777964427.5968843,36.3,3.85,0.49,1.91
1777964428.2848232,36.3,3.85,0.49,1.91
1777964428.9863188,36.3,3.85,0.5,1.91
1777964429.6804047,36.3,3.85,0.49,1.91
1777964430.3707278,36.3,3.85,0.49,1.91
1777964431.0653586,36.3,3.85,0.49,1.9
1777964431.7654219,36.3,3.85,0.5,1.91
1777964432.5171123,36.3,3.85,0.5,1.91
1777964433.2276244,36.3,3.85,0.49,1.9
1777964433.9473398,36.3,3.85,0.49,1.9
1777964434.6705654,36.3,3.85,0.49,1.9
1777964435.3649297,36.3,3.85,0.49,1.9
1777964436.0578308,36.3,3.85,0.49,1.9
1777964436.7708385,36.3,3.85,0.49,1.9
1777964437.462375,36.3,3.85,0.5,1.9
1777964438.1746304,36.3,3.85,0.5,1.9
1777964438.948253,36.3,3.85,0.49,1.9
1777964439.6708128,36.3,3.85,0.49,1.9
1777964440.3820503,36.3,3.85,0.49,1.9
1777964441.072925,36.3,3.85,0.49,1.9
1777964441.7611232,36.3,3.85,0.49,1.9
1777964442.4521792,36.3,3.84,0.49,1.9
1777964443.1390238,36.3,3.84,0.49,1.9
1777964443.827552,36.3,3.84,0.49,1.9
1777964444.567619,36.3,3.84,0.49,1.9
1777964445.2520247,36.3,3.84,0.49,1.9
1777964445.9412394,36.3,3.85,0.49,1.9
1777964446.6301432,36.3,3.84,0.49,1.9
1777964447.3718588,36.3,3.84,0.5,1.9
1777964448.0739667,36.3,3.84,0.5,1.9
1777964448.770656,36.3,3.84,0.5,1.9
1777964449.481763,36.3,3.84,0.5,1.9
1777964450.196598,36.3,3.84,0.49,1.9
1777964450.9090207,36.3,3.84,0.49,1.9
1777964451.5976074,36.3,3.84,0.49,1.9
1777964452.3212416,36.3,3.84,0.49,1.9
1777964453.0416775,36.3,3.84,0.49,1.89
1777964453.7340214,36.3,3.84,0.49,1.89
1777964454.441671,36.3,3.84,0.49,1.89
1777964455.1504617,36.3,3.84,0.49,1.89
1777964455.8429806,36.3,3.84,0.49,1.89
1777964456.558791,36.3,3.84,0.49,1.89
1777964457.2532651,36.3,3.84,0.49,1.89
1777964457.9478602,36.3,3.84,0.49,1.89
1777964458.6370273,36.3,3.84,0.49,1.89
1777964459.3470256,36.3,3.84,0.49,1.89
1777964460.052347,36.3,3.84,0.49,1.89
1777964460.7645237,36.3,3.84,0.49,1.89
1777964461.4658868,36.3,3.84,0.49,1.89
1777964462.1681316,36.3,3.84,0.49,1.89
1777964462.8651464,36.3,3.84,0.49,1.89
1777964463.552864,36.3,3.84,0.49,1.89
1777964464.2931194,36.3,3.84,0.49,1.88
1777964464.982704,36.3,3.84,0.49,1.88
1777964465.6815379,36.3,3.84,0.49,1.88
1777964466.378561,36.3,3.84,0.49,1.88
1777964467.07395,36.3,3.84,0.49,1.88
1777964467.760419,36.3,3.84,0.49,1.88
1777964468.440999,36.3,3.84,0.49,1.88
1777964469.1634278,36.3,3.84,0.49,1.88
1777964469.8632996,36.3,3.84,0.49,1.88
1777964470.5605562,36.3,3.84,0.49,1.88
1777964471.2932317,36.3,3.84,0.49,1.88
1777964471.9867692,36.3,3.84,0.49,1.88
1777964472.6734736,36.3,3.84,0.49,1.88
1777964473.3692148,36.3,3.84,0.49,1.88
1777964474.1127217,36.3,3.84,0.49,1.88
1777964474.8350556,36.3,3.84,0.49,1.88
1777964475.5412962,36.3,3.84,0.49,1.88
1777964476.2466054,36.3,3.84,0.49,1.88
1777964476.9596624,36.3,3.84,0.49,1.88
1777964477.6946352,36.3,3.84,0.49,1.88
1777964478.3874357,36.3,3.84,0.49,1.88
1777964479.0956626,36.3,3.84,0.49,1.88
1777964479.7840703,36.3,3.84,0.49,1.88
1777964480.495481,36.3,3.84,0.49,1.88
1777964481.1872447,36.3,3.84,0.49,1.88
1777964481.8827455,36.3,3.84,0.49,1.88
1777964482.5745952,36.3,3.84,0.49,1.88
1777964483.2944121,36.3,3.84,0.49,1.88
1777964483.9873784,36.3,3.84,0.49,1.88
1777964484.68112,36.3,3.84,0.49,1.88
1777964485.3689933,36.3,3.84,0.49,1.88
1777964486.0670686,36.3,3.84,0.49,1.88
1777964486.7567801,36.3,3.84,0.49,1.88
1777964487.465983,36.3,3.84,0.49,1.88
1777964488.1640263,36.3,3.84,0.49,1.88
1777964488.8931189,36.3,3.84,0.49,1.88
1777964489.5838048,36.3,3.84,0.49,1.88
1777964490.2989397,36.3,3.84,0.49,1.88
1777964491.0063634,36.3,3.84,0.49,1.88
1777964491.7145362,36.3,3.84,0.49,1.88
1777964492.4097526,36.3,3.84,0.49,1.88
1777964493.1041238,36.3,3.84,0.49,1.88
1777964493.7922463,36.3,3.84,0.49,1.88
1777964494.4848053,36.3,3.84,0.49,1.88
1777964495.1737998,36.3,3.84,0.49,1.88
1777964495.8685436,36.3,3.84,0.49,1.88
1777964496.561357,36.3,3.84,0.49,1.88
1777964497.2790601,36.3,3.84,0.49,1.88
1777964497.9727652,36.3,3.84,0.49,1.88
1777964498.7185678,36.3,3.84,0.49,1.88
1777964499.4274359,36.3,3.84,0.49,1.88
1777964500.1153092,36.3,3.84,0.49,1.88
1777964500.7869148,36.3,3.84,0.49,1.88
1777964501.477155,36.3,3.83,0.49,1.88
1777964502.159252,36.3,3.84,0.49,1.88
1777964502.837997,36.3,3.84,0.49,1.88
1777964503.5417635,36.3,3.84,0.49,1.88
1777964504.2433507,36.3,3.84,0.49,1.88
1777964504.9275491,36.3,3.84,0.49,1.88
1777964505.612278,36.3,3.84,0.49,1.88
1777964506.2995987,36.3,3.84,0.49,1.88
1777964506.982616,36.4,3.83,0.49,1.88
1777964507.6653504,36.4,3.84,0.49,1.88
1777964508.34674,36.4,3.84,0.49,1.88
1777964509.0281758,36.4,3.83,0.49,1.88
1777964509.7089872,36.3,3.83,0.49,1.88
1777964510.3916097,36.3,3.84,0.49,1.88
1777964511.0766504,36.3,3.84,0.49,1.88
1777964511.7584004,36.3,3.83,0.49,1.88
1777964512.4418333,36.4,3.83,0.49,1.88
1777964513.124052,36.4,3.84,0.49,1.88
1777964513.812016,36.4,3.84,0.49,1.88
1777964514.494759,36.4,3.83,0.49,1.88
1777964515.178061,36.3,3.83,0.49,1.88
1777964515.8617733,36.3,3.84,0.49,1.88
1777964516.5413268,36.3,3.83,0.49,1.88
1777964517.2239692,36.3,3.83,0.49,1.88
1777964517.9065163,36.4,3.83,0.49,1.88
1777964518.5861754,36.4,3.83,0.49,1.88
1777964519.2679949,36.4,3.83,0.49,1.88
1777964519.951611,36.4,3.83,0.49,1.88
1777964520.6351545,36.4,3.83,0.49,1.88
1777964521.320377,36.4,3.83,0.49,1.88
1777964522.0015001,36.4,3.83,0.49,1.87
1777964522.6843746,36.4,3.83,0.49,1.87
1777964523.365441,36.4,3.83,0.49,1.87
1777964524.0519068,36.4,3.83,0.49,1.88
1777964524.7334778,36.4,3.83,0.49,1.88
1777964525.4188766,36.4,3.83,0.49,1.88
1777964526.1023233,36.4,3.83,0.49,1.88
1777964526.7825508,36.4,3.84,0.49,1.88
1777964527.4634058,36.4,3.84,0.49,1.88
1777964528.1460178,36.4,3.84,0.49,1.88
1777964528.8306403,36.4,3.84,0.49,1.88
1777964529.5115473,36.4,3.84,0.5,1.88
1777964530.1940296,36.4,3.84,0.49,1.88
1777964530.8768694,36.4,3.84,0.49,1.88
1777964531.557367,36.4,3.84,0.48,1.88
1777964532.2410896,36.4,3.84,0.49,1.88
1777964532.9283009,36.4,3.84,0.48,1.88
1777964533.6146948,36.4,3.84,0.48,1.88
1777964534.2982163,36.4,3.84,0.48,1.87
1777964534.9806848,36.4,3.84,0.48,1.87
1777964535.6636393,36.4,3.84,0.48,1.87
1777964536.3514295,36.4,3.84,0.48,1.87
1777964537.0349646,36.5,3.84,0.48,1.87
1777964537.715632,36.5,3.84,0.48,1.87
1777964538.3934681,36.5,3.83,0.48,1.87
1777964539.0750787,36.5,3.83,0.48,1.86
1777964539.7568605,36.5,3.83,0.48,1.86
1777964540.4403813,36.5,3.83,0.47,1.86
1777964541.1232104,36.5,3.83,0.47,1.85
1777964541.8035116,36.5,3.82,0.47,1.85
1777964542.4857118,36.5,3.82,0.47,1.85
1777964543.1693294,36.5,3.82,0.47,1.84
1777964543.8567283,36.5,3.82,0.47,1.84
1777964544.5387647,36.5,3.82,0.47,1.84
1777964545.2234864,36.5,3.82,0.47,1.84
1777964545.9073286,36.5,3.82,0.47,1.83
1777964546.5912602,36.5,3.81,0.47,1.83
1777964547.274674,36.5,3.81,0.47,1.83
1777964547.9699595,36.5,3.81,0.47,1.83
1777964548.652401,36.5,3.81,0.47,1.83
1777964549.3341851,36.5,3.81,0.47,1.82
1777964550.0120351,36.5,3.81,0.47,1.82
1777964550.6918814,36.6,3.81,0.47,1.82
1777964551.3766954,36.6,3.81,0.47,1.82
1777964552.0567193,36.6,3.81,0.48,1.82
1777964552.7385235,36.6,3.82,0.48,1.82
1777964553.4230776,36.6,3.82,0.48,1.82
1777964554.10849,36.6,3.82,0.48,1.82
1777964554.7925923,36.6,3.82,0.48,1.82
1777964555.4769151,36.6,3.82,0.48,1.82
1777964556.1613495,36.6,3.82,0.48,1.83
1777964556.840926,36.6,3.82,0.48,1.83
1777964557.523557,36.6,3.82,0.48,1.83
1777964558.209405,36.6,3.82,0.47,1.83
1777964558.893736,36.5,3.83,0.48,1.83
1777964559.5772507,36.5,3.84,0.5,1.84
1777964560.2590613,36.5,3.85,0.5,1.85
1777964560.9442904,36.5,3.86,0.52,1.86
1777964561.626813,36.6,3.88,0.54,1.88
1777964562.3078892,36.6,3.9,0.57,1.91
1777964562.9925628,36.6,3.92,0.58,1.94
1777964563.6745934,36.6,3.94,0.59,1.96
1777964564.3618581,36.4,3.95,0.59,1.99
1777964565.046054,36.4,3.96,0.61,2.01
1777964565.7407613,36.4,3.97,0.61,2.04
1777964566.4276083,36.4,3.98,0.61,2.06
1777964567.1157215,36.4,3.99,0.61,2.09
1777964567.81287,36.4,4.0,0.62,2.11
1777964568.5117536,36.4,4.01,0.61,2.13
1777964569.1908576,36.4,4.02,0.61,2.15
1777964569.9017282,36.4,4.02,0.61,2.17
1777964570.6324396,36.4,4.03,0.62,2.19
1777964571.3456771,36.4,4.04,0.61,2.21
1777964572.0365,36.4,4.04,0.61,2.22
1777964572.7096345,36.4,4.04,0.61,2.23
1777964573.4057846,36.4,4.05,0.61,2.25
1777964574.146004,36.4,4.05,0.61,2.26
1777964574.8701828,36.4,4.05,0.6,2.27
1777964575.5944068,36.3,4.06,0.6,2.28
1777964576.3260171,36.3,4.06,0.61,2.29
1777964577.078614,36.3,4.06,0.6,2.3
1777964577.7838418,36.3,4.06,0.6,2.31
1777964578.466755,36.3,4.06,0.6,2.31
1777964579.1490448,36.3,4.06,0.6,2.32
1777964579.8307943,36.3,4.06,0.6,2.33
1777964580.5019858,36.3,4.06,0.6,2.33
1777964581.1713965,36.3,4.06,0.59,2.33
1777964581.9007049,36.3,4.06,0.6,2.34
1777964582.5974813,36.3,4.06,0.6,2.35
1777964583.3070104,36.3,4.06,0.6,2.35
1777964583.9824932,36.3,4.06,0.59,2.35
1777964584.6546752,36.3,4.07,0.6,2.36
1777964585.3267875,36.3,4.07,0.6,2.36
1777964586.0000775,36.3,4.07,0.6,2.37
1777964586.6729126,36.3,4.07,0.59,2.37
1777964587.3449993,36.3,4.07,0.61,2.38
1777964588.0201805,36.3,4.07,0.6,2.38
1777964588.69451,36.3,4.08,0.61,2.39
1777964589.3674164,36.3,4.09,0.61,2.4
1777964590.040548,36.3,4.1,0.64,2.42
1777964590.7381132,36.3,4.11,0.65,2.44
1777964591.4306998,36.3,4.12,0.65,2.45
1777964592.1193123,36.3,4.13,0.66,2.47
1777964592.7963026,36.3,4.14,0.67,2.49
1777964593.4706168,36.3,4.15,0.68,2.51
1777964594.1431434,36.3,4.16,0.68,2.53
1777964594.8296354,36.3,4.16,0.68,2.55
1777964595.501121,36.3,4.17,0.69,2.57
1777964596.171479,36.3,4.18,0.69,2.59
1777964596.8558707,36.3,4.18,0.68,2.61
1777964597.5735826,36.3,4.18,0.68,2.62
1777964598.3035784,36.3,4.19,0.68,2.63
1777964599.013949,36.3,4.19,0.68,2.64
1777964599.7269282,36.3,4.19,0.67,2.65
1777964600.4299335,36.3,4.19,0.67,2.66
1777964601.1046524,36.3,4.19,0.67,2.67
1777964601.7792604,36.3,4.19,0.67,2.68
1777964602.4490345,36.3,4.19,0.66,2.68
1777964603.1225257,36.3,4.19,0.66,2.69
1777964603.7961745,36.3,4.19,0.67,2.69
1777964604.468494,36.3,4.19,0.66,2.7
1777964605.1391969,36.3,4.19,0.66,2.7
1777964605.809854,36.3,4.19,0.66,2.7
1777964606.4790928,36.3,4.2,0.66,2.71
1777964607.1520016,36.3,4.19,0.66,2.71
1777964607.8258877,36.3,4.19,0.65,2.71
1777964608.4977133,36.3,4.19,0.65,2.71
1777964609.1706564,36.3,4.19,0.66,2.71
1777964609.8439534,36.3,4.19,0.65,2.71
1777964610.5145688,36.3,4.19,0.65,2.71
1777964611.1869683,36.4,4.19,0.65,2.71
1777964611.8587334,36.4,4.19,0.66,2.72
1777964612.5298994,36.4,4.19,0.65,2.71
1777964613.20092,36.4,4.18,0.65,2.71
1777964613.872801,36.3,4.18,0.64,2.71
1777964614.5640173,36.3,4.18,0.65,2.71
1777964615.2362535,36.3,4.18,0.64,2.7
1777964615.9067204,36.3,4.18,0.64,2.7
1777964616.581873,36.4,4.18,0.64,2.7
1777964617.2544034,36.4,4.18,0.65,2.7
1777964617.9257164,36.4,4.17,0.64,2.7
1777964618.5987318,36.4,4.17,0.63,2.69
1777964619.2729492,36.4,4.17,0.63,2.69
1777964619.9463568,36.4,4.17,0.64,2.69
1777964620.6186678,36.4,4.17,0.64,2.69
1777964621.292523,36.4,4.17,0.64,2.69
1777964621.9653509,36.4,4.17,0.64,2.68
1777964622.6326892,36.4,4.17,0.65,2.69
1777964623.3079154,36.4,4.17,0.65,2.69
1777964623.9800668,36.4,4.17,0.65,2.69
1777964624.6515455,36.5,4.18,0.65,2.69
1777964625.324524,36.5,4.18,0.67,2.7
1777964625.998849,36.5,4.18,0.67,2.71
1777964626.668972,36.5,4.18,0.66,2.71
1777964627.3427193,36.5,4.18,0.66,2.71
1777964628.01531,36.5,4.19,0.67,2.72
1777964628.6853583,36.5,4.19,0.67,2.73
1777964629.3581252,36.5,4.19,0.67,2.73
1777964630.0303998,36.5,4.2,0.67,2.74
1777964630.704088,36.5,4.2,0.68,2.75
1777964631.3748434,36.5,4.2,0.68,2.75
1777964632.0469434,36.5,4.2,0.67,2.76
1777964632.7173305,36.6,4.2,0.67,2.76
1777964633.3941493,36.6,4.21,0.68,2.77
1777964634.0660148,36.6,4.21,0.67,2.77
1777964634.7379253,36.6,4.2,0.67,2.77
1777964635.412318,36.6,4.2,0.66,2.77
1777964636.0832593,36.6,4.21,0.67,2.77
1777964636.7559562,36.6,4.2,0.67,2.77
1777964637.4295928,36.6,4.2,0.66,2.77
1777964638.097022,36.7,4.2,0.66,2.77
1777964638.7710423,36.7,4.2,0.66,2.77
1777964639.4440198,36.7,4.2,0.66,2.77
1777964640.115356,36.7,4.2,0.65,2.77
1777964640.7883558,36.8,4.19,0.65,2.76
1777964641.4603477,36.8,4.19,0.66,2.76
1777964642.1357696,36.8,4.19,0.65,2.76
1777964642.8068671,36.8,4.19,0.64,2.75
1777964643.4795809,36.8,4.18,0.64,2.75
1777964644.1528609,36.8,4.18,0.65,2.74
1777964644.8209472,36.8,4.18,0.64,2.74
1777964645.493693,36.8,4.17,0.64,2.73
1777964646.1634965,36.9,4.17,0.63,2.73
1777964646.8356614,36.9,4.17,0.64,2.72
1777964647.5097687,36.9,4.17,0.64,2.72
1777964648.1816192,36.9,4.17,0.63,2.71
1777964648.855734,36.9,4.16,0.63,2.71
1777964649.530328,36.9,4.16,0.64,2.7
1777964650.2009568,36.9,4.16,0.63,2.7
1777964650.8766878,36.9,4.16,0.63,2.69
1777964651.5462437,36.9,4.15,0.62,2.68
1777964652.2175615,36.9,4.15,0.63,2.68
1777964652.8900485,36.9,4.15,0.62,2.67
1777964653.5621412,36.9,4.14,0.62,2.66
1777964654.23573,36.9,4.14,0.62,2.65
1777964654.9157007,36.9,4.14,0.62,2.65
1777964655.6040835,36.9,4.13,0.62,2.64
1777964656.2875822,36.9,4.13,0.61,2.63
1777964656.971343,36.9,4.12,0.61,2.62
1777964657.6565635,36.9,4.12,0.61,2.62
1777964658.3596838,36.9,4.12,0.6,2.61
1777964659.0632553,36.9,4.11,0.6,2.6
1777964659.7502317,36.9,4.11,0.6,2.59
1777964660.4334354,36.9,4.11,0.6,2.58
1777964661.1192756,36.9,4.1,0.6,2.57
1777964661.803921,36.9,4.1,0.6,2.57
1777964662.4917994,36.9,4.09,0.6,2.56
1777964663.1762486,36.9,4.09,0.6,2.55
1777964663.8849866,36.9,4.09,0.6,2.55
1777964664.580064,36.9,4.09,0.6,2.54
1777964665.3059537,36.9,4.08,0.59,2.53
1777964665.9900312,36.9,4.08,0.6,2.52
1777964666.674433,36.9,4.08,0.59,2.52
1777964667.3624296,36.9,4.07,0.58,2.51
1777964668.0467618,36.9,4.07,0.58,2.5
1777964668.729792,36.9,4.07,0.58,2.49
1777964669.4161243,36.9,4.06,0.58,2.48
1777964670.113329,36.9,4.06,0.58,2.47
1777964670.815791,36.9,4.06,0.57,2.46
1777964671.5038755,36.9,4.06,0.58,2.46
1777964672.1910317,36.9,4.05,0.58,2.45
1777964672.8768818,36.9,4.05,0.58,2.44
1777964673.5689843,36.9,4.05,0.57,2.43
1777964674.2544327,36.9,4.05,0.58,2.43
1777964674.9406216,36.9,4.04,0.57,2.42
1777964675.6281402,36.9,4.04,0.57,2.41
1777964676.3153136,36.9,4.04,0.57,2.41
1777964676.999737,36.9,4.04,0.57,2.4
1777964677.6868255,36.9,4.04,0.57,2.4
1777964678.3727398,36.9,4.03,0.57,2.39
1777964679.0579793,36.9,4.03,0.57,2.38
1777964679.7428064,36.9,4.03,0.57,2.38
1777964680.430109,36.9,4.03,0.57,2.37
1777964681.1132731,36.9,4.02,0.56,2.36
1777964681.8006854,36.9,4.02,0.56,2.36
1777964682.490477,36.9,4.02,0.57,2.35
1777964683.17897,36.9,4.02,0.56,2.35
1777964683.888306,36.9,4.02,0.56,2.34
1777964684.5732121,36.9,4.02,0.56,2.34
1777964685.2599607,36.9,4.02,0.56,2.33
1777964685.9502816,36.9,4.02,0.56,2.33
1777964686.6356337,36.9,4.02,0.56,2.32
1777964687.345689,36.9,4.01,0.56,2.32
1777964688.031553,36.9,4.02,0.57,2.32
1777964688.7151186,36.9,4.01,0.56,2.32
1777964689.4036644,36.9,4.01,0.56,2.31
1777964690.089022,36.9,4.01,0.56,2.31
1777964690.7722926,36.9,4.01,0.57,2.31
1777964691.4567285,36.9,4.01,0.56,2.3
1777964692.1401007,36.9,4.01,0.56,2.3
1777964692.8254323,36.9,4.01,0.56,2.3
1777964693.5096045,36.9,4.01,0.56,2.3
1777964694.1964853,36.9,4.01,0.56,2.29
1777964694.891941,36.9,4.0,0.56,2.29
1777964695.5742953,36.9,4.0,0.56,2.28
1777964696.2615397,36.9,4.0,0.56,2.28
1777964696.9433563,36.9,4.0,0.55,2.28
1777964697.626033,36.9,4.0,0.55,2.27
1777964698.3101523,36.9,3.99,0.55,2.27
1777964698.997463,36.9,3.99,0.55,2.26
1777964699.6808856,36.9,3.99,0.55,2.26
1777964700.3665414,36.9,3.98,0.54,2.25
1777964701.0565434,36.9,3.98,0.54,2.24
1777964701.7438548,36.9,3.98,0.54,2.23
1777964702.4266696,36.9,3.98,0.53,2.23
1777964703.112341,36.9,3.97,0.53,2.22
1777964703.798934,36.9,3.97,0.53,2.21
1777964704.4842649,36.9,3.97,0.53,2.21
1777964705.1688097,36.9,3.96,0.53,2.2
1777964705.8560748,36.9,3.96,0.53,2.19
1777964706.5414262,36.9,3.96,0.53,2.19
1777964707.2280614,36.9,3.95,0.53,2.18
1777964707.914502,36.9,3.95,0.53,2.17
1777964708.598795,36.9,3.95,0.52,2.17
1777964709.284701,36.9,3.95,0.52,2.16
1777964709.9709811,36.9,3.94,0.52,2.15
1777964710.6567338,36.9,3.94,0.52,2.15
1777964711.3435674,36.9,3.94,0.52,2.14
1777964712.0326407,36.9,3.94,0.51,2.13
1777964712.7239718,36.9,3.94,0.52,2.13
1777964713.4107246,36.9,3.93,0.52,2.12
1777964714.1139238,36.9,3.93,0.51,2.12
1777964714.7985754,36.9,3.93,0.51,2.11
1777964715.4843984,36.9,3.93,0.52,2.11
1777964716.16878,36.9,3.93,0.52,2.1
1777964716.8530955,36.9,3.93,0.51,2.1
1777964717.5448742,36.9,3.93,0.51,2.09
1777964718.2305102,36.9,3.93,0.51,2.09
1777964718.914836,36.9,3.92,0.51,2.08
1777964719.6027806,36.9,3.92,0.51,2.08
1777964720.286005,36.9,3.92,0.51,2.07
1777964720.9689686,36.9,3.92,0.52,2.07
1777964721.654907,36.9,3.92,0.52,2.07
1777964722.3413286,36.9,3.92,0.52,2.07
1777964723.0418813,36.9,3.92,0.52,2.06
1777964723.7251396,36.9,3.92,0.52,2.06
1777964724.4143763,36.9,3.92,0.52,2.06
1777964725.0991328,36.9,3.92,0.52,2.06
1777964725.7850966,36.9,3.92,0.52,2.06
1777964726.4721816,36.9,3.92,0.52,2.06
1777964727.1573453,36.9,3.92,0.52,2.05
1777964727.8415153,36.9,3.92,0.52,2.05
1777964728.5290413,36.9,3.91,0.52,2.05
1777964729.2130263,36.9,3.92,0.52,2.05
1777964729.8977044,36.9,3.91,0.52,2.05
1777964730.5817003,36.9,3.91,0.52,2.05
1777964731.2627325,36.9,3.91,0.52,2.05
1777964731.9469383,36.9,3.91,0.52,2.05
1777964732.6312442,36.9,3.91,0.52,2.04
1777964733.3201098,36.9,3.91,0.52,2.04
1777964734.0076208,36.9,3.91,0.52,2.04
1777964734.6906111,36.9,3.91,0.52,2.04
1777964735.379958,36.9,3.91,0.52,2.04
1777964736.0680594,36.9,3.91,0.52,2.04
1777964736.7556834,36.9,3.91,0.51,2.04
1777964737.4420865,36.9,3.91,0.52,2.04
1777964738.1343052,36.9,3.91,0.52,2.04
1777964738.81834,36.9,3.91,0.52,2.04
1777964739.504756,36.9,3.91,0.51,2.03
1777964740.1880999,36.9,3.91,0.52,2.03
1777964740.8751173,36.9,3.91,0.52,2.03
1777964741.558817,36.9,3.91,0.52,2.03
1777964742.2452435,36.9,3.91,0.51,2.03
1777964742.929518,36.9,3.91,0.52,2.03
1777964743.6157434,36.9,3.91,0.52,2.03
1777964744.3046937,36.9,3.91,0.52,2.03
1777964744.9934144,36.9,3.91,0.52,2.03
1777964745.678224,36.9,3.91,0.52,2.03
1777964746.3641422,36.9,3.91,0.52,2.03
1777964747.0523396,36.9,3.91,0.52,2.03
1777964747.73744,36.9,3.91,0.52,2.03
1777964748.4244294,36.9,3.91,0.52,2.03
1777964749.1082559,36.9,3.91,0.52,2.03
1777964749.7928677,36.9,3.91,0.52,2.03
1777964750.4877198,36.9,3.91,0.52,2.03
1777964751.1682186,36.9,3.91,0.52,2.03
1777964751.8542874,36.9,3.91,0.52,2.03
1777964752.540614,36.9,3.91,0.52,2.03
1777964753.2268853,36.9,3.91,0.52,2.03
1777964753.9132621,36.9,3.91,0.52,2.03
1777964754.5986698,36.9,3.91,0.52,2.03
1777964755.2852416,36.9,3.91,0.51,2.02
1777964755.9677973,36.9,3.91,0.51,2.02
1777964756.650834,36.9,3.91,0.52,2.02
1777964757.3383582,36.9,3.91,0.51,2.02
1777964758.0219772,36.9,3.91,0.52,2.02
1777964758.7082212,36.9,3.91,0.51,2.02
1777964759.3939052,36.9,3.91,0.52,2.02
1777964760.0851822,36.9,3.91,0.51,2.02
1777964760.7728913,36.9,3.91,0.51,2.02
1777964761.4586132,36.9,3.9,0.51,2.02
1777964762.1578648,36.9,3.91,0.52,2.02
1777964762.8437612,36.9,3.91,0.51,2.02
1777964763.533675,36.9,3.9,0.51,2.02
1777964764.2180479,36.9,3.9,0.51,2.02
1777964764.903894,36.9,3.9,0.51,2.02
1777964765.5886111,36.9,3.9,0.51,2.01
1777964766.2761433,36.9,3.9,0.51,2.01
1777964766.965737,36.9,3.9,0.51,2.01
1777964767.6533537,36.9,3.9,0.51,2.01
1777964768.3382158,36.9,3.9,0.51,2.01
1777964769.024161,36.9,3.9,0.51,2.01
1777964769.704837,36.9,3.9,0.51,2.01
1777964770.3945692,36.9,3.9,0.51,2.01
1777964771.0751686,36.9,3.9,0.51,2.01
1777964771.7594898,36.9,3.9,0.51,2.01
1777964772.4443552,36.9,3.9,0.51,2.01
1777964773.1352494,36.9,3.9,0.51,2.01
1777964773.8182504,36.9,3.9,0.51,2.01
1777964774.5013635,36.9,3.9,0.51,2.01
1777964775.1825001,36.9,3.9,0.51,2.01
1777964775.8693411,36.9,3.9,0.52,2.01
1777964776.5567577,36.9,3.9,0.51,2.01
1777964777.245305,36.9,3.9,0.51,2.01
1777964777.9297194,36.9,3.9,0.51,2.0
1777964778.6167488,36.9,3.9,0.52,2.01
1777964779.3039675,36.9,3.9,0.51,2.01
1777964779.989311,36.9,3.9,0.51,2.0
1777964780.6746314,36.9,3.9,0.51,2.0
1777964781.3589892,36.9,3.9,0.51,2.0
1777964782.0416949,36.9,3.9,0.51,2.0
1777964782.7285335,36.9,3.9,0.51,2.0
1777964783.4147823,36.9,3.9,0.5,2.0
1777964784.1057272,36.9,3.9,0.51,2.0
1777964784.7920895,36.9,3.9,0.51,2.0
1777964785.4796808,36.9,3.9,0.5,2.0
1777964786.1649566,36.9,3.9,0.5,1.99
1777964786.8521304,36.9,3.9,0.51,1.99
1777964787.5399966,36.9,3.9,0.51,1.99
1777964788.2294862,36.9,3.9,0.5,1.99
1777964788.9143028,36.9,3.9,0.5,1.99
1777964789.5979683,36.9,3.9,0.51,1.99
1777964790.2829733,36.9,3.9,0.51,1.99
1777964790.9704535,36.9,3.9,0.51,1.99
1777964791.6548843,36.9,3.9,0.5,1.98
1777964792.343108,36.9,3.9,0.51,1.98
1777964793.027228,36.9,3.9,0.5,1.98
1777964793.7125394,36.9,3.9,0.5,1.98
1777964794.3991237,36.9,3.9,0.5,1.98
1777964795.0822453,36.9,3.9,0.5,1.98
1777964795.767161,36.9,3.9,0.5,1.98
1777964796.4561894,36.9,3.9,0.5,1.98
1777964797.1411781,36.9,3.89,0.5,1.97
1777964797.8269494,36.9,3.9,0.51,1.97
1777964798.5112536,36.9,3.89,0.5,1.97
1777964799.1967103,36.9,3.89,0.5,1.97
1777964799.8813999,36.9,3.89,0.5,1.97
1777964800.5678875,36.9,3.89,0.5,1.97
1777964801.25211,36.9,3.89,0.5,1.97
1777964801.9364324,36.9,3.89,0.5,1.97
1777964802.629214,36.9,3.89,0.5,1.97
1777964803.315562,36.9,3.89,0.5,1.97
1777964803.9997907,36.9,3.89,0.5,1.97
1777964804.6850264,36.9,3.89,0.5,1.96
1777964805.3710868,36.9,3.89,0.5,1.96
1777964806.0560722,36.9,3.89,0.5,1.96
1777964806.7402065,36.9,3.89,0.5,1.96
1777964807.4227383,36.9,3.89,0.5,1.96
1777964808.1090455,36.9,3.89,0.5,1.96
1777964808.7934446,36.9,3.89,0.5,1.96
1777964809.4803808,36.9,3.89,0.5,1.96
1777964810.1769526,36.9,3.89,0.5,1.96
1777964810.867191,36.9,3.89,0.5,1.96
1777964811.5521107,36.9,3.89,0.5,1.96
1777964812.2384684,36.9,3.89,0.5,1.96
1777964812.9258077,36.9,3.89,0.5,1.95
1777964813.6112773,36.9,3.89,0.5,1.95
1777964814.2946138,36.9,3.89,0.5,1.95
1777964814.9774811,36.9,3.9,0.52,1.96
1777964815.6615486,36.9,3.91,0.54,1.97
1777964816.3459258,36.9,3.9,0.54,1.98
1777964817.0322933,36.9,3.94,0.57,2.01
1777964817.7175431,36.9,3.94,0.55,2.01
1777964818.4025066,36.9,3.93,0.52,2.01
1777964819.0882201,36.9,3.92,0.51,2.0
1777964819.782422,36.9,3.91,0.5,2.0
1777964820.4697685,36.9,3.9,0.48,1.99
1777964821.155112,36.9,3.85,0.48,1.95
1777964821.8440526,36.9,3.78,0.36,1.89
1777964822.5297906,36.9,3.7,0.3,1.82
1777964823.2347708,36.9,3.64,0.26,1.75
1777964823.925329,36.9,3.57,0.23,1.67
1777964824.6095393,36.9,3.51,0.22,1.59
1777964825.2988029,36.9,3.45,0.21,1.52
1777964825.982836,36.9,3.48,0.27,1.51
1777964826.6672277,36.9,3.5,0.32,1.5
1777964827.35141,36.9,3.46,0.27,1.45
1777964828.039793,36.9,3.42,0.21,1.4
1777964828.7244637,36.9,3.38,0.18,1.34
1777964829.4090648,36.9,3.35,0.13,1.29
1777964830.0962064,36.9,3.33,0.1,1.23
1777964830.7941816,36.9,3.32,0.08,0.0
1777964831.4814146,36.9,3.31,0.06,0.0
1777964832.1648672,36.9,3.3,0.04,0.0
1777964832.850112,36.9,3.28,0.03,0.0
1777964833.5332468,36.9,3.28,0.02,0.0
1777964834.216337,36.9,3.27,0.02,0.0
1777964834.900715,36.9,3.26,0.01,0.0
1777964835.5857677,36.9,3.25,0.01,0.0
1777964836.2695804,36.9,3.24,0.01,0.0
1777964836.9566774,36.9,3.24,0.01,0.0
1777964837.647248,36.9,3.24,0.0,0.0
1777964838.3312643,36.9,3.3,0.12,1.18
1777964839.018892,36.9,3.35,0.23,1.18
1777964839.6981127,36.9,3.4,0.3,1.19
1777964840.383494,36.9,3.44,0.36,1.2
1777964841.0673552,36.9,3.48,0.4,1.23
1777964841.751314,36.9,3.52,0.44,1.25
1777964842.4390614,36.9,3.55,0.46,1.28
1777964843.1351676,36.9,3.58,0.47,1.31
1777964843.821591,36.9,3.61,0.49,1.35
1777964844.5077333,36.9,3.64,0.5,1.38
1777964845.1926417,36.9,3.66,0.51,1.41
1777964845.8775346,36.9,3.68,0.51,1.44
1777964846.5608923,36.9,3.7,0.51,1.47
1777964847.248586,36.9,3.72,0.52,1.5
1777964847.9375727,36.9,3.74,0.52,1.53
1777964848.621462,36.9,3.76,0.52,1.56
1777964849.3314123,36.9,3.77,0.52,1.59
1777964850.014704,36.9,3.78,0.53,1.61
1777964850.6982374,36.9,3.8,0.53,1.64
1777964851.3867617,36.9,3.81,0.52,1.66
1777964852.0698545,36.9,3.82,0.52,1.68
1777964852.748597,36.9,3.83,0.53,1.7
1777964853.4570057,36.9,3.84,0.52,1.72
1777964854.144447,36.9,3.84,0.52,1.74
1777964854.8294039,36.9,3.85,0.52,1.76
1777964855.5153334,36.9,3.86,0.52,1.77
1777964856.2007601,36.9,3.86,0.52,1.79
1777964856.8849256,36.9,3.87,0.52,1.8
1777964857.5688243,36.9,3.87,0.52,1.82
1777964858.260146,36.9,3.88,0.53,1.83
1777964858.9466877,36.9,3.88,0.53,1.84
1777964859.631129,36.9,3.89,0.53,1.85
1777964860.3202896,36.9,3.89,0.52,1.86
1777964861.0039294,36.9,3.9,0.53,1.88
1777964861.6857512,36.9,3.9,0.53,1.89
1777964862.3702478,36.9,3.9,0.53,1.9
1777964863.0561526,36.9,3.9,0.52,1.9
1777964863.740616,36.9,3.91,0.53,1.91
1777964864.4243433,36.9,3.91,0.53,1.92
1777964865.1128068,36.9,3.91,0.53,1.93
1777964865.7991686,36.9,3.91,0.52,1.94
1777964866.4821403,36.9,3.91,0.53,1.94
1777964867.167166,36.9,3.92,0.53,1.95
1777964867.8524916,36.9,3.92,0.53,1.96
1777964868.5368123,36.9,3.92,0.53,1.96
1777964869.2257736,36.9,3.92,0.53,1.97
1777964869.9108317,36.9,3.92,0.53,1.98
1777964870.5967329,36.9,3.92,0.53,1.98
1777964871.2826726,36.9,3.92,0.53,1.98
1777964871.973672,36.9,3.92,0.53,1.99
1777964872.6590154,36.9,3.92,0.53,1.99
1777964873.345662,36.9,3.92,0.53,2.0
1777964874.0304482,36.9,3.92,0.53,2.0
1777964874.7167506,36.9,3.93,0.53,2.01
1777964875.4031215,36.9,3.93,0.53,2.01
1777964876.0860567,36.9,3.93,0.53,2.01
1777964876.7721488,36.9,3.93,0.53,2.02
1777964877.457683,36.9,3.93,0.53,2.02
1777964878.1400647,36.9,3.93,0.53,2.02
1777964878.8219433,36.9,3.93,0.53,2.02
1777964879.5078714,36.9,3.93,0.52,2.03
1777964880.192323,36.9,3.93,0.53,2.03
1777964880.8781717,36.9,3.93,0.53,2.03
1777964881.5791445,36.9,3.93,0.52,2.03
1777964882.2784615,36.9,3.93,0.52,2.03
1777964882.96591,36.9,3.93,0.53,2.04
1777964883.6475642,36.9,3.93,0.53,2.04
1777964884.33273,36.9,3.93,0.52,2.04
1777964885.020743,36.9,3.93,0.52,2.04
1777964885.7059236,36.9,3.93,0.53,2.04
1777964886.3891246,36.9,3.93,0.52,2.04
1777964887.074104,36.9,3.93,0.52,2.04
1777964887.760876,36.9,3.93,0.52,2.04
1777964888.4465232,36.9,3.93,0.53,2.05
1777964889.1319184,36.9,3.93,0.52,2.05
1777964889.8179038,36.9,3.93,0.52,2.05
1777964890.5042458,36.9,3.93,0.52,2.05
1777964891.1863675,36.9,3.93,0.53,2.05
1777964891.8706985,36.9,3.93,0.53,2.05
1777964892.5570948,36.9,3.93,0.52,2.05
1777964893.2433224,36.9,3.93,0.52,2.05
1777964893.9271054,36.9,3.93,0.53,2.05
1777964894.6158264,36.9,3.93,0.53,2.05
1777964895.3025386,36.9,3.93,0.52,2.05
1777964895.9866667,36.9,3.93,0.52,2.05
1777964896.671652,36.9,3.93,0.52,2.05
1777964897.3566296,36.9,3.93,0.52,2.05
1777964898.0416005,36.9,3.93,0.52,2.05
1777964898.728088,36.9,3.93,0.52,2.05
1777964899.4320848,36.9,3.93,0.52,2.05
1777964900.2013648,36.9,3.93,0.52,2.05
1777964900.8978844,36.9,3.93,0.52,2.05
1777964901.583909,36.9,3.93,0.52,2.05
1777964902.2649477,36.9,3.93,0.53,2.05
1777964902.9575741,36.9,3.93,0.52,2.05
1777964903.643716,36.9,3.93,0.52,2.05
1777964904.3279788,36.9,3.93,0.52,2.05
1777964905.013391,36.9,3.93,0.53,2.06
1777964905.6972082,36.9,3.93,0.52,2.05
1777964906.3805616,36.9,3.93,0.52,2.05
1777964907.064082,36.9,3.93,0.52,2.05
1777964907.7489786,36.9,3.93,0.52,2.05
1777964908.4361844,36.9,3.93,0.52,2.05
1777964909.1244411,36.9,3.93,0.52,2.05
1777964909.8098838,36.9,3.93,0.52,2.05
1777964910.5136125,36.9,3.93,0.52,2.05
1777964911.2641168,36.9,3.93,0.52,2.05
1777964911.9654357,36.9,3.93,0.52,2.05
1777964912.6495035,36.9,3.93,0.52,2.05
1777964913.3370886,36.9,3.93,0.52,2.05
1777964914.0241795,36.9,3.93,0.52,2.05
1777964914.7131696,36.9,3.93,0.52,2.05
1777964915.4013898,36.9,3.93,0.52,2.05
1777964916.089454,36.9,3.93,0.52,2.05
1777964916.77171,36.9,3.93,0.52,2.05
1777964917.4601815,36.9,3.93,0.52,2.05
1777964918.1444318,36.9,3.93,0.52,2.04
1777964918.8283277,36.9,3.93,0.52,2.05
1777964919.5153437,36.9,3.93,0.52,2.05
1777964920.2556558,36.9,3.93,0.52,2.04
1777964920.9797308,36.9,3.93,0.52,2.04
1777964921.7297647,36.9,3.93,0.52,2.05
1777964922.4648569,36.9,3.93,0.52,2.04
1777964923.2117143,36.9,3.93,0.52,2.04
1777964923.9440308,36.9,3.93,0.52,2.04
1777964924.6898322,36.9,3.93,0.52,2.05
1777964925.4001865,36.9,3.93,0.52,2.05
1777964926.0837142,36.9,3.93,0.52,2.05
1777964926.7668738,36.9,3.93,0.52,2.04
1777964927.4581952,36.9,3.93,0.52,2.05
1777964928.143635,36.9,3.93,0.52,2.05
1777964928.8291428,36.9,3.93,0.52,2.04
1777964929.5149531,36.9,3.93,0.52,2.04
1777964930.2008832,36.9,3.93,0.52,2.05
1777964930.8896186,36.9,3.93,0.52,2.05
1777964931.5809891,36.9,3.93,0.52,2.05
1777964932.266309,36.9,3.93,0.52,2.05
1777964932.950081,36.9,3.93,0.52,2.05
1777964933.6325045,36.9,3.93,0.52,2.05
1777964934.3161902,36.9,3.93,0.52,2.05
1777964935.003852,36.9,3.93,0.52,2.05
1777964935.6933906,36.9,3.93,0.52,2.05
1777964936.380615,36.9,3.93,0.52,2.05
1777964937.0675871,36.9,3.93,0.52,2.05
1777964937.757743,36.9,3.93,0.52,2.05
1777964938.4417262,36.9,3.93,0.52,2.05
1777964939.1228113,36.9,3.93,0.52,2.05
1777964939.8079798,36.9,3.93,0.52,2.05
1777964940.4929357,36.9,3.93,0.52,2.05
1777964941.1763341,36.9,3.93,0.52,2.05
1777964941.8579776,36.9,3.93,0.52,2.05
1777964942.5438051,36.9,3.93,0.52,2.05
1777964943.2301974,36.9,3.93,0.52,2.05
1777964943.91424,36.9,3.93,0.52,2.05
1777964944.5998652,36.9,3.93,0.52,2.05
1777964945.2843626,36.9,3.93,0.52,2.05
1777964945.971855,36.9,3.93,0.52,2.05
1777964946.655834,36.9,3.93,0.52,2.05
1777964947.343671,36.9,3.93,0.52,2.05
1777964948.0263176,36.9,3.93,0.52,2.05
1777964948.712234,36.9,3.93,0.52,2.05
1777964949.3960457,36.9,3.93,0.52,2.05
1777964950.079658,36.9,3.93,0.52,2.05
1777964950.7628877,36.9,3.93,0.52,2.05
1777964951.4527092,36.9,3.93,0.52,2.05
1777964952.1359878,36.9,3.93,0.52,2.05
1777964952.819078,36.9,3.93,0.52,2.05
1777964953.5038574,36.9,3.93,0.52,2.05
1777964954.1900082,36.9,3.93,0.52,2.05
1777964954.870015,36.9,3.93,0.52,2.05
1777964955.5309281,36.9,3.93,0.52,2.05
1777964956.196544,36.9,3.93,0.52,2.05
1777964956.8714228,36.9,3.93,0.52,2.05
1777964957.5686114,36.9,3.93,0.52,2.05
1777964958.254616,36.9,3.93,0.52,2.05
1777964958.93548,36.9,3.93,0.52,2.05
1777964959.6167617,36.9,3.93,0.52,2.05
1777964960.2926993,36.9,3.93,0.52,2.05
1777964960.9642806,36.9,3.93,0.52,2.05
1777964961.6581547,36.9,3.93,0.52,2.05
1777964962.3537292,36.9,3.93,0.52,2.05
1777964963.047754,36.9,3.93,0.52,2.05
1777964963.7546084,36.9,3.93,0.52,2.05
1777964964.4590228,36.9,3.93,0.52,2.05
1777964965.1863644,36.9,3.93,0.52,2.05
1777964965.8729584,36.9,3.93,0.52,2.05
1777964966.5802467,36.9,3.93,0.52,2.05
1777964967.3105526,36.9,3.93,0.52,2.05
1777964967.9943104,36.9,3.93,0.52,2.05
1777964968.6974063,36.9,3.93,0.52,2.05
1777964969.3800576,36.9,3.93,0.52,2.05
1777964970.0863562,36.9,3.93,0.52,2.05
1777964970.7682822,36.9,3.93,0.52,2.04
1777964971.5078707,36.9,3.93,0.52,2.05
1777964972.1949406,36.9,3.93,0.52,2.04
1777964972.8900998,36.9,3.93,0.52,2.04
1777964973.5771902,36.9,3.93,0.52,2.04
1777964974.2704055,36.9,3.93,0.52,2.04
1777964974.9605808,36.9,3.93,0.52,2.04
1777964975.671409,36.9,3.93,0.52,2.04
1777964976.3600345,36.9,3.93,0.52,2.04
1777964977.037146,36.9,3.93,0.52,2.04
1777964977.7235274,36.9,3.93,0.52,2.04
1777964978.4330442,36.9,3.93,0.52,2.04
1777964979.1548562,36.9,3.93,0.52,2.04
1777964979.8490415,36.9,3.93,0.52,2.04
1777964980.5371141,36.9,3.93,0.52,2.04
1777964981.2293503,36.9,3.93,0.52,2.04
1777964981.9104545,36.9,3.93,0.52,2.04
1777964982.591434,36.9,3.92,0.52,2.04
1777964983.278744,36.9,3.91,0.5,2.03
1777964983.978803,36.9,3.91,0.5,2.02
1777964984.6649902,36.9,3.91,0.5,2.02
1777964985.358182,36.9,3.91,0.51,2.02
1777964986.0463307,36.9,3.91,0.51,2.02
1777964986.747762,36.9,3.91,0.51,2.02
1777964987.4396195,36.9,3.91,0.51,2.02
1777964988.1242225,36.9,3.92,0.52,2.02
1777964988.8235588,36.9,3.92,0.52,2.02
1777964989.5429392,36.9,3.92,0.52,2.02
1777964990.2294395,36.9,3.92,0.52,2.02
1777964990.9194279,36.9,3.92,0.52,2.02
1777964991.6109343,36.9,3.92,0.52,2.02
1777964992.30394,36.9,3.92,0.52,2.03
1777964992.9917045,36.9,3.92,0.52,2.03
1777964993.6726873,36.9,3.92,0.52,2.03
1777964994.3859584,36.9,3.92,0.52,2.03
1777964995.1217299,36.9,3.92,0.52,2.03
1777964995.796811,36.9,3.92,0.52,2.03
1777964996.4850693,36.9,3.92,0.52,2.03
1777964997.1929386,36.9,3.92,0.52,2.03
1777964997.8775258,36.9,3.92,0.52,2.03
1777964998.5855694,36.9,3.92,0.51,2.03
1777964999.2598884,36.9,3.92,0.52,2.03
1777965000.0005488,36.9,3.92,0.52,2.03
1777965000.6985283,36.9,3.92,0.52,2.03
1777965001.3787336,36.9,3.92,0.52,2.03
1777965002.070411,36.9,3.92,0.52,2.03
1777965002.7594275,36.9,3.92,0.52,2.03
1777965003.4576373,36.9,3.92,0.52,2.03
1777965004.1533875,36.9,3.92,0.52,2.03
1777965004.8481545,36.9,3.92,0.52,2.03
1777965005.5277653,36.9,3.92,0.52,2.03
1777965006.2240324,36.9,3.92,0.52,2.03
1777965006.9122727,36.9,3.92,0.51,2.03
1777965007.5964723,36.9,3.92,0.52,2.03
1777965008.3115141,36.9,3.92,0.52,2.03
1777965008.9956226,36.9,3.92,0.51,2.03
1777965009.6888251,36.9,3.92,0.51,2.03
1777965010.3879995,36.9,3.92,0.52,2.03
1777965011.072181,36.9,3.92,0.52,2.03
1777965011.7562814,36.9,3.92,0.51,2.03
1777965012.4430985,36.9,3.92,0.51,2.03
1777965013.124727,36.9,3.92,0.52,2.03
1777965013.8199685,36.9,3.92,0.52,2.03
1777965014.5007985,36.9,3.92,0.52,2.03
1777965015.2128513,36.9,3.92,0.52,2.03
1777965015.8957407,36.9,3.92,0.52,2.03
1777965016.579876,36.9,3.92,0.52,2.03
1777965017.2597718,36.9,3.92,0.52,2.03
1777965017.963437,36.9,3.92,0.52,2.03
1777965018.6501262,36.9,3.92,0.52,2.03
1777965019.3674436,36.9,3.92,0.52,2.03
1777965020.0988991,36.9,3.92,0.52,2.03
1777965020.785294,36.9,3.92,0.51,2.03
1777965021.4689906,36.9,3.92,0.52,2.03
1777965022.1735127,36.9,3.92,0.52,2.03
1777965022.9468074,36.9,3.92,0.51,2.03
1777965023.6806982,36.9,3.92,0.51,2.03
1777965157.3336945,36.9,3.92,0.52,2.03
1777965158.035365,36.9,3.92,0.52,2.03
1777965158.7778158,36.9,3.92,0.51,2.03
1777965159.5147192,36.9,3.92,0.52,2.03
1777965160.24668,36.9,3.92,0.52,2.03
1777965160.9604228,36.9,3.92,0.52,2.03
1777965161.6724384,36.9,3.92,0.51,2.03
1777965162.3774803,36.9,3.92,0.51,2.03
1777965163.0878592,36.9,3.92,0.52,2.03
1777965163.7986896,36.9,3.92,0.52,2.03
1777965164.5174773,36.9,3.92,0.51,2.02
1777965165.223259,36.9,3.92,0.52,2.02
1777965165.9327052,36.9,3.92,0.52,2.03
1777965166.6402552,36.9,3.92,0.52,2.03
1777965167.3370106,36.9,3.92,0.52,2.03
1777965168.0382435,36.9,3.92,0.52,2.03
1777965168.748284,36.9,3.92,0.52,2.03
1777965169.4503129,36.9,3.92,0.52,2.03
1777965170.1496866,36.9,3.92,0.52,2.03
1777965170.8547428,36.9,3.92,0.52,2.03
1777965171.5533907,36.9,3.92,0.52,2.03
1777965172.24718,36.9,3.92,0.52,2.03
1777965172.9572666,36.9,3.92,0.52,2.03
1777965173.6726687,36.9,3.92,0.52,2.03
1777965174.3722644,36.9,3.92,0.52,2.03
1777965175.077524,36.9,3.92,0.52,2.03
1777965175.7746081,36.9,3.92,0.52,2.03
1777965176.4813933,36.9,3.92,0.52,2.03
1777965177.1861427,36.9,3.92,0.52,2.03
1777965177.8858647,36.9,3.92,0.52,2.03
1777965178.591742,36.9,3.92,0.52,2.03
1777965179.2960038,36.9,3.92,0.51,2.03
1777965180.002331,36.9,3.92,0.52,2.03
1777965180.7172337,36.9,3.92,0.51,2.03
1777965181.4324596,36.9,3.92,0.52,2.03
1777965182.1515946,36.9,3.92,0.51,2.02
1777965182.8788068,36.9,3.92,0.52,2.03
1777965183.6285307,36.9,3.92,0.52,2.02
1777965184.346091,36.9,3.92,0.52,2.02
1777965185.0455034,36.9,3.92,0.51,2.02
1777965185.7507691,36.9,3.92,0.52,2.02
1777965186.47538,36.9,3.92,0.52,2.02
1777965187.1799786,36.9,3.92,0.51,2.02
1777965187.8951476,36.9,3.92,0.51,2.02
1777965188.6227386,36.9,3.92,0.52,2.02
1777965189.3289895,36.9,3.92,0.51,2.02
1777965190.0501535,36.9,3.92,0.51,2.02
1777965190.7526104,36.9,3.92,0.51,2.02
1777965191.4558873,36.9,3.92,0.51,2.02
1777965192.164465,36.9,3.92,0.51,2.02
1777965192.8744638,36.9,3.92,0.51,2.02
1777965193.5750654,36.9,3.92,0.51,2.02
1777965194.2859836,36.9,3.92,0.51,2.02
1777965194.9996924,36.9,3.92,0.51,2.02
1777965195.7087383,36.9,3.92,0.51,2.02
1777965196.4218802,36.9,3.92,0.51,2.02
1777965197.1308892,36.9,3.92,0.52,2.02
1777965197.8331933,36.9,3.92,0.51,2.02
1777965198.5451846,36.9,3.92,0.51,2.02
1777965199.2583025,36.9,3.92,0.51,2.01
1777965199.9627576,36.9,3.92,0.51,2.02
1777965200.678087,36.9,3.92,0.51,2.02
1777965201.375042,36.9,3.92,0.51,2.01
1777965202.0715206,36.9,3.92,0.51,2.01
1777965202.775119,36.9,3.92,0.52,2.02
1777965203.481164,36.9,3.92,0.52,2.02
1777965204.8350892,36.9,3.92,0.51,2.02
1777965206.985359,36.9,3.92,0.51,2.02
1777965208.029522,36.9,3.92,0.52,2.02
1777965209.0700347,36.9,3.92,0.51,2.02
1777965210.137947,36.9,3.92,0.51,2.02
1777965211.183041,36.9,3.92,0.51,2.02
1777965212.2424033,36.9,3.92,0.52,2.02
1777965213.2641833,36.9,3.92,0.52,2.02
1777965214.2835863,36.9,3.92,0.52,2.02
1777965215.3095918,36.9,3.92,0.52,2.02
1777965216.3681405,36.9,3.92,0.52,2.02
1777965217.4107141,36.9,3.92,0.52,2.02
1777965218.4471514,36.9,3.92,0.52,2.02
1777965219.4776006,36.9,3.92,0.51,2.02
1777965220.5341537,36.9,3.92,0.52,2.02
1777965221.5746915,36.9,3.92,0.52,2.02
1777965222.6084423,36.9,3.92,0.51,2.02
1777965223.645496,36.9,3.92,0.52,2.02
1777965224.6892328,36.9,3.92,0.52,2.02
1777965225.7435508,36.9,3.92,0.52,2.02
1777965226.810094,36.9,3.92,0.52,2.02
1777965227.806287,36.9,3.92,0.52,2.02
1777965228.8925233,36.9,3.92,0.52,2.02
1777965229.8695283,36.9,3.92,0.52,2.02
1777965230.8577995,36.9,3.92,0.52,2.02
1777965231.8981514,36.9,3.92,0.52,2.02
1777965232.9754813,36.9,3.92,0.52,2.03
1777965234.037643,36.9,3.92,0.52,2.03
1777965235.0658374,36.9,3.92,0.52,2.02
1777965236.0997796,36.9,3.92,0.51,2.02
1777965237.1117435,36.9,3.92,0.52,2.02
1777965238.1843405,36.9,3.92,0.52,2.02
1777965239.190264,36.9,3.92,0.51,2.02
1777965240.1881702,36.9,3.92,0.51,2.02
1777965241.1961927,36.9,3.92,0.51,2.02
1777965242.207599,36.9,3.92,0.51,2.02
1777965243.2204878,36.9,3.92,0.51,2.02
1777965244.237821,36.9,3.92,0.51,2.02
1777965245.245483,36.9,3.92,0.52,2.02
1777965246.3187077,36.9,3.92,0.52,2.02
1777965247.341759,36.9,3.92,0.52,2.02
1777965248.3545635,36.9,3.92,0.51,2.02
1777965249.4319036,36.9,3.92,0.52,2.02
1777965250.445117,36.9,3.92,0.52,2.02
1777965251.4617145,36.9,3.92,0.52,2.02
1777965252.5763528,36.9,3.92,0.52,2.02
1777965253.601597,36.9,3.92,0.52,2.02
1777965254.6848774,36.9,3.92,0.52,2.02
1777965255.7087133,36.9,3.92,0.52,2.02
1777965256.752485,36.9,3.92,0.52,2.02
1777965257.8079894,36.9,3.92,0.53,2.03
1777965258.8672678,36.9,3.92,0.52,2.03
1777965259.9440806,36.9,3.92,0.52,2.03
1777965260.9825847,36.9,3.92,0.52,2.03
1777965261.9665313,36.9,3.92,0.52,2.03
1777965263.0291064,36.9,3.92,0.52,2.03
1777965264.0969374,36.9,3.92,0.52,2.03
1777965265.0834968,36.9,3.92,0.52,2.03
1777965266.0768116,36.9,3.92,0.52,2.03
1777965267.1228375,36.9,3.92,0.52,2.03
1777965268.1334016,36.9,3.92,0.52,2.03
1777965269.1416476,36.9,3.92,0.51,2.03
1777965270.1343153,36.9,3.92,0.52,2.03
1777965271.1281195,36.9,3.92,0.52,2.03
1777965272.125029,36.9,3.92,0.51,2.03
1777965273.1209412,36.9,3.92,0.51,2.03
1777965274.139124,36.9,3.92,0.52,2.03
1777965275.1990733,36.9,3.92,0.52,2.03
1777965276.252457,36.9,3.92,0.52,2.03
1777965277.3102257,36.9,3.92,0.52,2.03
1777965278.3300033,36.9,3.92,0.52,2.03
1777965279.3832357,36.9,3.92,0.52,2.03
1777965280.4060256,36.9,3.92,0.52,2.03
1777965281.4128625,36.9,3.92,0.52,2.03
1777965282.4164732,36.9,3.92,0.52,2.03
1777965283.4262545,36.9,3.92,0.52,2.03
1777965284.4279118,36.9,3.92,0.51,2.03
1777965285.4748592,36.9,3.92,0.51,2.02
1777965286.5229156,36.9,3.92,0.52,2.03
1777965287.5883183,36.9,3.92,0.52,2.02
1777965288.68831,36.9,3.92,0.51,2.02
1777965289.7605426,36.9,3.92,0.51,2.02
1777965290.7963605,36.9,3.92,0.52,2.02
1777965291.867225,36.9,3.92,0.52,2.02
1777965292.9060564,36.9,3.92,0.52,2.02
1777965293.9296255,36.9,3.92,0.51,2.02
1777965294.9670193,36.9,3.92,0.52,2.02
1777965296.0375798,36.9,3.92,0.52,2.02
1777965297.0396652,36.9,3.92,0.52,2.02
1777965298.0431209,36.9,3.92,0.52,2.02
1777965299.057473,36.9,3.92,0.52,2.02
1777965300.1295004,36.9,3.92,0.51,2.02
1777965301.1985693,36.9,3.92,0.51,2.02
1777965302.2185829,36.9,3.92,0.51,2.02
1777965303.2753358,36.9,3.92,0.52,2.02
1777965304.3226125,36.9,3.92,0.52,2.02
1777965305.3283162,36.9,3.92,0.51,2.02
1777965306.4006586,36.9,3.92,0.52,2.02
1777965307.4894242,36.9,3.92,0.52,2.02
1777965308.495588,36.9,3.92,0.52,2.02
1777965309.5296752,36.9,3.92,0.52,2.02
1777965310.5980697,36.9,3.92,0.52,2.02
1777965311.60789,36.9,3.92,0.52,2.02
1777965312.684962,36.9,3.92,0.52,2.02
1777965313.7247458,36.9,3.92,0.52,2.02
1777965314.7902138,36.9,3.92,0.51,2.02
1777965315.8234787,36.9,3.92,0.52,2.02
1777965316.891556,36.9,3.92,0.51,2.02
1777965317.9336102,36.9,3.92,0.51,2.02
1777965318.9823618,36.9,3.92,0.51,2.02
1777965320.0223753,36.9,3.92,0.52,2.02
1777965321.0318632,36.9,3.92,0.52,2.02
1777965322.075677,36.9,3.92,0.51,2.02
1777965323.093848,36.9,3.92,0.52,2.02
1777965324.0954049,36.9,3.92,0.52,2.02
1777965325.097138,36.9,3.92,0.52,2.02
1777965326.0999203,36.9,3.92,0.52,2.02
1777965327.0933394,36.9,3.92,0.52,2.02
1777965328.226811,36.9,3.92,0.52,2.02
1777965329.2183754,36.9,3.92,0.52,2.02
1777965330.294917,36.9,3.92,0.51,2.02
1777965331.4106095,36.9,3.92,0.51,2.02
1777965332.4159603,36.9,3.92,0.52,2.02
1777965333.4198115,36.9,3.92,0.52,2.02
1777965334.4805875,36.9,3.92,0.51,2.02
1777965335.525401,36.9,3.92,0.51,2.02
1777965336.6043434,36.9,3.92,0.52,2.02
1777965337.7119052,36.9,3.92,0.51,2.02
1777965338.8101687,36.9,3.92,0.51,2.02
1777965339.8888319,36.9,3.92,0.51,2.02
1777965340.9670916,36.9,3.92,0.52,2.02
1777965342.0189612,36.9,3.92,0.52,2.02
1777965342.9684522,36.9,3.92,0.52,2.02
1777965456.180427,36.9,3.92,0.52,2.02
1777965458.0172772,36.9,3.92,0.52,2.02
1777965459.8190784,36.9,3.92,0.52,2.02
1777965461.892821,36.9,3.92,0.52,2.02
1777965464.0172887,36.9,3.92,0.52,2.02
1777965466.188994,36.9,3.92,0.52,2.02
1777965468.2356427,36.9,3.92,0.52,2.02
1777965470.435688,36.9,3.92,0.52,2.02
1777965472.4885488,36.9,3.92,0.52,2.02
1777965474.587592,36.9,3.92,0.52,2.02
1777965476.6015978,36.9,3.92,0.52,2.02
1777965478.7075312,36.9,3.92,0.52,2.02
1777965480.7415655,36.9,3.92,0.52,2.02
1777965482.779447,36.9,3.92,0.52,2.02
1777965484.7924452,36.9,3.92,0.52,2.02
1777965486.8040648,36.9,3.92,0.52,2.02
1777965488.8240776,36.9,3.92,0.52,2.02
1777965490.8299043,36.9,3.92,0.52,2.02
1777965492.822966,36.9,3.92,0.52,2.02
1777965494.8564625,36.9,3.92,0.52,2.02
1777965496.8772776,36.9,3.92,0.52,2.02
1777965498.902545,0,0,0,0
1777965500.5875163,0,0,0,0
1777965502.2180974,0,0,0,0
1777965503.8525038,0,0,0,0
1777965505.5799403,0,0,0,0
1777965507.2959828,0,0,0,0
1777965508.983653,0,0,0,0
1777965510.7060864,0,0,0,0
1777965512.42573,0,0,0,0
1777965514.12992,0,0,0,0
1777965515.8859968,0,0,0,0
1777965517.615555,0,0,0,0
1777965519.3376615,0,0,0,0
1777965521.067928,0,0,0,0
1777965522.7845294,0,0,0,0
1777965524.5120616,0,0,0,0
1777965526.2332773,0,0,0,0
1777965527.9516618,0,0,0,0
1777965530.1951518,0,0,0,0
1777965531.8682258,0,0,0,0
1777965533.515952,0,0,0,0
1777965535.1480148,0,0,0,0
1777965536.8028426,0,0,0,0
1777965538.4659743,0,0,0,0
1777965540.193142,0,0,0,0
1777965541.9054701,0,0,0,0
1777965543.6149342,0,0,0,0
1777965545.3361557,0,0,0,0
1777965547.0610352,0,0,0,0
1777965548.7717884,0,0,0,0
1777965550.481877,0,0,0,0
1777965552.1929226,0,0,0,0
1777965553.9183605,0,0,0,0
1777965555.6640744,0,0,0,0
1777965557.3870592,0,0,0,0
1777965559.1169212,0,0,0,0
1777965560.8385925,0,0,0,0
1777965562.5535371,0,0,0,0
1777965564.2621565,0,0,0,0
1777965565.9637115,0,0,0,0
1777965567.6734893,0,0,0,0
1777965569.3929431,0,0,0,0
1777965571.120655,0,0,0,0
1777965572.8435562,0,0,0,0
1777965574.565121,0,0,0,0
1777965576.276035,0,0,0,0
1777965578.0068371,0,0,0,0
1777965579.7439063,0,0,0,0
1777965581.496234,0,0,0,0
1777965583.4708762,0,0,0,0
1777965585.4475403,0,0,0,0
1777965587.452031,0,0,0,0
1777965589.496097,0,0,0,0
1777965591.6080532,0,0,0,0
1777965593.6571198,0,0,0,0
1777965595.7169018,0,0,0,0
1777965597.7681334,0,0,0,0
1777965599.7525802,0,0,0,0
1777965601.7689629,0,0,0,0
1777965603.8025346,0,0,0,0
1777965605.8161561,0,0,0,0
1777965607.8580852,0,0,0,0
1777965609.8319428,0,0,0,0
1777965611.8726907,0,0,0,0
1777965613.933076,0,0,0,0
1777965615.9338539,0,0,0,0
1777965617.9628518,0,0,0,0
1777965620.0446792,0,0,0,0
1777965622.046141,0,0,0,0
1777965624.079445,0,0,0,0
1777965626.1355546,0,0,0,0
1777965628.2048402,0,0,0,0
1777965630.294037,0,0,0,0
1777965632.4061627,0,0,0,0
1777965634.4298358,0,0,0,0
1777965636.5646164,0,0,0,0
1777965638.5444815,0,0,0,0
1777965640.5209749,0,0,0,0
1777965642.5671055,0,0,0,0
1777965644.6174595,0,0,0,0
1777965646.7213607,0,0,0,0
1777965648.7910936,0,0,0,0
1777965650.8334475,0,0,0,0
1777965652.8599231,0,0,0,0
1777965654.8716116,0,0,0,0
1777965656.9286094,0,0,0,0
1777965658.9254327,0,0,0,0
1777965661.0540476,0,0,0,0
1777965663.0614004,0,0,0,0
1777965665.0416765,0,0,0,0
1777965667.0291536,0,0,0,0
1777965669.037037,0,0,0,0
1777965671.0236835,0,0,0,0
1777965673.0278053,0,0,0,0
1777965675.0441635,0,0,0,0
1777965677.026887,0,0,0,0
1777965678.958709,0,0,0,0
1777965680.9130728,0,0,0,0
1777965707.7332466,0,0,0,0
1777965710.255559,0,0,0,0
1777965710.903314,31.8,0.58,0.0,0.0
1777965711.559107,31.8,0.84,0.0,0.0
1777965712.3132865,31.8,1.07,0.0,0.0
1777965713.0422206,31.8,1.21,0.14,0.36
1777965713.810987,31.8,1.34,0.23,0.4
1777965714.5816734,31.8,1.47,0.29,0.44
1777965715.3534474,31.8,1.59,0.33,0.48
1777965716.1102111,31.8,1.7,0.37,0.51
1777965716.879444,31.8,1.8,0.39,0.54
1777965717.652395,31.8,1.89,0.41,0.57
1777965718.430722,31.8,1.98,0.42,0.59
1777965719.1979096,31.8,2.06,0.44,0.62
1777965719.9506302,31.8,2.13,0.44,0.64
1777965720.708263,31.8,2.2,0.45,0.66
1777965721.485764,31.8,2.26,0.45,0.68
1777965722.2458787,31.8,2.32,0.46,0.69
1777965723.0116842,31.8,2.37,0.46,0.71
1777965723.7909074,31.8,2.42,0.47,0.73
1777965724.5515819,31.8,2.46,0.47,0.74
1777965725.31277,31.8,2.5,0.47,0.75
1777965726.0807714,31.8,2.54,0.47,0.76
1777965726.8513737,31.8,2.57,0.47,0.77
1777965727.6379468,31.8,2.6,0.47,0.78
1777965728.437822,31.8,2.63,0.47,0.79
1777965729.233035,31.8,2.66,0.47,0.8
1777965729.9986632,31.8,2.68,0.47,0.81
1777965730.7541912,31.8,2.71,0.47,0.84
1777965731.511604,31.8,2.73,0.47,0.87
1777965732.2609317,31.8,2.75,0.47,0.89
1777965733.3394628,31.8,2.76,0.48,0.92
1777965734.3755662,31.8,2.78,0.48,0.95
1777965735.3867157,31.8,2.79,0.48,0.97
1777965736.3927433,31.8,2.81,0.48,0.99
1777965737.3937938,31.8,2.82,0.48,1.01
1777965738.4146266,31.8,2.83,0.48,1.04
1777965739.500869,31.8,2.84,0.48,1.06
1777965740.5215418,31.8,2.85,0.47,1.07
1777965741.559472,31.8,2.86,0.47,1.09
1777965742.6333544,31.8,2.87,0.47,1.11
1777965743.6867821,31.8,2.88,0.47,1.12
1777965744.7475297,31.8,2.89,0.47,1.14
1777965745.817383,31.8,2.89,0.47,1.15
1777965746.8478434,31.8,2.9,0.47,1.17
1777965747.9479313,31.8,2.91,0.47,1.18
1777965748.9456005,31.8,2.91,0.47,1.19
1777965749.9633954,31.8,2.92,0.47,1.2
1777965750.9899154,31.8,2.92,0.47,1.21
1777965752.0116675,31.8,2.92,0.47,1.22
1777965753.020316,31.8,2.93,0.47,1.23
1777965754.0625715,31.8,2.93,0.47,1.24
1777965755.076043,31.8,2.93,0.47,1.25
1777965756.0964122,31.8,2.94,0.47,1.26
1777965757.1155698,31.8,2.94,0.47,1.26
1777965758.1080458,31.8,2.94,0.47,1.27
1777965759.089585,31.8,2.94,0.47,1.28
1777965760.0749264,31.6,2.95,0.47,1.28
1777965761.0819433,31.6,2.95,0.47,1.29
1777965762.1172001,31.6,2.95,0.47,1.3
1777965763.167253,31.6,2.95,0.47,1.3
1777965764.2358468,31.4,2.95,0.47,1.31
1777965765.327014,31.4,2.96,0.47,1.31
1777965766.3810408,31.4,2.96,0.47,1.32
1777965767.5628655,31.4,2.96,0.47,1.32
1777965768.6103544,31.3,2.96,0.47,1.33
1777965769.6808982,31.3,2.96,0.47,1.33
1777965770.7775009,31.3,2.96,0.47,1.33
1777965771.846591,31.3,2.96,0.47,1.34
1777965772.853535,31.3,2.96,0.47,1.34
1777965773.9314072,31.3,2.96,0.47,1.34
1777965774.9862816,31.3,2.96,0.47,1.35
1777965776.0595403,31.3,2.96,0.47,1.35
1777965777.1072116,31.3,2.96,0.47,1.35
1777965778.101593,31.3,2.96,0.47,1.35
1777965779.0998862,31.3,2.96,0.47,1.36
1777965780.111109,31.3,2.96,0.47,1.36
1777965781.0865386,31.3,2.96,0.47,1.36
1777965782.1047516,31.3,2.96,0.47,1.36
1777965783.096968,31.3,2.96,0.47,1.36
1777965784.2777317,31.3,2.96,0.47,1.36
1777965785.347826,31.3,2.96,0.47,1.37
1777965786.4365504,31.3,2.96,0.47,1.37
1777965787.5350177,31.3,2.97,0.47,1.37
1777965788.61418,31.3,2.97,0.48,1.37
1777965789.7094269,31.3,2.97,0.48,1.38
1777965790.8094347,31.3,2.97,0.48,1.38
1777965791.8994024,31.3,2.97,0.48,1.38
1777965792.992907,31.3,2.97,0.48,1.38
1777965794.1011684,31.3,2.97,0.48,1.38
1777965795.164639,31.3,2.97,0.48,1.38
1777965796.201472,31.3,2.97,0.48,1.39
1777965797.2501848,31.3,2.97,0.48,1.39
1777965798.3654912,31.3,2.97,0.47,1.39
1777965799.3675966,31.3,2.97,0.48,1.39
1777965800.4121947,31.3,2.97,0.48,1.39
1777965801.4126542,31.3,2.97,0.47,1.39
1777965802.438438,31.3,2.97,0.47,1.39
1777965803.4922798,31.3,2.97,0.47,1.39
1777965804.5530055,31.3,3.03,0.35,1.4
1777965805.6231923,31.3,3.09,0.26,1.4
1777965806.729223,31.3,3.14,0.2,1.38
1777965807.8205228,31.3,3.19,0.15,1.36
1777965808.8197815,31.3,3.24,0.11,1.33
1777965809.841845,31.3,3.28,0.08,0.0
1777965810.8737814,31.3,3.32,0.06,0.0
1777965811.9091938,31.3,3.35,0.05,0.0
1777965812.981819,31.3,3.39,0.04,0.0
1777965813.991136,31.3,3.42,0.03,0.0
1777965814.9994564,31.3,3.45,0.02,0.0
1777965816.0000312,31.3,3.47,0.01,0.0
1777965816.9925263,31.3,3.5,0.01,0.0
1777965817.9683518,31.3,3.52,0.01,0.0
1777965818.9414563,31.3,3.54,0.01,0.0
1777965820.0507002,31.3,3.56,0.0,0.0
1777965821.101311,31.3,3.57,0.0,0.0
1777965822.1272843,31.3,3.59,0.0,0.0
1777965823.121168,31.3,3.6,0.0,0.0
1777965824.1504073,31.3,3.62,0.0,0.0
1777965825.2005959,31.3,3.63,0.0,0.0
1777965826.245206,31.3,3.64,0.0,0.0
1777965827.3202493,31.3,3.65,0.0,0.0
1777965828.352913,31.3,3.66,0.0,0.0
1777965829.577899,31.3,3.67,0.0,0.0
1777965830.7706,31.3,3.68,0.0,0.0
1777965831.969242,31.3,3.69,0.0,0.0
1777965833.2002616,31.3,3.7,0.0,0.0
1777965834.5104709,31.3,3.7,0.0,0.0
1777965835.717802,31.3,3.71,0.0,0.0
1777965836.927708,31.3,3.71,0.0,0.0
1777965838.1409256,31.3,3.72,0.0,0.0
1777965839.221038,31.3,3.72,0.0,0.0
1777965840.3527007,31.3,3.73,0.0,0.0
1777965841.6310346,31.3,3.73,0.0,0.0
1777965842.8612785,31.3,3.74,0.0,0.0
1777965844.0048604,31.3,3.74,0.0,0.0
1777965845.1240928,31.3,3.74,0.0,0.0
1777965846.232146,31.3,3.75,0.0,0.0
1777965847.336306,31.3,3.75,0.0,0.0
1777965848.5123935,31.3,3.75,0.0,0.0
1777965849.6776495,31.3,3.75,0.0,0.0
1777965850.7645345,31.3,3.76,0.0,0.0
1777965851.8500633,31.3,3.76,0.0,0.0
1777965852.9253366,31.3,3.76,0.0,0.0
1777965853.9668405,31.3,3.76,0.0,0.0
1777965854.9998271,31.3,3.76,0.0,0.0
1777965856.0336456,31.3,3.76,0.0,0.0
1777965857.095419,31.3,3.76,0.0,0.0
1777965858.14305,31.3,3.77,0.0,0.0
1777965859.2264435,31.3,3.77,0.0,0.0
1777965860.3051827,31.3,3.77,0.0,0.0
1777965861.4224324,31.3,3.77,0.0,0.0
1777965862.5132918,31.3,3.77,0.0,0.0
1777965863.5213435,31.3,3.77,0.0,0.0
1777965864.5392613,31.3,3.77,0.0,0.0
1777965865.5499456,31.3,3.77,0.0,0.0
1777965866.567724,31.3,3.77,0.0,0.0
1777965867.5677376,31.3,3.77,0.0,0.0
1777965868.5698483,31.3,3.77,0.0,0.0
1777965869.6656525,31.3,3.77,0.0,0.0
1777965870.6656399,31.3,3.77,0.0,0.0
1777965871.7003698,31.3,3.78,0.0,0.0
1777965872.731803,31.3,3.78,0.0,0.0
1777965873.7593448,31.3,3.78,0.0,0.0
1777965874.7657738,31.3,3.78,0.0,0.0
1777965875.7965837,31.3,3.78,0.0,0.0
1777965876.853969,31.3,3.78,0.0,0.0
1777965877.8880806,31.3,3.78,0.0,0.0
1777965878.884687,31.3,3.78,0.0,0.0
1777965879.8989627,31.3,3.78,0.0,0.0
1777965880.9676442,31.3,3.78,0.0,0.0
1777965882.0289562,31.3,3.78,0.0,0.0
1777965883.1198816,31.3,3.78,0.0,0.0
1777965884.200328,31.3,3.78,0.0,0.0
1777965885.2518692,31.3,3.78,0.0,0.0
1777965886.2711089,31.3,3.78,0.0,0.0
1777965887.3019612,31.3,3.78,0.0,0.0
1777965888.3786175,31.3,3.78,0.0,0.0
1777965889.4250221,31.3,3.78,0.0,0.0
1777965890.4777634,31.3,3.78,0.0,0.0
1777965891.4967632,31.3,3.78,0.0,0.0
1777965892.5820434,31.3,3.78,0.0,0.0
1777965893.6506865,31.3,3.78,0.0,0.0
1777965894.734561,31.3,3.78,0.0,0.0
1777965895.7540445,31.3,3.78,0.0,0.0
1777965896.8044086,31.3,3.78,0.0,0.0
1777965897.8875215,31.3,3.78,0.0,0.0
1777965898.9278457,31.3,3.78,0.0,0.0
1777965899.9910216,31.3,3.78,0.0,0.0
1777965901.049059,31.3,3.78,0.0,0.0
1777965902.0950503,31.3,3.78,0.0,0.0
1777965903.148559,31.3,3.78,0.0,0.0
1777965904.187058,31.3,3.78,0.0,0.0
1777965905.2366984,31.3,3.78,0.0,0.0
1777965906.333031,31.3,3.78,0.0,0.0
1777965907.4018612,31.3,3.78,0.0,0.0
1777965908.478453,31.3,3.78,0.0,0.0
1777965909.515243,31.3,3.78,0.0,0.0
1777965910.6098409,31.3,3.78,0.0,0.0
1777965911.678308,31.3,3.78,0.0,0.0
1777965912.7260811,31.3,3.78,0.0,0.0
1777965913.8344357,31.3,3.78,0.0,0.0
1777965914.88832,31.3,3.78,0.0,0.0
1777965915.9619439,31.3,3.78,0.0,0.0
1777965917.0786686,31.3,3.78,0.0,0.0
1777965918.1273942,31.3,3.78,0.0,0.0
1777965919.1456714,31.3,3.78,0.0,0.0
1777965920.1734574,31.3,3.78,0.0,0.0
1777965921.2450602,31.3,3.78,0.0,0.0
1777965922.2654638,31.3,3.78,0.0,0.0
1777965923.3210623,31.3,3.78,0.0,0.0
1777965924.4009387,31.3,3.78,0.0,0.0
1777965925.42597,31.3,3.78,0.0,0.0
1777965926.4630685,31.3,3.78,0.0,0.0
1777965927.5021632,31.3,3.78,0.0,0.0
1777965928.5264251,31.3,3.78,0.0,0.0
1777965929.570513,31.3,3.78,0.0,0.0
1777965930.6583855,31.3,3.78,0.0,0.0
1777965931.6559894,31.3,3.78,0.0,0.0
1777965932.7130458,31.3,3.78,0.0,0.0
1777965933.8272378,31.3,3.78,0.0,0.0
1777965934.8752065,31.3,3.78,0.0,0.0
1777965935.938988,31.3,3.78,0.0,0.0
1777965936.992202,31.3,3.78,0.0,0.0
1777965938.0451086,31.3,3.78,0.0,0.0
1777965939.081626,31.3,3.78,0.0,0.0
1777965940.1214306,31.3,3.78,0.0,0.0
1777965941.1823983,31.3,3.78,0.0,0.0
1777965942.2541387,31.3,3.78,0.0,0.0
1777965943.3086007,31.3,3.78,0.0,0.0
1777965944.3857124,31.3,3.78,0.0,0.0
1777965945.4565327,31.3,3.78,0.0,0.0
1777965946.512704,31.3,3.78,0.0,0.0
1777965947.6140828,31.3,3.78,0.0,0.0
1777965948.685043,31.3,3.78,0.0,0.0
1777965949.7994962,31.3,3.78,0.0,0.0
1777965950.8361318,31.3,3.78,0.0,0.0
1777965951.8743627,31.3,3.78,0.0,0.0
1777965952.9403412,31.3,3.78,0.0,0.0
1777965953.993544,31.3,3.78,0.0,0.0
1777965955.110189,31.3,3.78,0.0,0.0
1777965956.24855,31.3,3.78,0.0,0.0
1777965957.3296072,31.3,3.78,0.0,0.0
1777965958.4246905,31.3,3.78,0.0,0.0
1777965959.5510335,31.3,3.78,0.0,0.0
1777965960.6536841,31.2,3.78,0.0,0.0
1777965961.7274845,31.2,3.78,0.0,0.0
1777965962.7947109,31.2,3.78,0.0,0.0
1777965963.8626611,31.2,3.78,0.0,0.0
1777965964.9666042,31.0,3.78,0.0,0.0
1777965966.0460646,31.0,3.78,0.0,0.0
1777965967.1625564,31.0,3.78,0.0,0.0
1777965968.2625134,31.0,3.78,0.0,0.0
1777965969.3453374,30.8,3.78,0.0,0.0
1777965970.4015563,30.8,3.78,0.0,0.0
1777965971.4492853,30.8,3.78,0.0,0.0
1777965972.5178313,30.8,3.78,0.0,0.0
1777965973.58724,30.8,3.78,0.0,0.0
1777965974.653663,30.8,3.78,0.0,0.0
1777965975.724801,30.8,3.78,0.0,0.0
1777965976.7690904,30.8,3.78,0.0,0.0
1777965977.8180828,30.8,3.78,0.0,0.0
1777965978.902364,30.8,3.78,0.0,0.0
1777965979.9573066,30.8,3.79,0.0,0.0
1777965981.053337,30.8,3.78,0.0,0.0
1777965982.094445,30.8,3.78,0.0,0.0
1777965983.1765177,30.8,3.79,0.0,0.0
1777965984.227851,30.8,3.79,0.0,0.0
1777965985.2783632,30.8,3.79,0.0,0.0
1777965986.3506489,30.8,3.79,0.0,0.0
1777965987.417984,30.8,3.79,0.0,0.0
1777965988.4082556,30.8,3.79,0.0,0.0
1777965989.397715,30.8,3.79,0.0,0.0
1777965990.4024937,30.8,3.79,0.0,0.0
1777965991.3930144,30.8,3.79,0.0,0.0
1777965992.3796384,30.8,3.79,0.0,0.0
1777965993.3701882,30.8,3.79,0.0,0.0
1777965994.347744,30.8,3.79,0.0,0.0
1777965995.343915,30.8,3.79,0.0,0.0
1777965996.3398883,30.8,3.79,0.0,0.0
1777965997.3275328,30.8,3.79,0.0,0.0
1777965998.3135083,30.8,3.79,0.0,0.0
1777965999.3074765,30.8,3.79,0.0,0.0
1777966000.2781482,30.8,3.79,0.0,0.0
1777966001.2905543,30.8,3.79,0.0,0.0
1777966002.3145423,30.8,3.79,0.0,0.0
1777966003.3064363,30.8,3.79,0.0,0.0
1777966004.3128572,30.8,3.79,0.0,0.0
1777966005.3100777,30.8,3.79,0.0,0.0
1777966006.3741531,30.8,3.79,0.0,0.0
1777966007.3999746,30.8,3.79,0.0,0.0
1777966008.4111578,30.8,3.79,0.0,0.0
1777966009.4294147,30.8,3.79,0.0,0.0
1777966010.432341,30.8,3.79,0.0,0.0
1777966011.4453108,30.8,3.79,0.0,0.0
1777966012.446751,30.8,3.79,0.0,0.0
1777966013.4401262,30.8,3.79,0.0,0.0
1777966014.4441981,30.8,3.79,0.0,0.0
1777966015.449769,30.8,3.79,0.0,0.0
1777966016.4471483,30.8,3.79,0.0,0.0
1777966017.4715743,30.8,3.79,0.0,0.0
1777966018.4522183,30.8,3.79,0.0,0.0
1777966019.4433484,30.8,3.79,0.0,0.0
1777966020.4590108,30.8,3.79,0.0,0.0
1777966021.5178156,30.8,3.79,0.0,0.0
1777966022.497299,30.8,3.79,0.0,0.0
1777966023.5223367,30.8,3.79,0.0,0.0
1777966024.5340354,30.8,3.79,0.0,0.0
1777966025.5499065,30.8,3.79,0.0,0.0
1777966026.5563498,30.8,3.79,0.0,0.0
1777966027.5406964,30.8,3.79,0.0,0.0
1777966028.5427606,30.8,3.79,0.0,0.0
1777966029.5655751,30.8,3.79,0.0,0.0
1777966030.6150463,30.8,3.79,0.0,0.0
1777966031.616713,30.8,3.79,0.0,0.0
1777966032.6919417,30.8,3.79,0.0,0.0
1777966033.7823365,30.8,3.79,0.0,0.0
1777966034.8315406,30.8,3.79,0.0,0.0
1777966035.8876903,30.8,3.79,0.0,0.0
1777966036.9120438,30.8,3.79,0.0,0.0
1777966037.909596,30.8,3.79,0.0,0.0
1777966038.9095154,30.8,3.79,0.0,0.0
1777966039.8987346,30.8,3.79,0.0,0.0
1777966040.8967586,30.8,3.79,0.0,0.0
1777966041.931453,30.8,3.79,0.0,0.0
1777966042.9088442,30.8,3.79,0.0,0.0
1777966043.8944604,30.8,3.79,0.0,0.0
1777966044.899755,30.8,3.79,0.0,0.0
1777966045.8883667,30.8,3.79,0.0,0.0
1777966046.8962266,30.8,3.79,0.0,0.0
1777966047.8942826,30.8,3.79,0.0,0.0
1777966048.9015994,30.8,3.79,0.0,0.0
1777966049.9117558,30.8,3.79,0.0,0.0
1777966050.9223533,30.8,3.79,0.0,0.0
1777966051.9217057,30.8,3.79,0.0,0.0
1777966052.9431553,30.8,3.79,0.0,0.0
1777966053.9720092,30.8,3.79,0.0,0.0
1777966054.9784029,30.8,3.79,0.0,0.0
1777966055.9782467,30.8,3.79,0.0,0.0
1777966056.9702673,30.8,3.79,0.0,0.0
1777966057.9674995,30.8,3.79,0.0,0.0
1777966058.9795465,30.8,3.79,0.0,0.0
1777966059.9721923,30.8,3.79,0.0,0.0
1777966060.9610002,30.8,3.79,0.0,0.0
1777966061.964785,30.8,3.79,0.0,0.0
1777966062.9854178,30.8,3.79,0.0,0.0
1777966063.9987786,30.8,3.79,0.0,0.0
1777966065.0151732,30.8,3.79,0.0,0.0
1777966066.0204103,30.8,3.79,0.0,0.0
1777966067.0245204,30.8,3.79,0.0,0.0
1777966068.0229888,30.8,3.79,0.0,0.0
1777966069.0272832,30.8,3.79,0.0,0.0
1777966070.0004096,30.8,3.79,0.0,0.0
1777966070.9879746,30.8,3.79,0.0,0.0
1777966072.021768,30.8,3.79,0.0,0.0
1777966073.008636,30.8,3.79,0.0,0.0
1777966074.0072887,30.8,3.79,0.0,0.0
1777966074.9811697,30.8,3.79,0.0,0.0
1777966075.965912,30.8,3.79,0.0,0.0
1777966076.9692652,30.8,3.79,0.0,0.0
1777966077.9987915,30.8,3.79,0.0,0.0
1777966079.0125918,30.8,3.79,0.0,0.0
1777966080.0155704,30.8,3.79,0.0,0.0
1777966081.00019,30.8,3.79,0.0,0.0
1777966081.9900866,30.8,3.79,0.0,0.0
1777966083.031433,30.8,3.79,0.0,0.0
1777966084.061176,30.8,3.79,0.0,0.0
1777966085.049679,30.8,3.79,0.0,0.0
1777966086.043364,30.8,3.79,0.0,0.0
1777966087.0182974,30.8,3.79,0.0,0.0
1777966088.0100152,30.8,3.79,0.0,0.0
1777966089.0142186,30.8,3.79,0.0,0.0
1777966090.0810099,30.8,3.79,0.0,0.0
1777966091.0613377,30.8,3.79,0.0,0.0
1777966092.0643666,30.8,3.79,0.0,0.0
1777966093.08448,30.8,3.79,0.0,0.0
1777966094.1144311,30.8,3.79,0.0,0.0
1777966095.1102536,30.8,3.79,0.0,0.0
1777966096.1137874,30.8,3.79,0.0,0.0
1777966097.1367385,30.8,3.79,0.0,0.0
1777966098.1317787,30.8,3.79,0.0,0.0
1777966099.237546,30.8,3.79,0.0,0.0
1777966100.257754,30.8,3.79,0.0,0.0
1777966101.231043,30.8,3.79,0.0,0.0
1777966102.2805064,30.8,3.79,0.0,0.0
1777966103.3193393,30.8,3.79,0.0,0.0
1777966104.3969197,30.8,3.79,0.0,0.0
1777966105.4244537,30.8,3.79,0.0,0.0
1777966106.4346366,30.8,3.78,0.0,0.0
1777966107.4364214,30.8,3.78,0.0,0.0
1777966108.486315,30.8,3.78,0.0,0.0
1777966109.5069218,30.8,3.78,0.0,0.0
1777966110.5416543,30.8,3.78,0.0,0.0
1777966111.5413818,30.8,3.78,0.0,0.0
1777966112.5485857,30.8,3.78,0.0,0.0
1777966113.5765512,30.8,3.78,0.0,0.0
1777966114.601879,30.8,3.78,0.0,0.0
1777966115.6338034,30.8,3.78,0.0,0.0
1777966116.7220516,30.8,3.78,0.0,0.0
1777966117.8059323,30.8,3.78,0.0,0.0
1777966118.8773272,30.8,3.78,0.0,0.0
1777966119.960133,30.8,3.78,0.0,0.0
1777966120.9864025,30.8,3.78,0.0,0.0
1777966122.008056,30.8,3.78,0.0,0.0
1777966123.066325,30.8,3.78,0.0,0.0
1777966124.0946884,30.8,3.78,0.0,0.0
1777966125.0893176,30.8,3.78,0.0,0.0
1777966126.094086,30.8,3.78,0.0,0.0
1777966127.145858,30.8,3.78,0.0,0.0
1777966128.1773803,30.8,3.78,0.0,0.0
1777966129.187079,30.8,3.78,0.0,0.0
1777966130.2233243,30.8,3.78,0.0,0.0
1777966131.23657,30.8,3.78,0.0,0.0
1777966132.2937243,30.8,3.78,0.0,0.0
1777966133.3517265,30.8,3.78,0.0,0.0
1777966134.4585564,30.8,3.78,0.0,0.0
1777966135.5189524,30.8,3.78,0.0,0.0
1777966136.6134648,30.8,3.78,0.0,0.0
1777966137.739977,30.8,3.78,0.0,0.0
1777966138.8163004,30.8,3.78,0.0,0.0
1777966139.8801398,30.8,3.78,0.0,0.0
1777966140.8887978,30.8,3.78,0.0,0.0
1777966141.9052956,30.8,3.78,0.0,0.0
1777966142.9630904,30.8,3.78,0.0,0.0
1777966143.9463866,30.8,3.78,0.0,0.0
1777966144.925793,30.8,3.78,0.0,0.0
1777966145.9961238,30.8,3.78,0.0,0.0
1777966147.0274832,30.8,3.78,0.0,0.0
1777966148.0476782,30.8,3.78,0.0,0.0
1777966149.076017,30.8,3.78,0.0,0.0
1777966150.080081,30.8,3.78,0.0,0.0
1777966151.0585217,30.8,3.78,0.0,0.0
1777966152.075912,30.8,3.78,0.0,0.0
1777966153.199755,30.8,3.78,0.0,0.0
1777966153.8451502,30.8,3.78,0.0,0.0
1777966154.5340538,30.8,3.78,0.0,0.0
1777966155.1756406,30.8,3.78,0.0,0.0
1777966155.8276412,30.8,3.78,0.0,0.0
1777966156.6536577,30.8,3.78,0.0,0.0
1777966157.3616252,30.8,3.78,0.0,0.0
1777966158.0726542,30.8,3.78,0.0,0.0
1777966158.7931085,30.8,3.78,0.0,0.0
1777966159.515388,30.8,3.78,0.0,0.0
1777966160.2538002,30.8,3.78,0.0,0.0
1777966161.01621,30.8,3.78,0.0,0.0
1777966161.7808316,30.8,3.78,0.0,0.0
1777966162.4970298,30.8,3.78,0.0,0.0
1777966163.2370856,30.8,3.78,0.0,0.0
1777966163.978984,30.8,3.78,0.0,0.0
1777966164.800475,30.8,3.78,0.0,0.0
1777966165.5408847,30.8,3.78,0.0,0.0
1777966166.2656453,30.8,3.78,0.0,0.0
1777966167.0342624,30.8,3.78,0.0,0.0
1777966167.7735415,30.8,3.78,0.0,0.0
1777966168.5440125,30.8,3.78,0.0,0.0
1777966169.285527,30.8,3.78,0.0,0.0
1777966170.0281782,30.8,3.78,0.0,0.0
1777966170.7554698,30.8,3.78,0.0,0.0
1777966171.4833872,30.8,3.78,0.0,0.0
1777966172.229002,30.8,3.78,0.0,0.0
1777966172.9685862,30.8,3.78,0.0,0.0
1777966173.7104435,30.8,3.78,0.0,0.0
1777966174.4758852,30.8,3.78,0.0,0.0
1777966175.217121,30.8,3.78,0.0,0.0
1777966176.2781625,30.8,3.78,0.0,0.0
1777966177.3261287,30.8,3.78,0.0,0.0
1777966178.3571594,30.8,3.78,0.0,0.0
1777966179.364816,30.8,3.78,0.0,0.0
1777966180.4030674,30.8,3.78,0.0,0.0
1777966181.4251812,30.8,3.78,0.0,0.0
1777966182.4981642,30.8,3.78,0.0,0.0
1777966183.577679,30.8,3.78,0.0,0.0
1777966184.754124,30.8,3.78,0.0,0.0
1777966185.8243988,30.8,3.78,0.0,0.0
1777966186.9125454,30.8,3.78,0.0,0.0
1777966187.9745476,30.8,3.78,0.0,0.0
1777966188.9593363,30.8,3.78,0.0,0.0
1777966189.9726486,30.6,3.78,0.0,0.0
1777966191.0434473,30.6,3.78,0.0,0.0
1777966192.0547626,30.6,3.78,0.0,0.0
1777966193.0669196,30.6,3.78,0.0,0.0
1777966194.0818,30.2,3.78,0.0,0.0
1777966195.2095246,30.2,3.78,0.0,0.0
1777966196.3467014,30.2,3.78,0.0,0.0
1777966197.3973813,30.2,3.78,0.0,0.0
1777966198.4521053,30.2,3.78,0.0,0.0
1777966199.5255651,30.2,3.78,0.0,0.0
1777966200.5902004,30.2,3.78,0.0,0.0
1777966201.617486,30.2,3.78,0.0,0.0
1777966202.6548352,30.2,3.78,0.0,0.0
1777966203.7240646,30.2,3.78,0.0,0.0
1777966204.784609,30.2,3.78,0.0,0.0
1777966205.8492126,30.2,3.78,0.0,0.0
1777966207.3259602,30.2,3.78,0.0,0.0
1777966208.4013636,30.2,3.78,0.0,0.0
1777966209.458371,30.2,3.78,0.0,0.0
1777966210.4937468,30.2,3.78,0.0,0.0
1777966211.5390854,30.2,3.78,0.0,0.0
1777966212.5355082,30.2,3.78,0.0,0.0
1777966213.5948398,30.2,3.78,0.0,0.0
1777966214.7066648,30.2,3.78,0.0,0.0
1777966215.7361217,30.2,3.78,0.0,0.0
1777966216.8023796,30.2,3.78,0.0,0.0
1777966217.826741,30.2,3.78,0.0,0.0
1777966218.9248176,30.2,3.78,0.0,0.0
1777966220.0098803,30.2,3.78,0.0,0.0
1777966221.0833325,30.2,3.79,0.0,0.0
1777966222.06875,30.2,3.78,0.0,0.0
1777966223.0903304,30.2,3.78,0.0,0.0
1777966224.1075637,30.2,3.78,0.0,0.0
1777966225.085803,30.2,3.79,0.0,0.0
1777966226.074406,30.2,3.79,0.0,0.0
1777966227.0665777,30.2,3.79,0.0,0.0
1777966228.0950067,30.2,3.79,0.0,0.0
1777966229.1561644,30.2,3.79,0.0,0.0
1777966230.205878,30.2,3.79,0.0,0.0
1777966231.1871672,30.2,3.79,0.0,0.0
1777966232.1987092,30.2,3.79,0.0,0.0
1777966233.237184,30.2,3.79,0.0,0.0
1777966234.277067,30.2,3.79,0.0,0.0
1777966235.3192403,30.2,3.79,0.0,0.0
1777966236.3777852,30.2,3.79,0.0,0.0
1777966237.4445188,30.2,3.79,0.0,0.0
1777966238.5061896,30.2,3.79,0.0,0.0
1777966239.561417,30.2,3.79,0.0,0.0
1777966240.5889392,30.2,3.79,0.0,0.0
1777966241.6164992,30.2,3.79,0.0,0.0
1777966242.6668491,30.2,3.79,0.0,0.0
1777966243.7350788,30.2,3.79,0.0,0.0
1777966244.793278,30.2,3.79,0.0,0.0
1777966245.8679035,30.2,3.79,0.0,0.0
1777966246.9337292,30.2,3.79,0.0,0.0
1777966248.0104918,30.2,3.79,0.0,0.0
1777966249.0459163,30.2,3.79,0.0,0.0
1777966250.0701876,30.2,3.79,0.0,0.0
1777966251.08465,30.2,3.79,0.0,0.0
1777966252.0995543,30.2,3.79,0.0,0.0
1777966253.1281707,30.2,3.79,0.0,0.0
1777966254.1544547,30.2,3.79,0.0,0.0
1777966255.2366893,30.2,3.79,0.0,0.0
1777966256.2791348,30.2,3.79,0.0,0.0
1777966257.2952344,30.2,3.79,0.0,0.0
1777966258.283764,30.2,3.79,0.0,0.0
1777966259.3254368,30.2,3.79,0.0,0.0
1777966260.397765,30.2,3.79,0.0,0.0
1777966261.433224,30.2,3.79,0.0,0.0
1777966262.4652576,30.2,3.79,0.0,0.0
1777966263.561974,30.2,3.79,0.0,0.0
1777966264.6266434,30.2,3.79,0.0,0.0
1777966265.6808074,30.2,3.79,0.0,0.0
1777966266.762046,30.2,3.79,0.0,0.0
1777966267.791683,30.2,3.79,0.0,0.0
1777966268.8441775,30.2,3.79,0.0,0.0
1777966269.965186,30.2,3.79,0.0,0.0
1777966271.043054,30.2,3.79,0.0,0.0
1777966272.0899036,30.2,3.79,0.0,0.0
1777966273.157797,30.2,3.79,0.0,0.0
1777966274.2111125,30.2,3.79,0.0,0.0
1777966275.2542522,30.2,3.79,0.0,0.0
1777966276.2964413,30.2,3.79,0.0,0.0
1777966277.360805,30.2,3.79,0.0,0.0
1777966278.41463,30.2,3.79,0.0,0.0
1777966279.493259,30.2,3.79,0.0,0.0
1777966280.5120006,30.2,3.79,0.0,0.0
1777966281.5044124,30.2,3.79,0.0,0.0
1777966282.5308301,30.2,3.79,0.0,0.0
1777966283.5610847,30.2,3.79,0.0,0.0
1777966284.5976706,30.2,3.79,0.0,0.0
1777966285.633558,30.2,3.79,0.0,0.0
1777966286.65099,30.2,3.79,0.0,0.0
1777966287.6411853,30.2,3.79,0.0,0.0
1777966288.6722658,30.2,3.79,0.0,0.0
1777966289.6510308,30.2,3.79,0.0,0.0
1777966290.636942,30.2,3.79,0.0,0.0
1777966291.6740897,30.2,3.79,0.0,0.0
1777966292.7113626,30.2,3.79,0.0,0.0
1777966293.6779463,30.2,3.79,0.0,0.0
1777966294.7423902,30.2,3.79,0.0,0.0
1777966295.8028765,30.2,3.79,0.0,0.0
1777966296.8423796,30.2,3.79,0.0,0.0
1777966297.8691208,30.2,3.79,0.0,0.0
1777966298.9265811,30.2,3.79,0.0,0.0
1777966299.9981904,30.2,3.79,0.0,0.0
1777966301.0629542,30.2,3.79,0.0,0.0
1777966302.0439563,30.2,3.79,0.0,0.0
1777966303.0611289,30.2,3.79,0.0,0.0
1777966304.1061947,30.2,3.79,0.0,0.0
1777966305.150872,30.2,3.79,0.0,0.0
1777966306.1888723,30.2,3.79,0.0,0.0
1777966307.2549057,30.2,3.79,0.0,0.0
1777966308.3271415,30.2,3.79,0.0,0.0
1777966309.4050221,30.2,3.79,0.0,0.0
1777966310.4664137,30.2,3.79,0.0,0.0
1777966311.5770695,30.2,3.79,0.0,0.0
1777966312.6368506,30.2,3.79,0.0,0.0
1777966313.7012055,30.2,3.79,0.0,0.0
1777966314.750395,30.2,3.79,0.0,0.0
1777966315.8261874,30.2,3.79,0.0,0.0
1777966316.8898752,30.2,3.79,0.0,0.0
1777966317.9576159,30.2,3.79,0.0,0.0
1777966319.015558,30.2,3.79,0.0,0.0
1777966320.067978,30.2,3.79,0.0,0.0
1777966321.0824416,30.2,3.79,0.0,0.0
1777966322.228067,30.2,3.79,0.0,0.0
1777966323.2568388,30.2,3.79,0.0,0.0
1777966324.2773476,30.2,3.79,0.0,0.0
1777966325.343464,30.2,3.79,0.0,0.0
1777966326.4264436,30.2,3.79,0.0,0.0
1777966327.4749324,30.2,3.79,0.0,0.0
1777966328.5607376,30.2,3.79,0.0,0.0
1777966329.6039467,30.2,3.79,0.0,0.0
1777966330.3086555,30.2,3.79,0.0,0.0
1777966330.954598,30.2,3.79,0.0,0.0
1777966331.6961029,30.2,3.79,0.0,0.0
1777966332.3909078,30.2,3.79,0.0,0.0
1777966333.0906043,30.2,3.79,0.0,0.0
1777966333.7981184,30.2,3.79,0.0,0.0
1777966334.4693828,30.2,3.79,0.0,0.0
1777966335.1136038,30.2,3.79,0.0,0.0
1777966335.8474655,30.2,3.79,0.0,0.0
1777966336.586888,30.2,3.79,0.0,0.0
1777966337.2996986,30.2,3.79,0.0,0.0
1777966338.015181,30.2,3.79,0.0,0.0
1777966338.7252064,30.2,3.79,0.0,0.0
1777966339.4195817,30.2,3.79,0.0,0.0
1777966340.0860837,30.2,3.79,0.0,0.0
1777966340.757931,30.2,3.79,0.0,0.0
1777966341.467105,30.2,3.79,0.0,0.0
1777966342.205663,30.2,3.79,0.0,0.0
1777966342.9605927,30.2,3.79,0.0,0.0
1777966343.7204206,30.2,3.79,0.0,0.0
1777966344.416391,30.2,3.79,0.0,0.0
1777966345.1000862,30.2,3.79,0.0,0.0
1777966345.8460624,30.2,3.79,0.0,0.0
1777966346.5892925,30.2,3.79,0.0,0.0
1777966347.345221,30.2,3.79,0.0,0.0
1777966348.083423,30.2,3.79,0.0,0.0
1777966348.818343,30.2,3.79,0.0,0.0
1777966349.5613363,30.2,3.79,0.0,0.0
1777966350.3050482,30.2,3.79,0.0,0.0
1777966351.0512197,30.2,3.79,0.0,0.0
1777966351.8031666,30.2,3.79,0.0,0.0
1777966352.8615525,30.2,3.79,0.0,0.0
1777966353.9232023,30.2,3.79,0.0,0.0
1777966354.8915675,30.2,3.79,0.0,0.0
1777966355.9178784,30.2,3.79,0.0,0.0
1777966356.9722164,30.2,3.79,0.0,0.0
1777966358.037979,30.2,3.79,0.0,0.0
1777966359.0537384,30.2,3.79,0.0,0.0
1777966360.047702,30.2,3.79,0.0,0.0
1777966361.0817928,30.2,3.79,0.0,0.0
1777966362.1269958,30.2,3.79,0.0,0.0
1777966363.1551132,30.2,3.79,0.0,0.0
1777966364.2168972,30.2,3.79,0.0,0.0
1777966365.2853742,30.2,3.79,0.0,0.0
1777966366.325561,30.2,3.79,0.0,0.0
1777966367.3208458,30.2,3.79,0.0,0.0
1777966368.3435366,30.2,3.79,0.0,0.0
1777966369.398531,30.2,3.79,0.0,0.0
1777966370.4611175,30.2,3.79,0.0,0.0
1777966371.513296,30.2,3.79,0.0,0.0
1777966372.5617123,30.2,3.79,0.0,0.0
1777966373.6368976,30.2,3.79,0.0,0.0
1777966374.6940818,30.2,3.79,0.0,0.0
1777966375.7341657,30.2,3.79,0.0,0.0
1777966376.7966254,30.2,3.79,0.0,0.0
1777966377.7864904,30.2,3.79,0.0,0.0
1777966378.8358872,30.2,3.79,0.0,0.0
1777966379.9112887,30.2,3.79,0.0,0.0
1777966380.9961956,30.2,3.79,0.0,0.0
1777966382.0005698,30.2,3.79,0.0,0.0
1777966382.9591022,30.2,3.79,0.0,0.0
1777966384.0090117,30.2,3.79,0.0,0.0
1777966385.078695,30.2,3.79,0.0,0.0
1777966386.1410878,30.2,3.79,0.0,0.0
1777966387.2077193,30.2,3.79,0.0,0.0
1777966388.2668176,30.2,3.79,0.0,0.0
1777966389.326565,30.2,3.79,0.0,0.0
1777966390.4181337,30.2,3.79,0.0,0.0
1777966391.4853704,30.2,3.79,0.0,0.0
1777966392.5792482,30.2,3.79,0.0,0.0
1777966393.6097913,30.2,3.79,0.0,0.0
1777966394.6514404,30.2,3.79,0.0,0.0
1777966395.705328,30.2,3.79,0.0,0.0
1777966396.7988608,30.2,3.79,0.0,0.0
1777966397.8514557,30.2,3.79,0.0,0.0
1777966398.8866687,30.2,3.79,0.0,0.0
1777966399.9617698,30.2,3.79,0.0,0.0
1777966401.03438,30.2,3.79,0.0,0.0
1777966402.085388,30.2,3.79,0.0,0.0
1777966403.1526005,30.2,3.79,0.0,0.0
1777966404.1969988,30.2,3.79,0.0,0.0
1777966405.2771213,30.2,3.79,0.0,0.0
1777966406.3411534,30.2,3.79,0.0,0.0
1777966407.412088,30.2,3.79,0.0,0.0
1777966408.4811676,30.2,3.79,0.0,0.0
1777966409.566986,30.2,3.79,0.0,0.0
1777966410.6118395,30.2,3.79,0.0,0.0
1777966411.6821094,30.2,3.79,0.0,0.0
1777966412.7509253,30.2,3.79,0.0,0.0
1777966413.8003597,30.2,3.79,0.0,0.0
1777966414.8596098,30.2,3.79,0.0,0.0
1777966415.9402134,30.2,3.79,0.0,0.0
1777966416.9587758,30.2,3.79,0.0,0.0
1777966417.9918149,30.2,3.79,0.0,0.0
1777966419.0285907,30.2,3.79,0.0,0.0
1777966420.1030986,30.2,3.79,0.0,0.0
1777966421.1641095,30.2,3.79,0.0,0.0
1777966422.2476952,30.2,3.79,0.0,0.0
1777966423.2752151,30.2,3.79,0.0,0.0
1777966424.341365,30.2,3.79,0.0,0.0
1777966425.3461523,30.2,3.79,0.0,0.0
1777966426.4231727,30.2,3.79,0.0,0.0
1777966427.475078,30.2,3.79,0.0,0.0
1777966428.5725272,30.2,3.79,0.0,0.0
1777966429.6746316,30.2,3.79,0.0,0.0
1777966430.7338388,30.2,3.79,0.0,0.0
1777966431.8057873,30.2,3.79,0.0,0.0
1777966432.891914,30.2,3.79,0.0,0.0
1777966433.9470935,30.2,3.79,0.0,0.0
1777966435.0198665,30.2,3.79,0.0,0.0
1777966436.0437028,30.2,3.79,0.0,0.0
1777966437.0239017,30.2,3.79,0.0,0.0
1777966438.0575883,30.2,3.79,0.0,0.0
1777966439.1183085,30.2,3.79,0.0,0.0
1777966440.156019,30.2,3.79,0.0,0.0
1777966441.2298572,30.2,3.79,0.0,0.0
1777966442.2666404,30.2,3.79,0.0,0.0
1777966443.3187914,30.2,3.79,0.0,0.0
1777966444.378925,30.2,3.79,0.0,0.0
1777966445.4518468,30.2,3.79,0.0,0.0
1777966446.5168216,30.2,3.79,0.0,0.0
1777966447.5792384,30.2,3.79,0.0,0.0
1777966448.6692042,30.2,3.79,0.0,0.0
1777966449.7322664,30.2,3.79,0.0,0.0
1777966450.7717166,30.2,3.79,0.0,0.0
1777966451.9522412,30.2,3.79,0.0,0.0
1777966452.965226,30.2,3.79,0.0,0.0
1777966454.0403218,30.2,3.79,0.0,0.0
1777966455.1203701,30.2,3.79,0.0,0.0
1777966456.1720045,30.2,3.79,0.0,0.0
1777966457.2888448,30.2,3.79,0.0,0.0
1777966458.3198402,30.2,3.79,0.0,0.0
1777966459.3896534,30.2,3.79,0.0,0.0
1777966460.4242744,30.2,3.79,0.0,0.0
1777966461.4478214,30.2,3.79,0.0,0.0
1777966462.4689908,30.2,3.79,0.0,0.0
1777966463.499162,30.2,3.79,0.0,0.0
1777966464.5620117,30.2,3.79,0.0,0.0
1777966465.5938547,30.2,3.79,0.0,0.0
1777966466.615162,30.2,3.79,0.0,0.0
1777966467.5999434,30.2,3.78,0.0,0.0
1777966468.5764325,30.2,3.78,0.0,0.0
1777966469.570062,30.2,3.78,0.0,0.0
1777966470.6122873,30.2,3.78,0.0,0.0
1777966471.5920966,30.2,3.78,0.0,0.0
1777966472.6343956,30.2,3.78,0.0,0.0
1777966473.7161655,30.2,3.78,0.0,0.0
1777966474.7857835,30.2,3.78,0.0,0.0
1777966475.8419816,30.2,3.78,0.0,0.0
1777966476.88769,30.2,3.78,0.0,0.0
1777966477.9508584,0.0,3.78,0.0,0.0
1777966479.013484,0.0,3.78,0.0,0.0
1777966480.0884552,0.0,3.78,0.0,0.0
1777966481.1282816,0.0,3.78,0.0,0.0
1777966482.1345067,30.2,3.78,0.0,0.0
1777966483.1846733,30.2,3.78,0.0,0.0
1777966484.2741964,30.2,3.78,0.0,0.0
1777966485.320592,30.2,3.78,0.0,0.0
1777966486.354493,30.2,3.78,0.0,0.0
1777966487.3925364,30.2,3.78,0.0,0.0
1777966488.4745693,30.2,3.78,0.0,0.0
1777966489.576958,30.2,3.78,0.0,0.0
1777966490.6274762,30.2,3.78,0.0,0.0
1777966491.6390405,30.2,3.78,0.0,0.0
1777966492.7141476,30.2,3.78,0.0,0.0
1777966493.7028542,30.2,3.78,0.0,0.0
1777966494.738574,30.2,3.78,0.0,0.0
1777966495.7607691,30.2,3.78,0.0,0.0
1777966496.7693546,30.2,3.78,0.0,0.0
1777966497.808331,30.2,3.78,0.0,0.0
1777966498.8124692,30.2,3.78,0.0,0.0
1777966499.8408418,30.2,3.78,0.0,0.0
1777966500.8433378,30.2,3.69,0.14,1.46
1777966501.9028127,30.2,3.61,0.25,1.41
1777966502.9152966,30.2,3.54,0.33,1.37
1777966503.952767,30.2,3.46,0.38,1.34
1777966504.958303,30.2,3.49,0.29,1.33
1777966505.9807086,30.2,3.51,0.22,1.31
1777966507.0145047,30.2,3.53,0.16,1.28
1777966508.0817337,30.2,3.55,0.12,1.24
1777966509.1548777,30.2,3.57,0.09,0.0
1777966510.1790102,30.2,3.59,0.07,0.0
1777966511.1736147,30.2,3.6,0.05,0.0
1777966512.1975877,30.2,3.62,0.04,0.0
1777966513.1781225,30.2,3.63,0.03,0.0
1777966514.199171,30.2,3.64,0.02,0.0
1777966515.3121128,30.2,3.65,0.02,0.0
1777966516.2973228,30.2,3.66,0.01,0.0
1777966517.3229911,30.2,3.67,0.01,0.0
1777966518.354976,30.2,3.58,0.15,1.22
1777966519.34982,30.2,3.58,0.28,1.21
1777966520.3904037,30.2,3.58,0.37,1.21
1777966521.3798547,30.2,3.58,0.43,1.23
1777966522.429145,30.2,3.5,0.47,1.23
1777966523.484286,30.2,3.44,0.49,1.23
1777966524.572394,30.2,3.39,0.49,1.23
1777966525.649907,30.2,3.34,0.5,1.24
1777966526.7397923,30.2,3.29,0.5,1.24
1777966527.8040602,30.2,3.29,0.5,1.26
1777966528.8597047,30.2,3.23,0.49,1.25
1777966529.8993232,30.2,3.19,0.49,1.26
1777966530.949583,30.2,3.16,0.49,1.26
1777966531.9999232,30.2,3.13,0.5,1.26
1777966533.0659237,30.2,3.1,0.5,1.26
1777966534.108296,30.2,3.07,0.5,1.27
1777966535.0994005,30.2,3.05,0.5,1.27
1777966536.1707602,30.2,3.03,0.51,1.28
1777966537.2182918,30.2,3.01,0.51,1.28
1777966538.2564416,30.2,2.99,0.5,1.29
1777966539.305041,30.2,2.97,0.51,1.29
1777966540.3907676,30.2,2.96,0.51,1.29
1777966541.3813322,30.2,2.94,0.51,1.3
1777966542.46817,30.2,2.93,0.51,1.3
1777966543.4656281,30.2,2.92,0.51,1.31
1777966544.5912113,30.2,2.91,0.51,1.31
1777966545.6302977,30.2,2.9,0.5,1.31
1777966546.6504507,30.2,2.89,0.5,1.32
1777966547.6350262,30.2,2.88,0.5,1.32
1777966548.6823692,30.2,2.87,0.5,1.32
1777966549.778051,30.2,2.87,0.5,1.32
1777966550.7738001,30.2,2.86,0.5,1.33
1777966551.7926936,30.2,2.86,0.5,1.33
1777966552.8551066,30.2,2.85,0.5,1.33
1777966553.9200227,30.2,2.85,0.51,1.34
1777966554.9885545,30.2,2.84,0.51,1.34
1777966556.0722728,30.2,2.84,0.5,1.34
1777966557.1294997,30.2,2.84,0.51,1.35
1777966558.115829,30.2,2.83,0.51,1.35
1777966559.141781,30.2,2.83,0.51,1.35
1777966560.1175025,30.2,2.83,0.51,1.36
1777966561.1523652,30.2,2.83,0.5,1.36
1777966562.188618,30.2,2.82,0.51,1.36
1777966563.164501,30.2,2.82,0.51,1.36
1777966564.20092,30.2,2.82,0.51,1.37
1777966565.2494748,30.2,2.82,0.51,1.37
1777966566.2908971,30.2,2.81,0.51,1.37
1777966567.3477023,30.2,2.81,0.51,1.37
1777966568.4035976,30.2,2.81,0.51,1.37
1777966569.4655683,30.2,2.81,0.51,1.38
1777966570.5261302,30.2,2.81,0.5,1.38
1777966571.6133487,30.2,2.81,0.5,1.38
1777966572.6740532,30.2,2.81,0.5,1.38
1777966573.7344687,30.2,2.8,0.5,1.38
1777966574.806092,30.2,2.8,0.5,1.38
1777966575.9345484,30.2,2.8,0.5,1.38
1777966576.9671032,30.2,2.8,0.5,1.38
1777966578.0445118,30.2,2.8,0.51,1.38
1777966579.086684,30.2,2.8,0.51,1.39
1777966580.1203525,30.2,2.8,0.51,1.39
1777966581.1640973,30.2,2.8,0.5,1.39
1777966582.1912084,30.2,2.8,0.5,1.39
1777966583.2150357,30.2,2.8,0.5,1.39
1777966584.1911178,30.2,2.8,0.5,1.39
1777966585.2261214,30.2,2.8,0.51,1.39
1777966586.2686846,30.2,2.8,0.5,1.39
1777966587.3334792,30.2,2.8,0.5,1.39
1777966588.4272287,30.2,2.8,0.5,1.39
1777966589.4891305,30.2,2.8,0.5,1.39
1777966590.5365605,30.2,2.8,0.5,1.39
1777966591.6200259,30.2,2.8,0.5,1.39
1777966592.6917946,30.2,2.79,0.5,1.39
1777966593.755157,30.2,2.79,0.5,1.39
1777966594.773153,30.2,2.79,0.5,1.39
1777966595.8274267,30.2,2.79,0.5,1.4
1777966596.876505,30.2,2.79,0.5,1.4
1777966597.947794,30.2,2.79,0.51,1.4
1777966599.0354183,30.2,2.79,0.5,1.4
1777966600.0782075,30.2,2.79,0.5,1.4
1777966601.1213598,30.2,2.79,0.5,1.4
1777966602.1779454,30.2,2.79,0.5,1.4
1777966603.155607,30.2,2.79,0.5,1.4
1777966604.1283224,30.2,2.79,0.5,1.4
1777966605.1138532,30.2,2.79,0.5,1.4
1777966606.1615903,30.2,2.79,0.5,1.4
1777966607.1588774,30.2,2.79,0.5,1.39
1777966608.204529,30.2,2.79,0.5,1.39
1777966609.199769,30.2,2.79,0.5,1.39
1777966610.205349,30.2,2.79,0.5,1.39
1777966611.219563,30.2,2.79,0.5,1.39
1777966612.2192638,30.2,2.79,0.5,1.39
1777966613.200066,30.2,2.79,0.5,1.39
1777966614.2603893,30.2,2.79,0.5,1.39
1777966615.2811253,30.2,2.79,0.5,1.39
1777966616.2786171,30.2,2.79,0.49,1.39
1777966617.327859,30.2,2.79,0.5,1.39
1777966618.3856788,30.2,2.79,0.5,1.39
1777966619.5964859,30.2,2.79,0.5,1.39
1777966620.6439948,30.2,2.79,0.5,1.39
1777966621.7314196,30.2,2.79,0.5,1.39
1777966622.8079553,30.2,2.79,0.5,1.39
1777966623.892121,30.2,2.79,0.5,1.39
1777966624.8999648,30.2,2.79,0.5,1.39
1777966625.9669456,30.2,2.79,0.5,1.39
1777966626.966135,30.2,2.79,0.49,1.39
1777966627.9665918,30.2,2.79,0.49,1.39
1777966628.9696994,30.2,2.79,0.49,1.39
1777966629.9969506,30.2,2.79,0.49,1.39
1777966631.0474896,30.2,2.8,0.49,1.39
1777966632.0369997,30.2,2.8,0.49,1.39
1777966633.0944223,30.2,2.8,0.49,1.39
1777966634.0872202,30.2,2.8,0.49,1.39
1777966635.1106353,30.2,2.8,0.49,1.39
1777966636.1146934,30.1,2.8,0.49,1.39
1777966637.1069937,30.1,2.8,0.49,1.38
1777966638.1030476,30.1,2.8,0.49,1.38
1777966639.1550918,30.1,2.8,0.49,1.38
1777966640.2122738,30.1,2.8,0.49,1.38
1777966641.2964377,30.1,2.8,0.49,1.38
1777966642.3126266,30.1,2.8,0.49,1.38
1777966643.360583,30.1,2.8,0.49,1.38
1777966644.4254715,30.0,2.8,0.48,1.38
1777966645.593706,30.0,2.8,0.49,1.38
1777966646.775224,30.0,2.8,0.48,1.38
1777966647.8892848,30.0,2.8,0.49,1.38
1777966648.9942665,30.0,2.8,0.49,1.38
1777966649.9863734,30.0,2.81,0.49,1.38
1777966650.9758549,30.0,2.81,0.49,1.38
1777966651.989546,30.0,2.8,0.49,1.38
1777966652.973917,29.9,2.8,0.49,1.37
1777966653.972424,29.9,2.81,0.49,1.37
1777966655.1598434,29.9,2.81,0.49,1.37
1777966656.2981603,29.9,2.81,0.49,1.37
1777966657.5003266,29.9,2.81,0.48,1.37
1777966658.5861416,29.9,2.81,0.49,1.37
1777966659.5872893,29.9,2.81,0.49,1.37
1777966660.7100203,29.9,2.81,0.49,1.37
1777966661.794703,29.8,2.81,0.49,1.37
1777966662.809464,29.8,2.81,0.49,1.37
1777966663.9085183,29.8,2.81,0.49,1.37
1777966664.9841754,29.8,2.81,0.49,1.37
1777966666.0202222,29.8,2.81,0.49,1.37
1777966667.0306833,29.8,2.82,0.49,1.38
1777966668.0584052,29.8,2.9,0.37,1.4
1777966669.0413742,29.8,2.96,0.27,1.4
1777966670.042735,29.8,3.03,0.21,1.39
1777966671.0773478,29.8,3.08,0.15,1.37
1777966672.0803082,29.8,3.14,0.12,1.34
1777966673.0642684,29.8,3.19,0.09,0.0
1777966674.1000645,29.8,3.23,0.07,0.0
1777966675.1017046,29.8,3.27,0.05,0.0
1777966676.1282458,29.8,3.31,0.04,0.0
1777966677.1326764,29.8,3.35,0.03,0.0
1777966678.1820283,29.8,3.38,0.02,0.0
1777966679.2120664,29.8,3.41,0.02,0.0
1777966680.2437878,29.8,3.43,0.01,0.0
1777966681.2647727,29.8,3.46,0.01,0.0
1777966682.2570605,29.8,3.48,0.01,0.0
1777966683.2600992,29.8,3.51,0.0,0.0
1777966684.285001,29.8,3.53,0.0,0.0
1777966685.3504488,29.8,3.55,0.0,0.0
1777966686.364972,29.8,3.57,0.0,0.0
1777966687.345567,29.8,3.58,0.0,0.0
1777966688.4201918,29.8,3.6,0.0,0.0
1777966689.4438646,29.8,3.61,0.0,0.0
1777966690.4308286,29.8,3.62,0.0,0.0
1777966691.4172947,29.8,3.63,0.0,0.0
1777966692.4879098,29.8,3.64,0.0,0.0
1777966693.5527966,29.8,3.65,0.0,0.0
1777966694.5974197,29.8,3.66,0.0,0.0
1777966695.6350396,29.8,3.67,0.0,0.0
1777966696.6906037,29.8,3.67,0.0,0.0
1777966697.6968951,29.8,3.68,0.0,0.0
1777966698.721008,29.8,3.69,0.0,0.0
1777966699.7022731,29.8,3.69,0.0,0.0
1777966700.6737106,29.8,3.7,0.0,0.0
1777966701.6518543,29.8,3.7,0.0,0.0
1777966702.6682382,29.8,3.71,0.0,0.0
1777966703.6594079,29.8,3.71,0.0,0.0
1777966704.6670244,29.8,3.72,0.0,0.0
1777966705.6546166,29.8,3.72,0.0,0.0
1777966706.7106016,29.8,3.72,0.0,0.0
1777966707.782009,29.8,3.73,0.0,0.0
1777966708.8327444,29.8,3.73,0.0,0.0
1777966709.8104682,29.8,3.73,0.0,0.0
1777966710.8510864,29.8,3.73,0.0,0.0
1777966711.8905394,29.8,3.74,0.0,0.0
1777966712.8931928,29.8,3.74,0.0,0.0
1777966713.8901043,29.8,3.74,0.0,0.0
1777966714.9062252,29.8,3.74,0.0,0.0
1777966715.894269,29.8,3.75,0.0,0.0
1777966716.9359598,29.8,3.75,0.0,0.0
1777966717.9737587,29.8,3.75,0.0,0.0
1777966719.0134337,29.8,3.75,0.0,0.0
1777966720.046791,29.8,3.75,0.0,0.0
1777966721.0944567,29.8,3.75,0.0,0.0
1777966722.127364,29.8,3.75,0.0,0.0
1777966723.1544702,29.8,3.75,0.0,0.0
1777966724.1965258,29.8,3.76,0.0,0.0
1777966725.1657307,29.8,3.76,0.0,0.0
1777966726.1695237,29.8,3.76,0.0,0.0
1777966727.182404,29.8,3.76,0.0,0.0
1777966728.2223556,29.8,3.76,0.0,0.0
1777966729.2612154,29.8,3.76,0.0,0.0
1777966730.3277748,29.8,3.76,0.0,0.0
1777966731.4067707,29.8,3.76,0.0,0.0
1777966732.4750557,29.8,3.76,0.0,0.0
1777966733.5428624,29.8,3.76,0.0,0.0
1777966734.600482,29.8,3.76,0.0,0.0
1777966735.688753,29.8,3.76,0.0,0.0
1777966736.7470915,29.8,3.76,0.0,0.0
1777966737.7923334,29.8,3.76,0.0,0.0
1777966738.8543186,29.8,3.76,0.0,0.0
1777966739.933983,29.8,3.76,0.0,0.0
1777966740.9447358,29.8,3.76,0.0,0.0
1777966741.9913895,29.8,3.76,0.0,0.0
1777966743.057985,29.8,3.76,0.0,0.0
1777966744.1011202,29.8,3.76,0.0,0.0
1777966745.1564841,29.8,3.76,0.0,0.0
1777966746.2135587,29.8,3.76,0.0,0.0
1777966747.2179992,29.8,3.76,0.0,0.0
1777966748.256726,29.8,3.76,0.0,0.0
1777966749.303873,29.8,3.76,0.0,0.0
1777966750.373531,29.8,3.76,0.0,0.0
1777966751.4776516,29.8,3.77,0.0,0.0
1777966752.5507922,29.8,3.77,0.0,0.0
1777966753.6167028,29.8,3.77,0.0,0.0
1777966754.6671462,29.8,3.77,0.0,0.0
1777966755.7594364,29.8,3.77,0.0,0.0
1777966756.8223119,29.8,3.77,0.0,0.0
1777966757.8870258,29.8,3.77,0.0,0.0
1777966758.963845,29.8,3.77,0.0,0.0
1777966760.0274553,29.8,3.77,0.0,0.0
1777966761.064494,29.8,3.77,0.0,0.0
1777966762.102296,29.8,3.77,0.0,0.0
1777966763.1368005,29.8,3.77,0.0,0.0
1777966764.150933,29.8,3.77,0.0,0.0
1777966765.1180878,29.8,3.77,0.0,0.0
1777966766.1419764,29.8,3.77,0.0,0.0
1777966767.1564457,29.8,3.77,0.0,0.0
1777966768.160363,29.8,3.77,0.0,0.0
1777966769.135423,29.8,3.77,0.0,0.0
1777966770.1020882,29.8,3.76,0.0,0.0
1777966771.1168246,29.8,3.76,0.0,0.0
1777966772.151096,29.8,3.76,0.0,0.0
1777966773.1451995,29.8,3.76,0.0,0.0
1777966774.1186106,29.8,3.76,0.0,0.0
1777966775.1598048,29.8,3.76,0.0,0.0
1777966776.195227,29.8,3.76,0.0,0.0
1777966777.231992,29.8,3.76,0.0,0.0
1777966778.2746007,29.8,3.76,0.0,0.0
1777966779.3206801,29.8,3.76,0.0,0.0
1777966780.3761969,29.8,3.76,0.0,0.0
1777966781.4557834,29.8,3.76,0.0,0.0
1777966782.5063827,29.8,3.76,0.0,0.0
1777966783.576854,29.8,3.76,0.0,0.0
1777966784.6263726,29.8,3.76,0.0,0.0
1777966785.694417,29.8,3.76,0.0,0.0
1777966786.7882125,29.8,3.76,0.0,0.0
1777966787.8058949,29.8,3.76,0.0,0.0
1777966788.9038086,29.8,3.76,0.0,0.0
1777966789.9781153,29.8,3.69,0.0,0.0
1777966791.063291,29.8,3.69,0.15,1.52
1777966792.0928583,29.8,3.69,0.25,1.5
1777966793.0932622,29.8,3.69,0.34,1.48
1777966794.116824,29.8,3.69,0.39,1.48
1777966795.1568153,29.8,3.69,0.42,1.48
1777966796.1487553,29.8,3.6,0.44,1.45
1777966797.1140904,29.8,3.51,0.45,1.43
1777966798.0915723,29.8,3.44,0.45,1.4
1777966799.0957935,29.8,3.37,0.46,1.38
1777966800.1181724,29.8,3.3,0.47,1.37
1777966801.1219258,29.8,3.24,0.48,1.35
1777966802.1709213,29.8,3.18,0.48,1.34
1777966803.2169616,29.8,3.13,0.47,1.32
1777966804.2616827,29.8,3.09,0.47,1.31
1777966805.3276894,29.8,3.05,0.47,1.3
1777966806.4353337,29.8,3.01,0.47,1.29
1777966807.5008774,29.8,2.98,0.47,1.28
1777966808.5648735,29.8,2.94,0.47,1.27
1777966809.5579405,29.8,2.92,0.47,1.27
1777966810.635326,29.8,2.89,0.47,1.26
1777966811.723136,29.8,2.86,0.47,1.26
1777966812.8002772,29.8,2.84,0.47,1.25
1777966813.7804809,29.8,2.82,0.47,1.25
1777966814.779125,29.8,2.8,0.47,1.24
1777966815.8123212,29.8,2.79,0.47,1.24
1777966816.8680618,29.8,2.77,0.47,1.23
1777966817.9261553,29.8,2.76,0.47,1.23
1777966818.9622078,29.8,2.74,0.47,1.23
1777966819.9964564,29.8,2.73,0.47,1.23
1777966821.0211358,29.8,2.72,0.47,1.22
1777966822.025292,29.8,2.71,0.47,1.22
1777966823.061149,29.8,2.7,0.48,1.22
1777966824.0835268,29.8,2.69,0.48,1.22
1777966825.1353111,29.8,2.68,0.48,1.22
1777966826.1743882,29.8,2.67,0.48,1.22
1777966827.1694262,29.8,2.67,0.48,1.22
1777966828.2166824,29.8,2.66,0.48,1.22
1777966829.1910133,29.8,2.66,0.47,1.22
1777966830.2543843,29.8,2.65,0.47,1.22
1777966831.3084307,29.8,2.65,0.47,1.22
1777966832.3771164,29.8,2.64,0.47,1.22
1777966833.4386628,29.8,2.64,0.47,1.22
1777966834.4906425,29.8,2.63,0.47,1.22
1777966835.544788,29.8,2.63,0.47,1.22
1777966836.6274304,29.8,2.63,0.47,1.22
1777966837.6964498,29.8,2.63,0.47,1.22
1777966838.76812,29.8,2.62,0.47,1.22
1777966839.840995,29.8,2.62,0.48,1.22
1777966840.8936775,29.8,2.62,0.48,1.22
1777966841.9433355,29.8,2.62,0.48,1.22
1777966842.9898157,29.8,2.62,0.48,1.22
1777966843.983382,29.8,2.61,0.48,1.22
1777966844.9783232,29.8,2.61,0.48,1.22
1777966846.0142047,29.8,2.61,0.48,1.22
1777966847.0563502,29.8,2.61,0.48,1.22
1777966848.1199358,29.8,2.61,0.48,1.22
1777966849.1402266,29.8,2.61,0.48,1.22
1777966850.1246681,29.8,2.61,0.48,1.22
1777966851.1234884,29.8,2.61,0.48,1.22
1777966852.1547909,29.8,2.61,0.48,1.23
1777966853.212914,29.8,2.61,0.47,1.23
1777966854.2889202,29.8,2.6,0.48,1.23
1777966855.3738582,29.8,2.6,0.48,1.23
1777966856.4574492,29.8,2.6,0.47,1.23
1777966857.5266042,29.8,2.6,0.47,1.22
1777966858.6060665,29.8,2.59,0.48,1.22
1777966859.660208,29.8,2.59,0.48,1.22
1777966860.7227733,29.8,2.59,0.49,1.23
1777966861.7170947,29.8,2.59,0.49,1.23
1777966862.7583363,29.8,2.59,0.48,1.23
1777966863.8104253,29.8,2.59,0.48,1.23
1777966864.8709068,29.8,2.6,0.47,1.23
1777966865.9584215,29.8,2.6,0.47,1.23
1777966867.04527,29.8,2.62,0.48,1.24
1777966868.1091576,29.8,2.64,0.48,1.25
1777966869.08645,29.9,2.65,0.5,1.26
1777966870.100767,29.9,2.67,0.5,1.27
1777966871.0983772,29.9,2.69,0.5,1.29
1777966872.1006494,29.9,2.7,0.5,1.29
1777966873.1200624,29.9,2.71,0.5,1.3
1777966874.1533577,29.9,2.73,0.5,1.31
1777966875.2012792,29.9,2.74,0.5,1.32
1777966876.2306879,29.9,2.75,0.49,1.33
1777966877.2636247,30.0,2.76,0.5,1.33
1777966878.322242,30.0,2.77,0.5,1.34
1777966879.3813355,30.0,2.78,0.49,1.35
1777966880.4356387,30.0,2.79,0.49,1.35
1777966881.476428,30.0,2.79,0.49,1.36
1777966882.4469483,30.0,2.87,0.37,1.38
1777966883.4689355,30.0,2.94,0.28,1.38
1777966884.5242496,30.0,3.01,0.21,1.37
1777966885.5945158,30.1,3.07,0.16,1.35
1777966886.6364694,30.1,3.12,0.12,1.33
1777966887.668871,30.1,3.17,0.09,0.0
1777966888.7401714,30.1,3.22,0.07,0.0
1777966889.8322303,30.1,3.26,0.05,0.0
1777966890.9004064,30.1,3.3,0.04,0.0
1777966891.9557862,30.1,3.34,0.03,0.0
1777966893.0147612,30.1,3.37,0.02,0.0
1777966894.186095,30.1,3.4,0.02,0.0
1777966895.3220994,30.1,3.43,0.01,0.0
1777966896.3797557,30.1,3.46,0.01,0.0
1777966897.4548845,30.1,3.48,0.01,0.0
1777966898.4956021,30.1,3.5,0.0,0.0
1777966899.5539315,30.1,3.52,0.0,0.0
1777966900.6252997,30.1,3.54,0.0,0.0
1777966901.6848335,30.1,3.56,0.0,0.0
1777966902.7248776,30.0,3.57,0.0,0.0
1777966903.7699296,30.0,3.59,0.0,0.0
1777966904.850306,30.0,3.6,0.0,0.0
1777966905.9252245,30.0,3.61,0.0,0.0
1777966906.9964392,30.0,3.63,0.0,0.0
1777966908.0659904,30.0,3.64,0.0,0.0
1777966909.0759974,30.0,3.65,0.0,0.0
1777966910.1168587,30.0,3.66,0.0,0.0
1777966911.1929593,30.0,3.66,0.0,0.0
1777966912.2437627,30.0,3.67,0.0,0.0
1777966913.2354934,30.0,3.68,0.0,0.0
1777966914.287107,30.0,3.68,0.0,0.0
1777966915.3561442,29.9,3.69,0.0,0.0
1777966916.4151695,29.9,3.7,0.0,0.0
1777966917.4959135,29.9,3.7,0.0,0.0
1777966918.5600712,29.9,3.71,0.0,0.0
1777966919.6509576,29.9,3.71,0.0,0.0
1777966920.72624,29.9,3.71,0.0,0.0
1777966921.8521087,29.9,3.72,0.0,0.0
1777966922.966622,29.9,3.72,0.0,0.0
1777966924.1140041,29.9,3.72,0.0,0.0
1777966925.2475636,29.9,3.73,0.0,0.0
1777966926.3463185,29.9,3.73,0.0,0.0
1777966927.4085937,29.9,3.73,0.0,0.0
1777966928.4776447,29.9,3.73,0.0,0.0
1777966929.6075819,29.9,3.74,0.0,0.0
1777966930.6405916,29.9,3.74,0.0,0.0
1777966931.649851,29.9,3.74,0.0,0.0
1777966932.7521472,29.9,3.74,0.0,0.0
1777966933.7738209,29.9,3.74,0.0,0.0
1777966934.895974,29.9,3.74,0.0,0.0
1777966935.9241414,29.9,3.75,0.0,0.0
1777966937.0086346,29.8,3.75,0.0,0.0
1777966938.1017668,29.8,3.75,0.0,0.0
1777966939.2770207,29.8,3.75,0.0,0.0
1777966940.4820943,29.8,3.75,0.0,0.0
1777966941.5238686,29.8,3.75,0.0,0.0
1777966942.635832,29.8,3.75,0.0,0.0
1777966943.6840434,29.8,3.75,0.0,0.0
1777966944.7231514,29.8,3.75,0.0,0.0
1777966945.7990646,29.8,3.75,0.0,0.0
1777966946.9107513,29.8,3.75,0.0,0.0
1777966948.0610707,29.8,3.75,0.0,0.0
1777966949.1700609,29.8,3.75,0.0,0.0
1777966950.2881444,29.8,3.76,0.0,0.0
1777966951.4742763,29.8,3.76,0.0,0.0
1777966952.5367837,29.8,3.76,0.0,0.0
1777966953.650574,29.8,3.76,0.0,0.0
1777966954.7390113,29.8,3.76,0.0,0.0
1777966955.783162,29.8,3.76,0.0,0.0
1777966956.8052146,29.8,3.76,0.0,0.0
1777966957.8407366,29.8,3.76,0.0,0.0
1777966958.907623,29.8,3.76,0.0,0.0
1777966959.912031,29.8,3.76,0.0,0.0
1777966960.8892417,29.8,3.76,0.0,0.0
1777966962.049845,29.8,3.76,0.0,0.0
1777966963.0690067,29.8,3.76,0.0,0.0
1777966964.1750197,29.8,3.76,0.0,0.0
1777966965.2859201,29.8,3.76,0.0,0.0
1777966966.376572,29.8,3.76,0.0,0.0
1777966967.4672165,29.8,3.76,0.0,0.0
1777966968.5918045,29.8,3.76,0.0,0.0
1777966969.6163409,29.8,3.76,0.0,0.0
1777966970.6639361,29.8,3.76,0.0,0.0
1777966971.7146413,29.8,3.76,0.0,0.0
1777966972.758374,29.8,3.76,0.0,0.0
1777966973.8299215,29.8,3.76,0.0,0.0
1777966974.8844838,29.8,3.76,0.0,0.0
1777966975.9356124,29.8,3.76,0.0,0.0
1777966977.0029786,29.8,3.77,0.0,0.0
1777966978.0718472,29.8,3.77,0.0,0.0
1777966979.123979,29.8,3.77,0.0,0.0
1777966980.1407108,29.8,3.77,0.0,0.0
1777966981.1288328,29.8,3.77,0.0,0.0
1777966982.2016492,29.8,3.78,0.0,0.0
1777966983.315707,0.0,3.78,0.0,0.0
1777966984.3212764,0.0,3.77,0.0,0.0
1777966985.3158054,0.0,3.77,0.0,0.0
1777966986.380898,0.0,3.77,0.0,0.0
1777966987.4376566,0.0,3.77,0.0,0.0
1777966988.4663005,0.0,3.78,0.0,0.0
1777966989.5285182,0.0,3.78,0.0,0.0
1777966990.620671,0.0,3.78,0.0,0.0
1777966991.751345,0.0,3.78,0.0,0.0
1777966992.870777,0.0,3.78,0.0,0.0
1777966993.9951737,0.0,3.78,0.0,0.0
1777966995.112877,0.0,3.78,0.0,0.0
1777966996.234589,0.0,3.78,0.0,0.0
1777966997.3105495,0.0,3.78,0.0,0.0
1777966998.6045706,0.0,3.78,0.0,0.0
1777966999.8178992,0.0,3.78,0.0,0.0
1777967000.9945114,0.0,3.78,0.0,0.0
1777967002.3052514,0.0,3.78,0.0,0.0
1777967003.456233,0.0,3.78,0.0,0.0
1777967004.6074207,29.8,3.78,0.0,0.0
1777967005.7894945,29.8,3.79,0.0,0.0
1777967006.9082596,29.8,3.79,0.0,0.0
1777967007.9189227,29.8,3.79,0.0,0.0
1777967008.9878533,29.8,3.79,0.0,0.0
1777967010.019784,29.8,3.79,0.0,0.0
1777967011.1314545,29.8,3.72,0.08,0.0
1777967012.1649141,29.8,3.73,0.05,0.0
1777967013.205018,29.8,3.74,0.03,0.0
1777967014.4560144,30.2,2.96,0.49,1.44
1777967015.5399013,30.2,2.96,0.49,1.44
1777967016.6932967,30.2,2.96,0.49,1.44
1777967017.7964694,30.2,2.96,0.49,1.44
1777967018.901802,30.2,2.96,0.49,1.44
1777967019.9835794,30.2,2.96,0.49,1.44
1777967021.0668695,30.2,2.96,0.48,1.43
1777967022.126455,30.2,2.96,0.48,1.43
1777967023.1477697,30.1,2.95,0.48,1.43
1777967024.2761967,30.1,2.95,0.48,1.43
1777967025.3661547,30.0,2.95,0.48,1.43
1777967026.5176287,29.8,2.95,0.48,1.43
1777967027.6821468,29.8,2.95,0.48,1.43
1777967028.765123,29.8,2.95,0.49,1.43
1777967029.777916,29.8,2.95,0.48,1.43
1777967030.884912,29.8,2.95,0.48,1.43
1777967031.9795532,29.8,2.95,0.48,1.43
1777967033.00085,29.8,2.95,0.48,1.43
1777967034.0433228,29.8,2.95,0.48,1.43
1777967035.0423846,29.8,2.95,0.48,1.43
1777967036.013234,29.8,2.95,0.48,1.42
1777967037.1156704,29.8,2.95,0.48,1.42
1777967038.1194215,29.8,2.95,0.48,1.42
1777967039.1715329,29.8,2.95,0.48,1.42
1777967040.2178063,29.8,2.95,0.48,1.42
1777967041.2482913,29.8,2.95,0.48,1.42
1777967042.2789266,29.8,2.95,0.48,1.42
1777967043.3088613,29.8,2.95,0.48,1.42
1777967044.3747685,29.8,2.95,0.49,1.42
1777967045.4710307,29.8,2.95,0.49,1.42
1777967046.553654,29.8,2.95,0.49,1.42
1777967047.6311698,29.8,2.95,0.49,1.42
1777967048.7117586,29.8,2.95,0.49,1.42
1777967049.796763,29.8,2.95,0.48,1.42
1777967050.9057841,29.8,2.94,0.48,1.42
1777967051.9876437,29.8,2.94,0.48,1.42
1777967053.0455654,29.8,2.94,0.48,1.42
1777967054.1646574,29.8,2.94,0.48,1.42
1777967055.1343112,29.8,2.94,0.48,1.42
1777967056.123705,29.8,2.94,0.49,1.42
1777967057.154926,29.8,2.94,0.49,1.42
1777967058.1904373,29.8,2.94,0.49,1.42
1777967059.2198665,29.8,2.94,0.49,1.43
1777967060.2892745,29.8,2.94,0.49,1.43
1777967061.344113,29.8,2.94,0.49,1.43
1777967062.3711307,29.8,2.94,0.49,1.43
1777967063.4228344,29.8,2.94,0.48,1.43
1777967064.499211,29.8,2.94,0.48,1.43
1777967065.5576608,29.8,2.94,0.48,1.42
1777967066.6351938,29.8,2.94,0.48,1.42
1777967067.7330353,29.8,2.94,0.48,1.42
1777967068.8100653,29.8,2.94,0.48,1.42
1777967069.8723567,29.8,2.94,0.48,1.42
1777967070.8623059,29.8,2.94,0.48,1.42
1777967071.847358,29.8,2.94,0.48,1.42
1777967072.8721118,29.8,2.94,0.48,1.42
1777967073.9313378,29.8,2.94,0.48,1.42
1777967074.993714,29.8,2.94,0.48,1.42
1777967076.0653026,29.8,2.94,0.48,1.42
1777967077.1377308,29.8,2.94,0.48,1.42
1777967078.1820364,29.8,2.94,0.48,1.42
1777967079.2046309,29.8,2.94,0.48,1.42
1777967080.2010858,29.8,2.94,0.48,1.41
1777967081.2427988,29.8,2.94,0.48,1.41
1777967082.2846682,29.8,2.94,0.48,1.41
1777967083.3628876,29.8,2.94,0.48,1.41
1777967084.4219694,29.8,2.94,0.48,1.41
1777967085.4817019,29.8,2.94,0.48,1.41
1777967086.568626,29.8,2.95,0.48,1.41
1777967087.6060228,29.8,2.94,0.48,1.41
1777967088.642172,29.8,2.95,0.48,1.41
1777967089.6869755,29.8,2.95,0.48,1.41
1777967090.7414458,29.8,2.95,0.48,1.41
1777967091.8021371,29.8,2.95,0.48,1.41
1777967092.8767083,29.8,2.95,0.48,1.41
1777967093.9355423,29.8,2.95,0.48,1.41
1777967095.009645,29.8,2.95,0.48,1.41
1777967096.0661001,29.8,2.95,0.48,1.41
1777967097.127132,29.8,2.95,0.48,1.41
1777967098.1730502,29.8,2.95,0.48,1.41
1777967099.22147,29.8,2.95,0.48,1.41
1777967100.205917,29.8,2.95,0.48,1.41
1777967101.1947415,29.8,2.95,0.48,1.42
1777967102.2429938,29.8,2.95,0.49,1.42
1777967103.277685,29.8,2.95,0.48,1.42
1777967104.3479388,29.8,2.95,0.48,1.42
1777967105.423621,29.8,2.95,0.48,1.42
1777967106.5257185,29.8,2.95,0.48,1.42
1777967107.5926416,29.8,2.95,0.48,1.42
1777967108.6679952,29.8,2.95,0.48,1.42
1777967109.721081,29.8,2.95,0.48,1.42
1777967110.7871332,29.8,2.95,0.48,1.42
1777967111.862721,29.8,2.95,0.48,1.42
1777967112.9390233,29.8,2.95,0.48,1.42
1777967114.0063753,30.0,2.95,0.48,1.42
1777967115.0564249,30.0,2.95,0.48,1.42
1777967116.0135493,30.0,2.95,0.48,1.42
1777967117.0414362,30.1,2.95,0.48,1.42
1777967118.1348548,30.1,2.95,0.48,1.42
1777967119.1961584,30.2,2.95,0.48,1.42
1777967120.2142515,30.2,2.95,0.48,1.41
1777967121.2530775,30.2,2.95,0.48,1.41
1777967122.2645721,30.2,2.95,0.48,1.41
1777967123.31793,30.2,2.95,0.48,1.41
1777967124.3977313,30.2,2.95,0.48,1.41
1777967125.469311,30.2,2.95,0.48,1.41
1777967126.4861789,30.2,2.95,0.48,1.42
1777967127.5036757,30.2,2.95,0.48,1.42
1777967128.5462754,30.2,2.94,0.48,1.42
1777967129.6795232,30.2,2.94,0.48,1.42
1777967130.6721318,30.2,2.94,0.48,1.42
1777967131.6686742,30.2,2.94,0.48,1.42
1777967132.7156985,30.2,2.94,0.48,1.42
1777967133.759616,30.2,2.94,0.48,1.42
1777967134.8304334,30.2,2.94,0.48,1.42
1777967135.8247068,30.2,2.94,0.48,1.42
1777967136.8052588,30.2,2.94,0.48,1.42
1777967137.7983768,30.2,2.94,0.48,1.42
1777967138.8732831,30.2,2.94,0.48,1.41
1777967139.901768,30.2,2.94,0.48,1.41
1777967140.9491127,30.2,2.94,0.48,1.41
1777967142.0050962,30.2,2.94,0.48,1.41
1777967143.0425994,30.2,2.94,0.48,1.41
1777967144.0820515,30.2,2.94,0.48,1.41
1777967145.1668231,30.2,2.94,0.48,1.41
1777967146.229401,30.2,2.94,0.47,1.41
1777967147.2876093,30.2,2.94,0.48,1.41
1777967148.3645637,30.2,2.94,0.48,1.41
1777967149.35131,30.2,2.95,0.48,1.41
1777967150.4303765,30.2,2.95,0.48,1.41
1777967151.4850419,30.2,2.95,0.48,1.41
1777967152.5599196,30.2,2.95,0.48,1.41
1777967153.603611,30.2,2.95,0.48,1.41
1777967154.6346734,30.2,2.95,0.48,1.41
1777967155.6658826,30.2,2.94,0.48,1.41
1777967156.7071269,30.2,2.95,0.47,1.41
1777967157.7816901,30.2,2.94,0.47,1.41
1777967158.82293,30.2,2.95,0.48,1.41
1777967159.8851645,30.2,2.95,0.48,1.41
1777967160.9899735,30.2,2.95,0.47,1.41
1777967162.0812848,30.2,2.94,0.48,1.4
1777967163.061063,30.2,2.94,0.47,1.4
1777967164.0680916,30.2,2.94,0.47,1.4
1777967165.0664756,30.2,2.94,0.47,1.4
1777967166.099231,30.2,2.94,0.47,1.4
1777967167.1449661,30.2,2.94,0.47,1.4
1777967168.211951,30.2,2.95,0.48,1.4
1777967169.293454,30.2,2.95,0.48,1.4
1777967170.3588352,30.2,2.95,0.47,1.4
1777967171.3546834,30.2,2.95,0.47,1.4
1777967172.4087284,30.2,2.95,0.47,1.4
1777967173.460204,30.2,2.95,0.47,1.4
1777967174.6486697,30.2,3.25,0.08,0.0
1777967175.7198248,30.2,3.33,0.04,0.0
1777967176.7710042,30.2,3.36,0.03,0.0
1777967177.8289387,30.2,3.42,0.02,0.0
1777967178.8889437,30.2,3.48,0.01,0.0
1777967179.935121,30.2,3.52,0.01,0.0
1777967181.0217333,30.2,3.54,0.0,0.0
1777967182.0749018,30.2,3.57,0.0,0.0
1777967183.1186702,30.2,3.6,0.0,0.0
1777967184.173606,30.2,3.63,0.0,0.0
1777967185.2035737,30.2,3.65,0.0,0.0
1777967186.2263622,30.2,3.66,0.0,0.0
1777967187.2472174,30.2,3.67,0.0,0.0
1777967188.2882936,30.2,3.69,0.0,0.0
1777967189.3375676,30.2,3.7,0.0,0.0
1777967190.3814669,30.2,3.71,0.0,0.0
1777967191.406788,30.2,3.72,0.0,0.0
1777967192.4499846,30.2,3.72,0.0,0.0
1777967193.5110908,30.2,3.73,0.0,0.0
1777967194.837106,30.2,2.97,0.45,1.28
1777967195.9057567,30.2,2.97,0.45,1.28
1777967196.9629958,30.2,2.97,0.45,1.29
1777967197.9784844,30.2,2.97,0.45,1.29
1777967199.0108101,30.2,2.97,0.45,1.29
1777967200.0745287,30.2,2.97,0.45,1.29
1777967201.1312382,30.2,2.96,0.45,1.3
1777967202.1460977,30.3,2.96,0.45,1.3
1777967203.1208346,30.3,2.96,0.45,1.3
1777967204.1491523,30.3,2.96,0.45,1.3
1777967205.192496,30.6,2.96,0.45,1.3
1777967206.2740347,30.6,2.96,0.45,1.31
1777967207.2955806,30.7,2.96,0.45,1.31
1777967208.372636,30.7,2.96,0.45,1.31
1777967209.4437773,30.8,2.96,0.45,1.31
1777967210.5122464,30.8,2.96,0.45,1.31
1777967211.5847158,30.8,2.96,0.45,1.31
1777967212.6697896,30.8,2.96,0.45,1.32
1777967213.7259612,30.8,2.96,0.45,1.32
1777967214.7955356,30.8,2.96,0.45,1.32
1777967215.8506734,30.8,2.95,0.45,1.32
1777967216.9231956,30.8,2.95,0.45,1.32
1777967217.9869974,30.8,2.95,0.45,1.32
1777967219.0654638,30.8,2.95,0.45,1.32
1777967220.1079507,30.8,2.95,0.45,1.33
1777967221.1372473,30.8,2.95,0.45,1.33
1777967222.1751733,30.8,2.95,0.45,1.33
1777967223.2321086,30.8,2.95,0.45,1.33
1777967224.2856305,30.8,2.95,0.45,1.33
1777967225.2806892,30.8,2.95,0.45,1.33
1777967226.3003488,30.8,2.95,0.45,1.33
1777967227.3354886,30.8,2.95,0.45,1.33
1777967228.3997202,30.8,2.95,0.45,1.33
1777967229.4472508,30.8,2.95,0.45,1.33
1777967230.5057175,30.8,2.95,0.45,1.33
1777967231.5660896,30.8,2.95,0.45,1.33
1777967232.5975337,30.8,2.95,0.45,1.33
1777967233.6626737,30.8,2.95,0.45,1.33
1777967234.71575,30.8,2.95,0.45,1.33
1777967235.7740867,30.8,2.95,0.45,1.33
1777967236.8344293,30.8,2.95,0.45,1.33
1777967237.9163501,30.8,2.95,0.45,1.33
1777967238.9680586,30.8,2.95,0.45,1.33
1777967240.0193734,30.8,2.95,0.45,1.33
1777967241.0931733,30.8,2.95,0.45,1.33
1777967242.1585944,30.8,2.95,0.45,1.33
1777967243.2163227,30.8,2.95,0.45,1.33
1777967244.2871826,30.8,2.95,0.45,1.33
1777967245.277809,30.8,2.95,0.45,1.33
1777967246.315073,30.8,2.95,0.46,1.33
1777967247.3532798,30.8,2.95,0.46,1.33
1777967248.4156756,30.8,2.95,0.46,1.33
1777967249.47697,30.8,2.95,0.45,1.33
1777967250.541269,30.8,2.95,0.45,1.33
1777967251.6141334,30.8,2.95,0.46,1.33
1777967252.6684265,30.8,2.95,0.46,1.34
1777967253.7343874,30.8,2.95,0.46,1.34
1777967254.7995422,30.8,2.95,0.46,1.34
1777967255.8801792,30.8,2.95,0.46,1.34
1777967256.9830368,30.8,2.95,0.46,1.34
1777967258.040643,30.8,2.94,0.46,1.34
1777967259.0907822,30.8,2.94,0.46,1.34
1777967260.146017,30.8,2.94,0.46,1.34
1777967261.1904466,30.8,2.94,0.46,1.34
1777967262.1954055,30.8,2.94,0.46,1.34
1777967263.218327,30.8,2.94,0.46,1.34
1777967264.2788935,30.8,2.94,0.46,1.34
1777967265.3386016,30.8,2.94,0.46,1.34
1777967266.410246,30.8,2.94,0.46,1.34
1777967267.487048,30.8,2.94,0.46,1.34
1777967268.5563388,30.8,2.94,0.46,1.34
1777967269.625941,30.8,2.94,0.46,1.34
1777967270.6955316,30.8,2.94,0.46,1.34
1777967271.7649918,30.8,2.93,0.46,1.34
1777967272.8379729,30.8,2.94,0.46,1.34
1777967273.8826947,30.8,2.94,0.46,1.34
1777967274.941693,30.8,2.94,0.46,1.34
1777967276.000017,30.8,2.94,0.46,1.34
1777967277.0558958,30.8,2.94,0.46,1.35
1777967278.091282,30.8,2.94,0.46,1.35
1777967279.1254349,30.8,2.94,0.46,1.35
1777967280.1670003,30.8,2.94,0.46,1.35
1777967281.20575,30.8,2.94,0.46,1.35
1777967282.2494211,30.8,2.94,0.46,1.34
1777967283.2364388,30.8,2.94,0.46,1.34
1777967284.315668,30.8,2.94,0.46,1.34
1777967285.381792,30.8,2.94,0.46,1.34
1777967286.4466548,30.8,2.94,0.46,1.34
1777967287.5419207,30.8,2.94,0.46,1.34
1777967288.6042054,30.8,2.94,0.45,1.34
1777967289.6867664,30.8,2.94,0.45,1.34
1777967290.9681077,30.2,3.28,0.06,0.0
1777967292.0430038,30.2,3.35,0.03,0.0
1777967293.090486,30.2,3.4,0.02,0.0
1777967294.1508524,30.2,3.45,0.01,0.0
1777967295.227489,30.2,3.49,0.01,0.0
1777967296.2964048,30.2,3.53,0.0,0.0
1777967297.3542788,30.2,3.53,0.21,1.32
1777967298.469399,30.2,3.59,0.07,0.0
1777967299.5304687,30.2,3.61,0.04,0.0
1777967300.6035457,30.2,3.63,0.02,0.0
1777967301.6226583,30.2,3.65,0.01,0.0
1777967302.664374,30.2,3.66,0.01,0.0
1777967303.7200224,30.2,3.66,0.01,0.0
1777967304.7536337,30.2,3.67,0.0,0.0
1777967305.8098912,30.2,3.68,0.0,0.0
1777967306.8481717,30.2,3.69,0.0,0.0
1777967307.9110856,30.2,3.69,0.0,0.0
1777967308.9641454,30.2,3.7,0.0,0.0
1777967310.0355735,30.2,3.7,0.0,0.0
1777967311.0943809,30.2,3.7,0.0,0.0
1777967312.1519613,30.2,3.7,0.0,0.0
1777967313.1909072,30.2,3.7,0.0,0.0
1777967314.2536032,30.2,3.71,0.0,0.0
1777967315.3161583,30.2,3.71,0.0,0.0
1777967316.3557212,30.2,3.71,0.0,0.0
1777967317.4091969,30.2,3.71,0.0,0.0
1777967318.46419,30.2,3.71,0.0,0.0
1777967319.5376623,30.2,3.71,0.0,0.0
1777967320.6006055,30.2,3.71,0.0,0.0
1777967321.659307,30.2,3.71,0.0,0.0
1777967322.7310874,30.2,3.72,0.0,0.0
1777967323.7926064,30.2,3.72,0.0,0.0
1777967324.8502102,30.2,3.72,0.0,0.0
1777967325.9380836,30.2,2.98,0.45,1.28
1777967327.033021,30.2,2.98,0.44,1.28
1777967328.092515,30.2,2.96,0.45,1.29
1777967329.1375685,30.2,2.96,0.45,1.29
1777967330.2016442,30.2,2.96,0.45,1.29
1777967331.2469003,30.2,2.96,0.45,1.29
1777967332.4034398,30.2,2.96,0.45,1.29
1777967333.474627,30.2,2.95,0.45,1.29
1777967334.546919,30.2,2.95,0.45,1.29
1777967335.5973117,30.2,2.95,0.45,1.29
1777967336.5955417,30.2,2.95,0.45,1.3
1777967337.641887,30.2,2.95,0.45,1.3
1777967338.70544,30.2,2.95,0.45,1.3
1777967339.7739656,30.2,2.95,0.45,1.3
1777967340.8819945,30.2,2.95,0.45,1.3
1777967342.00708,30.2,2.94,0.45,1.3
1777967343.0596719,30.2,2.94,0.45,1.3
1777967344.189444,30.2,2.94,0.45,1.3
1777967345.283764,30.2,2.94,0.45,1.3
1777967346.312849,30.2,2.94,0.45,1.3
1777967347.39629,30.2,2.94,0.45,1.31
1777967348.4324582,30.2,2.94,0.45,1.31
1777967349.4947062,30.2,2.94,0.45,1.31
1777967350.5429244,30.2,2.94,0.45,1.31
1777967351.5522764,30.2,2.94,0.45,1.31
1777967352.5384774,30.2,2.94,0.45,1.31
1777967353.5558627,30.2,2.93,0.45,1.31
1777967354.6184099,30.2,2.93,0.45,1.31
1777967355.6283505,30.2,2.93,0.45,1.31
1777967356.6561234,30.2,2.93,0.45,1.31
1777967357.7206662,30.2,2.93,0.45,1.31
1777967358.7856758,30.2,2.93,0.45,1.31
1777967359.8601382,30.2,2.93,0.45,1.31
1777967360.969358,30.2,2.93,0.45,1.31
1777967362.0221004,30.2,2.93,0.45,1.31
1777967363.0535798,30.2,2.93,0.45,1.31
1777967364.122228,30.2,2.93,0.45,1.31
1777967365.0995688,30.2,2.93,0.45,1.31
1777967366.1127462,30.2,2.93,0.45,1.31
1777967367.1552777,30.2,2.93,0.45,1.31
1777967368.1901643,30.2,2.93,0.45,1.31
1777967369.2245946,30.2,2.93,0.45,1.31
1777967370.2826166,30.2,2.93,0.45,1.31
1777967371.2486942,30.2,2.93,0.45,1.31
1777967372.271766,30.2,2.93,0.45,1.31
1777967373.3271346,30.2,2.93,0.44,1.31
1777967374.4040751,30.2,2.93,0.45,1.31
1777967375.4838355,30.2,2.93,0.45,1.31
1777967376.5425844,30.2,2.93,0.44,1.31
1777967377.6179018,30.2,2.93,0.44,1.31
1777967378.6727178,30.2,2.93,0.44,1.31
1777967379.7417705,30.2,2.93,0.44,1.31
1777967380.7850657,30.2,2.93,0.44,1.31
1777967381.8349128,30.2,2.93,0.44,1.31
1777967382.9036734,30.2,2.93,0.44,1.31
1777967383.963044,30.2,2.93,0.44,1.3
1777967385.0223963,30.2,2.93,0.44,1.3
1777967386.0802789,30.2,2.93,0.45,1.3
1777967387.1594484,30.2,2.93,0.45,1.3
1777967388.205227,30.2,2.93,0.45,1.3
1777967389.261878,30.2,2.93,0.45,1.3
1777967390.4116008,30.2,2.93,0.45,1.3
1777967391.4488902,30.2,2.93,0.45,1.31
1777967392.4929755,30.2,2.93,0.45,1.31
1777967393.5527709,30.2,2.93,0.45,1.31
1777967394.6049666,30.2,2.93,0.45,1.31
1777967395.6802807,30.2,2.93,0.45,1.31
1777967396.740032,30.2,2.92,0.45,1.31
1777967397.8170125,30.2,2.92,0.45,1.31
1777967398.881611,30.2,2.92,0.45,1.31
1777967399.9446955,30.2,2.92,0.45,1.31
1777967401.0225477,30.2,2.92,0.45,1.31
1777967402.0785763,30.2,2.92,0.45,1.31
1777967403.132062,30.2,2.92,0.45,1.31
1777967404.1910956,30.2,2.92,0.45,1.31
1777967405.2921438,30.2,2.92,0.45,1.31
1777967406.3559794,30.2,2.92,0.45,1.31
1777967407.4252896,30.2,2.92,0.45,1.31
1777967408.5467446,30.2,2.92,0.45,1.31
1777967409.5992067,30.2,2.92,0.45,1.31
1777967410.6404517,30.2,2.92,0.45,1.31
1777967411.7001998,30.2,2.92,0.45,1.31
1777967412.7567532,30.2,2.92,0.45,1.31
1777967413.8140647,30.2,2.92,0.45,1.31
1777967414.881419,30.2,2.92,0.45,1.31
1777967415.9168305,30.2,2.92,0.45,1.31
1777967416.9757555,30.2,2.92,0.45,1.31
1777967418.0342658,30.2,2.92,0.45,1.31
1777967419.09634,30.2,2.92,0.45,1.31
1777967420.1520967,30.2,2.92,0.45,1.31
1777967421.193663,30.2,2.92,0.45,1.31
1777967422.2640479,30.2,2.92,0.45,1.31
1777967423.326671,30.2,2.92,0.45,1.31
1777967424.3265536,30.2,2.92,0.45,1.31
1777967425.327209,30.2,2.92,0.45,1.31
1777967426.3988173,30.2,2.92,0.45,1.31
1777967427.510714,30.2,2.92,0.45,1.31
1777967428.5825655,30.2,2.92,0.45,1.31
1777967429.6406982,30.2,2.92,0.44,1.3
1777967430.7316947,30.2,2.92,0.44,1.3
1777967431.8050568,30.2,2.92,0.44,1.3
1777967432.878389,30.2,2.92,0.45,1.3
1777967433.9366193,30.2,2.92,0.45,1.3
1777967435.0196958,30.2,2.92,0.45,1.3
1777967436.0881302,30.2,2.92,0.45,1.3
1777967437.1471038,30.2,2.92,0.45,1.3
1777967438.1861663,30.2,2.91,0.44,1.3
1777967439.2421587,30.2,2.91,0.45,1.3
1777967440.2793436,30.2,2.91,0.45,1.3
1777967441.357575,30.2,2.91,0.45,1.3
1777967442.4234679,30.2,2.91,0.45,1.3
1777967443.4897006,30.2,2.91,0.44,1.3
1777967444.5475035,30.2,2.91,0.45,1.3
1777967445.6336973,30.2,2.91,0.45,1.3
1777967446.6976247,30.2,2.91,0.45,1.3
1777967447.7579057,30.2,2.91,0.45,1.3
1777967448.8185902,30.2,2.91,0.45,1.3
1777967449.9234965,30.2,2.91,0.44,1.3
1777967450.9981422,30.2,2.91,0.45,1.3
1777967452.0555148,30.2,2.91,0.45,1.3
1777967453.098766,30.2,2.91,0.45,1.3
1777967454.0995994,30.2,2.91,0.45,1.3
1777967455.1364408,30.2,2.91,0.45,1.3
1777967456.174747,30.2,2.91,0.45,1.3
1777967457.2194037,30.2,2.91,0.45,1.3
1777967458.2517955,30.2,2.91,0.45,1.3
1777967459.3034747,30.2,2.91,0.45,1.3
1777967460.3569546,30.2,2.91,0.45,1.3
1777967461.40967,30.2,2.91,0.45,1.3
1777967462.471734,30.2,2.91,0.45,1.3
1777967463.5350096,30.2,2.91,0.45,1.3
1777967464.5613859,30.2,2.91,0.45,1.3
1777967465.6519513,30.2,2.91,0.45,1.3
1777967466.721457,30.2,2.91,0.45,1.3
1777967467.781106,30.2,2.91,0.45,1.3
1777967468.8537023,30.2,2.91,0.45,1.3
1777967469.9099379,30.2,2.91,0.45,1.3
1777967470.9696083,30.2,2.91,0.45,1.3
1777967472.005854,30.2,2.91,0.45,1.3
1777967473.0713756,30.2,2.91,0.45,1.3
1777967474.115835,30.2,2.91,0.45,1.3
1777967475.167707,30.2,2.91,0.45,1.3
1777967476.221157,30.2,2.91,0.45,1.3
1777967477.27745,30.2,2.91,0.45,1.3
1777967478.3434715,30.2,2.91,0.45,1.3
1777967479.411424,30.2,2.91,0.45,1.3
1777967480.4566414,30.2,2.91,0.45,1.3
1777967481.422533,30.2,2.91,0.45,1.3
1777967482.3790715,30.2,2.91,0.45,1.3
1777967483.4046767,30.2,2.91,0.44,1.3
1777967484.4037776,30.2,2.91,0.44,1.3
1777967485.4437602,30.2,2.91,0.45,1.3
1777967486.454816,30.2,2.91,0.45,1.3
1777967487.472359,30.2,2.91,0.45,1.3
1777967488.6120489,30.2,2.91,0.45,1.3
1777967489.6256251,30.2,2.91,0.45,1.3
1777967490.655169,30.2,2.91,0.44,1.3
1777967491.7145684,30.2,2.91,0.44,1.3
1777967492.8450236,30.2,2.91,0.44,1.3
1777967493.9950845,30.2,2.91,0.44,1.3
1777967495.0596907,30.2,2.91,0.45,1.3
1777967496.04431,30.2,2.91,0.44,1.3
1777967497.1135755,30.2,2.91,0.45,1.3
1777967498.1224608,30.2,2.91,0.45,1.3
1777967499.0925584,30.2,2.91,0.45,1.3
1777967500.090088,30.2,2.91,0.45,1.3
1777967501.0540762,30.2,2.91,0.45,1.3
1777967502.072184,30.2,2.91,0.45,1.3
1777967503.062426,30.2,2.91,0.45,1.3
1777967504.051002,30.2,2.91,0.44,1.3
1777967505.431138,30.2,2.91,0.44,1.3
1777967506.6726089,30.0,2.91,0.45,1.3
1777967507.7690961,30.0,2.91,0.44,1.29
1777967508.8839073,29.8,2.9,0.44,1.29
1777967509.879483,29.8,2.9,0.45,1.29
1777967510.9025407,29.8,2.9,0.45,1.29
1777967511.8927078,29.8,2.9,0.45,1.29
1777967512.8728945,29.8,2.9,0.45,1.3
1777967513.9134426,29.8,2.9,0.45,1.3
1777967514.9271035,29.8,2.9,0.45,1.3
1777967515.921485,29.8,2.9,0.45,1.3
1777967516.9023886,29.8,2.9,0.45,1.3
1777967517.9088845,29.8,2.9,0.45,1.3
1777967518.9072623,29.8,2.9,0.45,1.3
1777967519.8981788,29.8,2.9,0.45,1.3
1777967520.9022863,29.8,2.9,0.45,1.3
1777967521.8781908,29.8,2.9,0.45,1.3
1777967522.869824,29.8,2.9,0.44,1.3
1777967523.8472242,29.8,2.9,0.44,1.3
1777967524.832219,29.8,2.9,0.44,1.29
1777967525.791322,29.8,2.9,0.44,1.29
1777967526.7796173,29.8,2.9,0.44,1.29
1777967527.757569,29.8,2.9,0.45,1.29
1777967528.7187638,29.8,2.9,0.45,1.29
1777967529.7029023,29.8,2.9,0.45,1.29
1777967530.6884615,29.8,2.9,0.45,1.29
1777967531.6599455,29.8,2.9,0.45,1.3
1777967532.6382005,29.8,2.9,0.45,1.3
1777967533.6252031,29.8,2.9,0.45,1.3
1777967534.6046898,29.8,2.9,0.45,1.3
1777967535.6039145,29.8,2.9,0.45,1.3
1777967536.5850182,29.8,2.9,0.45,1.3
1777967537.5587313,29.8,2.9,0.45,1.3
1777967538.5780644,29.8,2.9,0.45,1.3
1777967539.5618956,29.8,2.9,0.45,1.3
1777967540.5275733,29.8,2.9,0.45,1.3
1777967541.5292487,29.8,2.9,0.45,1.3
1777967542.5016556,29.8,2.9,0.45,1.3
1777967543.4882207,29.8,2.9,0.45,1.3
1777967544.481834,29.8,2.9,0.45,1.3
1777967545.4762185,29.8,2.9,0.45,1.3
1777967546.4704523,29.8,2.9,0.45,1.3
1777967547.463638,29.8,2.9,0.45,1.3
1777967548.4446473,29.8,2.9,0.45,1.3
1777967549.24214,29.8,2.9,0.45,1.3
1777967550.1025622,29.8,2.9,0.45,1.3
1777967551.0400245,29.8,2.9,0.45,1.3
1777967551.8184185,29.8,2.9,0.45,1.3
1777967552.5863795,29.8,2.9,0.45,1.3
1777967553.3583245,29.8,2.9,0.45,1.3
1777967554.179698,29.8,2.9,0.45,1.3
1777967555.2239497,29.8,2.9,0.45,1.3
1777967556.299975,29.8,2.9,0.45,1.3
1777967557.359725,29.8,2.89,0.45,1.3
1777967558.3768973,29.8,2.89,0.45,1.3
1777967559.3932295,29.8,2.89,0.45,1.3
1777967560.4330688,29.8,2.89,0.45,1.3
1777967561.4698055,29.8,2.89,0.45,1.3
1777967562.5699623,29.8,2.89,0.45,1.3
1777967563.622836,29.8,2.89,0.46,1.3
1777967564.668192,29.8,2.89,0.46,1.3
1777967565.8068433,29.8,2.89,0.45,1.3
1777967566.8609884,29.8,2.89,0.45,1.3
1777967567.9014292,29.8,2.89,0.45,1.3
1777967568.977963,29.8,2.89,0.45,1.3
1777967570.0212018,29.8,2.89,0.45,1.3
1777967571.3805609,29.8,2.89,0.45,1.3
1777967572.4942465,29.8,2.89,0.45,1.3
1777967573.5779655,29.8,2.89,0.45,1.3
1777967574.6850483,29.8,2.89,0.45,1.3
1777967575.8077598,29.8,2.89,0.45,1.3
1777967576.866362,29.8,2.89,0.45,1.3
1777967577.9090838,29.8,2.89,0.45,1.3
1777967579.1847878,29.8,2.89,0.45,1.3
1777967580.2504091,29.8,2.89,0.45,1.3
1777967581.3124928,29.8,2.89,0.45,1.3
1777967582.3310995,29.8,2.89,0.45,1.3
1777967583.3791049,29.8,2.89,0.45,1.3
1777967584.3744173,29.8,2.89,0.44,1.3
1777967585.3930328,29.8,2.89,0.45,1.3
1777967586.3821414,29.8,2.89,0.45,1.3
1777967587.3845878,29.8,2.89,0.45,1.3
1777967588.42016,29.8,2.89,0.45,1.3
1777967589.4019847,29.8,2.89,0.45,1.3
1777967590.4908502,29.8,2.89,0.45,1.3
1777967591.532915,29.8,2.89,0.45,1.3
1777967592.5729651,29.8,2.89,0.45,1.3
1777967593.615968,29.8,2.89,0.45,1.3
1777967594.6775925,29.8,2.89,0.45,1.3
1777967596.1268928,29.8,2.89,0.45,1.3
1777967597.2756686,29.8,2.89,0.45,1.3
1777967598.3611321,29.8,2.89,0.45,1.3
1777967599.4917061,29.8,2.89,0.45,1.3
1777967600.5853386,29.8,2.89,0.45,1.3
1777967601.681147,29.8,2.89,0.45,1.3
1777967602.709739,29.8,2.89,0.45,1.3
1777967603.693801,29.8,2.89,0.45,1.3
1777967604.7425315,29.8,2.89,0.45,1.3
1777967605.7863767,29.8,2.89,0.45,1.3
1777967606.833028,29.8,2.89,0.45,1.3
1777967607.8813796,29.8,2.89,0.45,1.3
1777967608.9067776,29.8,2.89,0.45,1.3
1777967609.956355,29.8,2.89,0.45,1.3
1777967611.0090775,29.8,2.89,0.45,1.3
1777967612.0749092,29.8,2.89,0.45,1.3
1777967613.1434274,29.8,2.89,0.45,1.3
1777967614.1095574,29.8,2.89,0.45,1.3
1777967615.0987253,29.8,2.88,0.45,1.3
1777967616.0995853,29.8,2.88,0.45,1.3
1777967617.0889685,29.8,2.88,0.45,1.3
1777967618.1266062,29.8,2.88,0.45,1.3
1777967619.1943293,29.8,2.88,0.45,1.3
1777967620.2248185,29.8,2.88,0.45,1.3
1777967621.2644622,29.8,2.88,0.45,1.3
1777967622.3196914,29.8,2.88,0.45,1.3
1777967623.3709502,29.8,2.88,0.45,1.3
1777967624.4308069,29.8,2.88,0.45,1.3
1777967625.505027,29.8,2.88,0.45,1.3
1777967626.575684,29.8,2.88,0.45,1.3
1777967627.6606433,29.8,2.88,0.45,1.3
1777967628.6910157,29.8,2.88,0.45,1.3
1777967629.7295458,29.8,2.88,0.45,1.3
1777967630.7982736,29.8,2.88,0.45,1.3
1777967631.862417,29.8,2.88,0.45,1.3
1777967632.9641116,29.8,2.88,0.45,1.3
1777967633.9864357,29.8,2.88,0.45,1.3
1777967634.9964485,29.8,2.88,0.45,1.3
1777967635.9684854,29.8,2.88,0.45,1.3
1777967636.963989,29.8,2.88,0.45,1.3
1777967637.9991114,29.8,2.88,0.45,1.3
1777967639.0613897,29.8,2.88,0.45,1.3
1777967640.1382596,29.8,2.88,0.45,1.3
1777967641.1549802,29.8,2.88,0.45,1.3
1777967642.1462708,29.8,2.88,0.45,1.3
1777967643.1193168,29.8,2.88,0.45,1.3
1777967644.0829458,29.8,2.88,0.45,1.3
1777967645.112788,29.8,2.88,0.45,1.3
1777967646.1623797,29.8,2.88,0.45,1.3
1777967647.2093804,29.8,2.88,0.45,1.3
1777967648.2667859,29.8,2.88,0.45,1.3
1777967649.322781,29.8,2.88,0.45,1.3
1777967650.3810942,29.8,2.88,0.45,1.3
1777967651.4508204,29.8,2.88,0.44,1.3
1777967652.5405765,29.8,2.88,0.45,1.29
1777967653.5570135,29.8,2.88,0.45,1.29
1777967654.586552,29.8,2.88,0.45,1.29
1777967655.6636643,29.8,2.88,0.45,1.29
1777967656.73737,29.8,2.88,0.45,1.29
1777967657.8095605,29.8,2.88,0.45,1.29
1777967658.8713255,29.8,2.88,0.45,1.29
1777967659.9315512,29.8,2.88,0.45,1.29
1777967660.9860175,29.8,2.88,0.45,1.29
1777967662.028898,29.8,2.88,0.45,1.29
1777967663.0583682,29.8,2.88,0.45,1.29
1777967664.096287,29.8,2.88,0.45,1.29
1777967665.1485047,29.8,2.88,0.45,1.29
1777967666.1829436,29.8,2.88,0.45,1.29
1777967667.2085106,29.8,2.88,0.45,1.29
1777967668.233433,29.8,2.88,0.44,1.29
1777967669.294205,29.8,2.88,0.45,1.29
1777967670.3667138,29.8,2.88,0.45,1.29
1777967671.4457948,29.8,2.88,0.44,1.29
1777967672.5212562,29.8,2.88,0.44,1.29
1777967673.5929985,29.8,2.88,0.45,1.29
1777967674.671722,29.8,2.88,0.45,1.29
1777967675.68733,29.8,2.88,0.45,1.29
1777967676.7180908,29.8,2.88,0.45,1.29
1777967677.7796311,29.8,2.88,0.45,1.29
1777967678.8622317,29.8,2.88,0.44,1.29
1777967679.918427,29.8,2.88,0.44,1.29
1777967680.981696,29.8,2.88,0.44,1.29
1777967682.0194757,29.8,2.88,0.44,1.29
1777967683.0464203,29.8,2.88,0.44,1.29
1777967684.079077,29.8,2.88,0.44,1.29
1777967685.1162224,29.8,2.88,0.44,1.28
1777967686.1737964,29.8,2.88,0.44,1.28
1777967687.1944795,29.8,2.88,0.44,1.28
1777967688.2583842,29.8,2.88,0.45,1.28
1777967689.3025222,29.8,2.88,0.45,1.28
1777967690.3526964,29.8,2.88,0.45,1.28
1777967691.3873608,29.8,2.88,0.45,1.28
1777967692.463313,29.8,2.88,0.45,1.28
1777967693.53529,29.8,2.88,0.45,1.28
1777967694.6107092,29.8,2.88,0.45,1.28
1777967695.686251,29.8,2.88,0.45,1.28
1777967696.763122,29.8,2.88,0.45,1.28
1777967697.8220716,29.8,2.88,0.44,1.28
1777967698.8882575,29.8,2.88,0.45,1.28
1777967700.050483,29.8,2.88,0.45,1.28
1777967701.10899,29.8,2.87,0.45,1.28
1777967702.1754513,29.8,2.87,0.45,1.28
1777967703.2365172,29.8,2.87,0.45,1.28
1777967704.2998013,29.8,2.87,0.45,1.28
1777967705.3434913,29.8,2.87,0.45,1.28
1777967706.3872497,29.8,2.87,0.44,1.28
1777967707.442041,29.8,2.87,0.45,1.28
1777967708.4907506,29.8,2.87,0.45,1.28
1777967709.5511532,29.7,2.87,0.45,1.28
1777967710.6197832,29.7,2.87,0.45,1.28
1777967711.6617281,29.7,2.87,0.45,1.28
1777967712.7224522,29.7,2.87,0.45,1.28
1777967713.7884383,29.7,2.87,0.45,1.28
1777967714.8413062,29.7,2.87,0.45,1.28
1777967715.9007845,29.7,2.87,0.45,1.28
1777967716.9743664,29.7,2.87,0.45,1.28
1777967718.0318177,29.6,2.87,0.45,1.28
1777967719.0371275,29.6,2.87,0.45,1.28
1777967720.0573068,29.6,2.87,0.45,1.29
1777967721.1201344,29.6,2.87,0.45,1.28
1777967722.1622798,29.5,2.87,0.45,1.28
1777967723.2156372,29.5,2.87,0.45,1.28
1777967724.236753,29.5,2.87,0.45,1.28
1777967725.2870047,29.5,2.87,0.45,1.28
1777967726.3526113,29.4,2.87,0.45,1.28
1777967727.4039137,29.4,2.87,0.45,1.28
1777967728.4749959,29.4,2.87,0.45,1.28
1777967729.5763423,29.4,2.87,0.45,1.28
1777967730.6790226,29.3,2.87,0.45,1.28
1777967731.7231743,29.3,2.87,0.45,1.29
1777967732.7311103,29.3,2.87,0.45,1.29
1777967733.85248,29.3,2.87,0.45,1.28
1777967734.9887254,29.3,2.87,0.45,1.29
1777967736.161926,29.3,2.87,0.45,1.28
1777967737.0744479,29.3,2.87,0.45,1.28
1777967738.0742197,29.3,2.87,0.45,1.28
1777967739.0629227,29.3,2.87,0.45,1.28
1777967740.090999,29.3,2.87,0.44,1.28
1777967741.2073646,29.3,2.87,0.45,1.28
1777967742.2681725,29.3,2.87,0.45,1.28
1777967743.3706346,29.3,2.87,0.44,1.28
1777967744.446973,29.3,2.87,0.45,1.28
1777967745.4483886,29.3,2.87,0.45,1.28
1777967746.4811294,29.3,2.87,0.45,1.28
1777967747.5462835,29.3,2.87,0.45,1.28
1777967748.5218468,29.3,2.87,0.45,1.28
1777967749.563655,29.3,2.87,0.45,1.28
1777967750.6284506,29.3,2.87,0.45,1.28
1777967751.690925,29.3,2.87,0.45,1.28
1777967752.7692163,29.3,2.87,0.45,1.28
1777967753.8480573,29.3,2.87,0.45,1.28
1777967754.9506786,29.3,2.86,0.45,1.28
1777967755.9659274,29.3,2.87,0.44,1.28
1777967756.9876494,29.3,2.87,0.45,1.28
1777967758.0096014,29.3,2.87,0.45,1.28
1777967759.0279844,29.3,2.87,0.45,1.28
1777967760.0726447,29.3,2.87,0.44,1.28
1777967761.0460374,29.3,2.87,0.45,1.28
1777967762.080714,29.3,2.86,0.45,1.28
1777967763.120211,29.3,2.87,0.45,1.28
1777967764.200606,29.3,2.87,0.44,1.28
1777967765.2754376,29.3,2.87,0.44,1.28
1777967766.3904583,29.3,2.87,0.44,1.28
1777967767.4214733,29.3,2.87,0.44,1.28
1777967768.4709249,29.3,2.87,0.44,1.28
1777967769.5319803,29.3,2.87,0.44,1.28
1777967770.591555,29.3,2.87,0.44,1.28
1777967771.6691802,29.3,2.87,0.44,1.28
1777967772.731656,29.3,2.87,0.44,1.28
1777967773.8052788,29.3,2.87,0.44,1.28
1777967774.869152,29.3,2.87,0.44,1.28
1777967775.9328036,29.3,2.87,0.44,1.27
1777967776.9999187,29.3,2.87,0.44,1.27
1777967778.0574143,29.3,2.87,0.44,1.27
1777967779.091275,29.3,2.87,0.44,1.27
1777967780.1502192,29.3,2.87,0.44,1.27
1777967781.212973,29.3,2.87,0.44,1.27
1777967782.2663937,29.3,2.87,0.44,1.27
1777967783.3162727,29.3,2.87,0.44,1.27
1777967784.4032528,29.3,2.87,0.44,1.27
1777967785.4427128,29.3,2.87,0.44,1.27
1777967786.5573678,29.3,2.87,0.44,1.27
1777967787.6478763,29.3,2.87,0.44,1.27
1777967788.698235,29.3,2.87,0.44,1.27
1777967789.753255,29.3,2.87,0.43,1.27
1777967790.8145502,29.3,2.87,0.44,1.27
1777967791.877515,29.3,2.87,0.44,1.27
1777967792.9505088,29.3,2.87,0.44,1.26
1777967794.0169342,29.3,2.87,0.43,1.26
1777967795.0957553,29.3,2.87,0.44,1.26
1777967796.141216,29.3,2.87,0.44,1.26
1777967797.1857643,29.3,2.87,0.44,1.26
1777967798.2260687,29.3,2.87,0.44,1.26
1777967799.274649,29.3,2.87,0.44,1.26
1777967800.3162048,29.3,2.87,0.44,1.26
1777967801.3739057,29.3,2.87,0.44,1.26
1777967802.4223313,29.3,2.87,0.44,1.26
1777967803.4866557,29.3,2.87,0.44,1.26
1777967804.5653,29.3,2.87,0.44,1.26
1777967805.628483,29.3,2.87,0.44,1.26
1777967806.6802757,29.3,2.87,0.44,1.26
1777967807.7576501,29.3,2.87,0.44,1.26
1777967808.8830707,29.3,2.87,0.44,1.26
1777967810.0802531,29.3,2.86,0.44,1.26
1777967811.0689647,29.3,2.86,0.44,1.26
1777967812.08993,29.3,2.86,0.44,1.26
1777967813.082204,29.3,2.87,0.43,1.26
1777967814.0749128,29.3,2.87,0.43,1.26
1777967815.039965,29.3,2.88,0.42,1.26
1777967816.089696,29.3,2.88,0.42,1.26
1777967817.1555862,29.3,2.88,0.42,1.26
1777967818.1919458,29.3,2.88,0.42,1.25
1777967819.204378,29.3,2.88,0.42,1.25
1777967820.180906,29.3,2.88,0.42,1.25
1777967821.2332754,29.3,2.88,0.42,1.25
1777967822.3147945,29.3,2.88,0.41,1.25
1777967823.347428,29.3,2.88,0.41,1.24
1777967824.391782,29.3,2.88,0.41,1.24
1777967825.4523036,29.3,2.88,0.42,1.24
1777967826.4626336,29.3,2.88,0.42,1.24
1777967827.5434089,29.3,2.89,0.42,1.24
1777967828.676396,29.3,2.89,0.42,1.23
1777967830.1722615,29.3,2.89,0.42,1.23
1777967831.3232892,29.3,2.89,0.42,1.23
1777967832.461083,29.3,2.89,0.42,1.23
1777967833.472239,29.3,2.89,0.41,1.23
1777967834.608445,29.3,2.89,0.42,1.23
1777967835.7503538,29.3,2.89,0.41,1.23
1777967836.750336,29.3,2.89,0.41,1.23
1777967837.7812543,29.3,2.89,0.42,1.22
1777967838.8342066,29.3,2.89,0.42,1.22
1777967839.9294772,29.3,2.89,0.42,1.22
1777967840.967264,29.3,2.89,0.42,1.22
1777967841.9539452,29.3,2.89,0.42,1.22
1777967842.986802,29.3,2.89,0.42,1.22
1777967844.0714421,29.3,2.89,0.42,1.22
1777967845.250049,29.3,2.89,0.41,1.22
1777967846.3337326,29.3,2.89,0.42,1.22
1777967847.4256122,29.3,2.89,0.42,1.22
1777967848.5660467,29.3,2.89,0.42,1.22
1777967849.6051016,29.3,2.89,0.42,1.22
1777967850.574393,29.3,2.89,0.41,1.22
1777967851.573143,29.3,2.89,0.41,1.22
1777967852.7504137,29.3,2.89,0.41,1.21
1777967853.749124,29.3,2.95,0.31,1.22
1777967854.7812421,29.3,3.0,0.23,1.22
1777967855.8572776,29.3,3.05,0.17,1.2
1777967856.8600035,29.3,3.1,0.13,1.18
1777967857.8988256,29.3,3.14,0.1,0.0
1777967858.969551,29.3,3.18,0.07,0.0
1777967860.100037,29.3,3.21,0.06,0.0
1777967861.1300197,29.3,3.25,0.04,0.0
1777967862.1283877,29.3,3.28,0.03,0.0
1777967863.2468126,29.3,3.3,0.02,0.0
1777967864.2754927,29.3,3.33,0.02,0.0
1777967865.3188498,0.0,3.35,0.01,0.0
1777967866.3879828,0.0,3.35,0.04,0.0
1777967867.4905496,0.0,3.37,0.03,0.0
1777967868.512386,0.0,3.38,0.02,0.0
1777967869.527325,0.0,3.4,0.02,0.0
1777967870.657404,0.0,3.39,0.01,0.0
1777967871.6814923,0.0,3.39,0.01,0.0
1777967872.732141,0.0,3.36,0.01,0.0
1777967873.815752,29.3,3.38,0.01,0.0
1777967874.788299,29.3,3.4,0.0,0.0
1777967875.8160324,29.3,3.42,0.0,0.0
1777967876.8021066,29.3,3.43,0.0,0.0
1777967877.7696805,29.3,3.45,0.0,0.0
1777967878.752646,29.3,3.47,0.0,0.0
1777967879.7573712,29.3,3.48,0.0,0.0
1777967880.737942,29.3,3.49,0.0,0.0
1777967881.8532043,29.3,3.49,0.0,0.0
1777967882.8659885,29.3,3.51,0.0,0.0
1777967883.9509628,29.3,3.52,0.0,0.0
1777967885.0018682,29.3,3.53,0.0,0.0
1777967886.003601,29.3,3.54,0.0,0.0
1777967887.019896,29.3,3.56,0.0,0.0
1777967888.0023282,29.3,3.57,0.0,0.0
1777967889.1705785,29.3,3.58,0.0,0.0
1777967890.1632597,29.3,3.58,0.0,0.0
1777967891.164055,29.3,3.59,0.0,0.0
1777967892.1913826,29.3,3.59,0.0,0.0
1777967893.234763,29.3,3.59,0.0,0.0
1777967894.2802002,29.3,3.6,0.0,0.0
1777967895.3586612,29.3,3.6,0.0,0.0
1777967896.3944287,29.3,3.6,0.0,0.0
1777967897.48014,29.3,3.6,0.0,0.0
1777967898.5936568,29.3,3.6,0.0,0.0
1777967899.925754,29.3,3.61,0.0,0.0
1777967901.036039,29.3,3.61,0.0,0.0
1777967902.1588178,29.3,3.61,0.0,0.0
1777967903.166635,29.3,3.61,0.0,0.0
1777967904.2095313,29.3,3.61,0.0,0.0
1777967905.215343,29.3,3.61,0.0,0.0
1777967906.2241707,29.3,3.61,0.0,0.0
1777967907.3177848,29.3,3.61,0.0,0.0
1777967908.3579435,29.3,3.61,0.0,0.0
1777967909.47014,29.3,3.61,0.0,0.0
1777967910.4928663,29.3,3.61,0.0,0.0
1777967911.519263,29.3,3.61,0.0,0.0
1777967912.5440507,29.3,3.61,0.0,0.0
1777967913.677444,29.3,3.62,0.0,0.0
1777967914.7382085,29.3,3.62,0.0,0.0
1777967915.8017244,29.3,3.63,0.0,0.0
1777967916.832059,29.3,3.64,0.0,0.0
1777967917.8370504,29.3,3.64,0.0,0.0
1777967918.8980684,29.3,3.64,0.0,0.0
1777967919.940812,29.3,3.64,0.0,0.0
1777967920.9759176,29.3,3.64,0.0,0.0
1777967922.0060153,29.3,3.64,0.0,0.0
1777967923.07199,29.3,3.64,0.0,0.0
1777967924.1260178,29.3,3.64,0.0,0.0
1777967925.1762888,29.3,3.64,0.0,0.0
1777967926.178884,29.3,3.63,0.0,0.0
1777967927.2002149,29.3,3.63,0.0,0.0
1777967928.1812441,29.3,3.62,0.0,0.0
1777967929.204064,29.3,3.62,0.0,0.0
1777967930.2348852,29.3,3.61,0.0,0.0
1777967931.276097,29.3,3.61,0.0,0.0
1777967932.2605364,29.3,3.61,0.0,0.0
1777967934.2997017,29.3,3.61,0.0,0.0
1777967936.256837,29.3,3.61,0.0,0.0
1777967938.3035681,29.3,3.61,0.0,0.0
1777967940.7729757,29.3,3.61,0.0,0.0
1777967942.7860723,29.3,3.61,0.0,0.0
1777967944.764784,29.3,3.61,0.0,0.0
1777967946.8114796,29.3,3.61,0.0,0.0
1777967948.9117987,29.3,3.61,0.0,0.0
1777967951.018528,29.3,3.61,0.0,0.0
1777967953.21636,29.3,3.61,0.0,0.0
1777967955.2390032,29.3,3.61,0.0,0.0
1777967957.2946641,29.3,3.61,0.0,0.0
1777967959.31984,29.3,3.61,0.0,0.0
1777967961.2822099,29.3,3.61,0.0,0.0
1777967963.3220618,29.3,3.61,0.0,0.0
1777968678.8832235,29.3,3.61,0.0,0.0
1777983116.238591,29.3,3.61,0.0,0.0
1777983118.4597955,29.3,3.61,0.0,0.0
